1~2016~6~history-06-t1-l01-ep01~1~1~1~ඉතිහාසය හැඳින්වීම~ඉතිහාසය යනු කුමක් ද? ඉතිහාසය ඉගෙන ගන්නේ කෙසේද?~මෙම ඒකකයෙන් ඉතිහාසය යනු කුමක් ද යන්නත්, ඉතිහාසය ඉගෙන ගන්නේ කෙසේ ද යන්නත්, සාහිත්‍ය මූලාශ‍්‍රය හා පුරාවිද්‍යාත්මක මූලාශ‍්‍රය පිළිබඳවත් සාකච්ඡා කෙරෙයි.~1:00:00~1~~~ඉතිහාසය යනු කුමක් ද?~~අවුරුදු මිලියන හාරදහස් පන්සිය හතළිහකට පෙර කාලයයි~0
~~~~~~~~~~~~~~~~අතීතයේ සිට වර්තමානය දක්වා මිනිසාගේ කතන්දරයයි.~1
~~~~~~~~~~~~~~~~ජීවන අවශ්‍යතා ඉටුකර ගැනීම අනුව මිනිසාගේ විකාශනය වීමයි~0
~~~~~~~~~~~~~~~~අවුරුදු මිලියන එක්දහස් පන්සිය හතළිහකට පෙර කාලයයි~0
~~~~~~~~~~~2~~~මූලාශ‍්‍රය යනු මොනවා ද?~~අවුරුදු මිලියන හාරදහස් පන්සිය හතළිහකට පෙර කාලයයි                         ~0
~~~~~~~~~~~~~~~~අතීතයේ සිට වර්තමානය දක්වා මිනිසාගේ කතන්දරයයි.~0
~~~~~~~~~~~~~~~~ජීවන අවශ්‍යතා ඉටුකර ගැනීම අනුව මිනිසාගේ විකාශනය වීමයි~0
~~~~~~~~~~~~~~~~අතීත කාලවලදී මිනිසා විසින් කළ දෑ පිළිබඳ ව දැනගැනීමට ඉවහල් වන සාක්‍ෂි ඇතුළත් දේ~1
~~~~~~~~~~~3~~~ඉතිහාසය ඉගෙනීමට ප‍්‍රයෝජනවත් වන මූලාශ‍්‍ර දෙවර්ගය ~~සාහිත්‍ය මූලාශ‍්‍රය සහ පුරාවිද්‍යාත්මක මූලාශ‍්‍රය~1
~~~~~~~~~~~~~~~~අතීතය සහ වර්තමානය~0
~~~~~~~~~~~~~~~~ක‍්‍රිස්තු වර්ෂ සහ ක‍්‍රිස්තු පූර්ව~0
~~~~~~~~~~~~~~~~ද්‍රව්‍ය හා මෙවලම්~0
~~~~~~~~~~~4~~~සාහිත්‍ය මූලාශ‍්‍රය යනු මොනවා ද? ~~පැරණි කාලයේ ලියා ඇති නොයෙකුත් ලිපි, ලේඛන, ජනකථා හා ජනකවි~1
~~~~~~~~~~~~~~~~අතීතය සහ වර්තමානය~0
~~~~~~~~~~~~~~~~ක‍්‍රිස්තු වර්ෂ සහ ක‍්‍රිස්තු පූර්ව~0
~~~~~~~~~~~~~~~~ද්‍රව්‍ය හා මෙවලම්~0
~~~~~~~~~~~5~~~පුරාවිද්‍යාත්මක මූලාශ‍්‍රය යනු මොනවා ද? ~~පැරණි කාලයේ ලියා ඇති නොයෙකුත් ලිපි, ලේඛන, ජනකථා හා ජනකවි ~0
~~~~~~~~~~~~~~~~අතීතය සහ වර්තමානය~0
~~~~~~~~~~~~~~~~ක‍්‍රිස්තු වර්ෂ සහ ක‍්‍රිස්තු පූර්ව~0
~~~~~~~~~~~~~~~~පුරාණ කාලයේ මිනිසුන් භාවිතා කළ ද්‍රව්‍ය හා මෙවලම්, පැරණි ගොඩනැගිලි, පිලිම, කාසි, මැටි භාජන ආදී දේ~1
2~2016~6~history-06-t1-l01-ep02~2~1~1~ඉතිහාසය හැඳින්වීම~ඉතිහාසය ඉගෙන ගැනීමේ ප‍්‍රයෝජන /ඉතිහාස කාලය මැන ගන්නේ කෙසේ ද?~මෙම ඒකකයෙන් ඉතිහාසය ඉගෙන ගැනීමේ ප‍්‍රයෝජන පිළිබඳවත්  ඉතිහාස කාලය මැන ගැනීමේදී භාවිත වන වර්ෂ ක‍්‍රම(ක‍්‍රිස්තු වර්ෂ,බුද්ධ වර්ෂ,ශත වර්ෂ,හජ්රි වර්ෂ) පිළිබදවත්  සාකච්ඡා කෙරෙයි.~1:00:00~6~~~මහම්මත්තුමා මක්කම සිට මදීනා නගරයට පැමිණි වර්ෂය නම් කරන්න.~~ක‍්‍රිස්තු වර්ෂ 623~0
~~~~~~~~~~~~~~~~ක‍්‍රිස්තු වර්ෂ 622~1
~~~~~~~~~~~~~~~~ක‍්‍රිස්තු ර්වෂ 624~0
~~~~~~~~~~~~~~~~ක‍්‍රිස්තු වර්ෂ 625~0
~~~~~~~~~~~7~~~හින්දු දින දර්ශනයට අනුව ශත වර්ෂවල ආරම්භය සිදුවන වර්ෂය නම් කරන්න.~~ක‍්‍රිස්තු වර්ෂ 18~0
~~~~~~~~~~~~~~~~ක‍්‍රිස්තු වර්ෂ 78~1
~~~~~~~~~~~~~~~~ක‍්‍රිස්තු වර්ෂ 88~0
~~~~~~~~~~~~~~~~ක‍්‍රිස්තු වර්ෂ 98~0
~~~~~~~~~~~8~~~ක‍්‍රිස්තුන් වහන්සේගේ උත්පත්තියෙන් පසු කාලය හැඳින්වෙන්නේ කුමන නමින් ද?~~ක‍්‍රිස්තු වර්ෂ යන නමිනි.~1
~~~~~~~~~~~~~~~~ශක වර්ෂ යන නමිනි.~0
~~~~~~~~~~~~~~~~ක‍්‍රිස්තු පූර්ව යන නමිනි.~0
~~~~~~~~~~~~~~~~බුද්ධ වර්ෂ යන නමිනි.~0
~~~~~~~~~~~9~~~මිහිදු මහරහතන් වහන්සේ මෙරටට වැඩම කරන ලද වර්ෂය නම් කරන්න.~~ක‍්‍රිස්තු වර්ෂ 18~0
~~~~~~~~~~~~~~~~ක‍්‍රිස්තු වර්ෂ 78~0
~~~~~~~~~~~~~~~~ක‍්‍රිස්තු වර්ෂ 88~0
~~~~~~~~~~~~~~~~ක‍්‍රිස්තු පූර්ව 250~1
~~~~~~~~~~~10~~~පුරාවිද්‍යාත්මක කැණීම යනු කුමක් ද?~~පැරණි කාලයේ ලියා ඇති නොයෙකුත් ලිපි, ලේඛන, ජනකථා හා ජනකවි ~0
~~~~~~~~~~~~~~~~අතීතය සහ වර්තමානය~0
~~~~~~~~~~~~~~~~ක‍්‍රමානුකූලව පොළොව හාරා බැලීමෙන් අතීත කාලය මැන ගැනීමයි.~1
~~~~~~~~~~~~~~~~පුරාණ කාලයේ මිනිසුන් භාවිතා කළ ද්‍රව්‍ය හා මෙවලම්, පැරණි ගොඩනැගිලි, පිලිම, කාසි, මැටි භාජන ආදී දේ~0
3~2016~6~history-06-t1-l01-ep03~3~1~2~Questions & answers~පුනරීක්ෂණ ~මෙම පුනරීක්ෂණය මගින් ඉතිහාසය හැඳින්වීම පාඩම තවදුරටත් ආවරණය කෙරේ.~1:00:00~11~~~ඉතිහාසය ඉගෙන ගැනීමට උපයෝගී වන දේ හඳුන්වන්නේ කුමන නමින් ද?~~ක‍්‍රිස්තු වර්ෂ යන නමිනි.~0
~~~~~~~~~~~~~~~~ශක වර්ෂ යන නමිනි.~0
~~~~~~~~~~~~~~~~ක‍්‍රිස්තු පූර්ව යන නමිනි.~0
~~~~~~~~~~~~~~~~මූලාශ‍්‍රය නමිනි.~1
~~~~~~~~~~~12~~~මහාවංසයෙහි කතුවරයාගේ නම කුමක් ද?~~මහානාම හිමි.~1
~~~~~~~~~~~~~~~~පළමුවන පරාක‍්‍රමබාහු රජතුමා~0
~~~~~~~~~~~~~~~~ගෞතමීපුත‍්‍ර සාතකර්ණී  රජු~0
~~~~~~~~~~~~~~~~ධර්මසේන හිමි.~0
~~~~~~~~~~~13~~~පොළොන්නරුවේ ගල්විහාරය ඉදි කළේ කුමන රජතුමා ද?~~මහානාම හිමි~0
~~~~~~~~~~~~~~~~පළමුවන පරාක‍්‍රමබාහු රජතුමා~1
~~~~~~~~~~~~~~~~ගෞතමීපුත‍්‍ර සාතකර්ණී රජු~0
~~~~~~~~~~~~~~~~ධර්මසේන හිමි~0
~~~~~~~~~~~14~~~ශත වර්ෂ ක‍්‍රමය ආරම්භ කළේ කුමන රජතුමා ද?~~මහානාම හිමි~0
~~~~~~~~~~~~~~~~පළමුවන පරාක‍්‍රමබාහු රජතුමා~0
~~~~~~~~~~~~~~~~ගෞතමීපුත‍්‍ර සාතකර්ණී රජු~1
~~~~~~~~~~~~~~~~ධර්මසේන හිමි~0
~~~~~~~~~~~15~~~ඉතිහාසයට අයත් කාල මැනීමට සුලභව භාවිතවන ක‍්‍රම දෙකක් ලියන්න.~~පැරණි කාලයේ ලියා ඇති නොයෙකුත් ලිපි, ලේඛන, ජනකථා හා ජනකවි~0
~~~~~~~~~~~~~~~~අතීතය සහ වර්තමානය~0
~~~~~~~~~~~~~~~~ක‍්‍රිස්තු වර්ෂ සහ ක‍්‍රිස්තු පූර්ව~1
~~~~~~~~~~~~~~~~ද්‍රව්‍ය හා මෙවලම්~0
4~2016~6~history-06-t1-l02-ep04~4~1~2~ආදි මිනිසා~මිනිසා බිහි වූ පරිසරය~මෙම ඒකකයෙන් පෘථිවිය නිර්මාණය  වූ ආකාරය හා පෘථිවියෙහි ජීවීන් බිහිවූ ආකාරය පිළිබඳ සාකච්ඡා කෙරෙයි.~1:00:00~16~~~පෘථිවිය සෑදී තිබෙන්නේ ආසන්න වශයෙන් මීට අවුරුදු කීයකට පෙර ද?~~අවුරුදු මිලියන හාරදහස් පන්සිය හතළිහකට පෙර~1
~~~~~~~~~~~~~~~~අවුරුදු මිලියන පන්දහස් පන්සිය හතළිහකට පෙර~0
~~~~~~~~~~~~~~~~අවුරුදු මිලියන දෙදහස් පන්සිය හතළිහකට පෙර~0
~~~~~~~~~~~~~~~~අවුරුදු මිලියන එක්දහස් පන්සිය හතළිහකට පෙර~0
~~~~~~~~~~~17~~~පෘථිවිය සෑදී ඇත්තේ දූවිලි වලාවකිනි. එවැනි  දූවිලි වලාවක් හඳුන්වන්නේ,~~විශ්වය නමිනි~0
~~~~~~~~~~~~~~~~උල්කාපාතයක් නමිනි~0
~~~~~~~~~~~~~~~~ක්ෂීරපථය නමිනි~0
~~~~~~~~~~~~~~~~නිහාරිකාවක් නමිනි~1
~~~~~~~~~~~18~~~ලෝකයේ මුල් ම ජීවීන් බිහි වූයේ කොහේ ද?~~ජලයේ ය.~1
~~~~~~~~~~~~~~~~උල්කාපාතයක ය. ~0
~~~~~~~~~~~~~~~~ගොඩබිම ය~0
~~~~~~~~~~~~~~~~අහසේ ය.~0
~~~~~~~~~~~19~~~ප‍්‍රථම වරට ලෝකයේ ඇති වූයේ ඉතාමත් කුඩා බැක්ටීරියාවෙකි. එම බැක්ටීරියාවේ නම කුමක් ද?~~ප්‍රොකායෝට්~1
~~~~~~~~~~~~~~~~කොකසොයිඩි ~0
~~~~~~~~~~~~~~~~නීග්‍රොයිඩි~0
~~~~~~~~~~~~~~~~ඔස්ට‍්‍රලොයිඞ්~0
~~~~~~~~~~~20~~~ශාක වර්ග මුලින් ම ගොඩබිම පැතිරි ගිය කාලය හඳුන්වන්නේ කුමන නමින් ද?~~මධ්‍ය ශිලා යුගය නමිනි~0
~~~~~~~~~~~~~~~~පැලියොසොයික යුගය නමිනි~1
~~~~~~~~~~~~~~~~නව ශිලා යුගය නමිනි~0
~~~~~~~~~~~~~~~~ගල් යුගය නමිනි~0
5~2016~6~history-06-t1-l02-ep05~5~1~2~ආදි මිනිසා~ආදි මිනිසාගේ විකාශනය~මෙම ඒකකයෙන් මහාහිම යුගය පිළිබදවත්, මානව පරිණාමය පිළිබදවත්, ඔස්ට්‍රොලෝපිතිකස් නම් වානර මානවයා පිළිබදවත් සාකච්ඡා කෙරෙයි.~1:00:00~21~~~මීට අවුරුදු දශලක්ෂ දෙකහමාරකට පමණ ඉහත දී පෘථිවියේ පැවතියේ අධික ශීතල දේශගුණයකි. ඒ කාලය හැඳින්වෙන්නේ කුමන නමින් ද?~~මධ්‍ය ශිලා යුගය නමිනි~0
~~~~~~~~~~~~~~~~මහා හිමයුගය නමිනි~1
~~~~~~~~~~~~~~~~නව ශිලා යුගය නමිනි~0
~~~~~~~~~~~~~~~~ගල් යුගය නමිනි~0
~~~~~~~~~~~22~~~වානර පවුලකින් මානව පරම්පරාවක් බිහි වීමට බල පෑ එක් ප‍්‍රධාන හේතුවක් නම් කරන්න~~මධ්‍ය ශිලා යුගයේ දී පැවති දේශගුණයයි~0
~~~~~~~~~~~~~~~~මහා හිම යුගයේ දී පැවති දේශගුණයයි~1
~~~~~~~~~~~~~~~~නව ශිලා යුගයේ දී පැවති දේශගුණයයි~0
~~~~~~~~~~~~~~~~ගල් යුගයේ දී පැවති දේශගුණයයි~0
~~~~~~~~~~~23~~~මිනිසෙකු වීමට නැඹුරුවක් ඇති කළ පැරණිතම වානරයා හැඳින්වෙන්නේ කුමන නමින් ද?~~හෝමෝසාපියන්  ය~0
~~~~~~~~~~~~~~~~හෝමෝ ඉරෙක්ටස් ය~0
~~~~~~~~~~~~~~~~හෝමෝ නියැන්ඩතාලෙසිස් ය~0
~~~~~~~~~~~~~~~~ඔස්ට‍්‍රලෝපිතිකස් ය~1
~~~~~~~~~~~24~~~ඔස්ට්‍රොලෝපිනිකස් නම් වානර මානවයාට සුවිශේෂ වූ හැකියාවක් නම් කරන්න~~එළවළු වර්ග පිස ආහාරයට ගැනීම~0
~~~~~~~~~~~~~~~~හැඟීම් ප‍්‍රකාශ කිරීමට සංගීතය සහ නැටුම් ද චිත‍්‍ර ඇඳීමට ද හැකියාව ~0
~~~~~~~~~~~~~~~~පාද දෙකෙන් ඇවිද යෑමේ හැකියාව~1
~~~~~~~~~~~~~~~~විශාල සතුන්ගේ ඇටකටු භාවිත කර නිවාස ඉදි කිරීම~0
~~~~~~~~~~~25~~~මානව පරිණාමය යනු කුමක් ද?~~වානර පරම්පරාවට අයත් චිම්පන්සියෙකු මිනිසෙකු දක්වා දියුණු වීමේ ක‍්‍රියාවලියයි~1
~~~~~~~~~~~~~~~~හැඟීම් ප‍්‍රකාශ කිරීමට සංගීතය සහ නැටුම් ද චිත‍්‍ර ඇඳීමට ද හැකියාව~0
~~~~~~~~~~~~~~~~පාද දෙකෙන් ඇවිද යෑමේ හැකියාව~0
~~~~~~~~~~~~~~~~විශාල සතුන්ගේ ඇටකටු භාවිත කර නිවාස ඉදි කිරීම~0
6~2016~6~history-06-t1-l02-ep06~6~1~2~ආදි මිනිසා~ආදි මිනිසාගේ විකාශනය /මිනිසාගේ දෙවන පරිණාමීය අවධිය~මෙම ඒකකයෙන් හෝමෝ හැබිලිස්,හෝමෝ ඉරෙක්ටකස්, හෝමෝ නියැන්ඩතාල්ලෙන්සිස්, හෝමෝසාපියන් වානර මානවයන් පිළිබදව සාකච්ඡා කෙරෙයි.~1:00:00~26~~~හෝමෝ හැබිලිස් මානවයා යන්නෙහි තේරුම කුමක් ද?~~හෝමෝ සාපියන් ය~0
~~~~~~~~~~~~~~~~හෝමෝ ඉරෙක්ටස් ය~0
~~~~~~~~~~~~~~~~හෝමෝ නියැන්ඩතාලෙසිස් ය~0
~~~~~~~~~~~~~~~~“හැකි මිනිසා” යන්නය.~1
~~~~~~~~~~~27~~~ප‍්‍රථම වරට ගින්දර භාවිත කිරීමට පුරුදු වූයේ කුමන මානවයා ද?~~හෝමෝ සාපියන් ය~0
~~~~~~~~~~~~~~~~හෝමෝ ඉරෙක්ටස් ය~1
~~~~~~~~~~~~~~~~හෝමෝ නියැන්ඩතාලෙසිස් ය~0
~~~~~~~~~~~~~~~~හෝමෝ හැබිලිස් ය~0
~~~~~~~~~~~28~~~මිනිසා විසින් පළමු වරට ගින්දර භාවිත කිරීම පෙන්නුම් කරන සාක්ෂි සොයා ගෙන තිබෙන්නේ කුමන ප‍්‍රදේශයෙන් ද?~~ඊශ‍්‍රායලයෙන්  ය~1
~~~~~~~~~~~~~~~~කැනඩාවෙන් ය~0
~~~~~~~~~~~~~~~~රුසියාවෙන් ය~0
~~~~~~~~~~~~~~~~ඉන්දියාවෙන් ය~0
~~~~~~~~~~~29~~~විශාල සතුන්ගේ ඇටකටු භාවිත කර නිවාස ඉදි කළේ කුමන මානවයා ද?~~හෝමෝ සාපියන් ය~0
~~~~~~~~~~~~~~~~හෝමෝ ඉරෙක්ටස් ය~0
~~~~~~~~~~~~~~~~හෝමෝ නියැන්ඩතාලෙසිස් ය~1
~~~~~~~~~~~~~~~~හෝමෝ හැබිලිස් ය~0
~~~~~~~~~~~30~~~අප කාගෙත් ළඟම නෑදෑයා වන්නේ කුමන මානවයා ද?~~හෝමෝ සාපියන් ය~1
~~~~~~~~~~~~~~~~හෝමෝ ඉරෙක්ටස් ය~0
~~~~~~~~~~~~~~~~හෝමෝ නියැන්ඩතාලෙසිස් ය~0
~~~~~~~~~~~~~~~~හෝමෝ හැබිලිස් ය~0
7~2016~6~history-06-t1-l02-ep07~7~1~2~ආදි මිනිසා~භූගෝලීය සාධක අනුව මිනිසාගේ දේහ ලක්‍ෂණ වෙනස් වීම~විවිධ දේහ ලක්‍ෂණ සහිත මිනිස් වර්ග වන මොන්ගොලොයිඩ්, කොකසොයිඩ්, නීග්‍රොයිඩි, ඔස්ට‍්‍රලොයිඞ් යන මිනිස් වර්ග පිළිබඳව සාකච්ඡා කෙරෙයි.~1:00:00~31~~~මොන්ගොලයිඩ් මානව වර්ගයට අයත් ජනයා බහුල වශයෙන් වාසය කරන්නේ කුමන රටවලද?~~ආක්ටික් රටවල~0
~~~~~~~~~~~~~~~~අප‍්‍රිකානු රටවල~0
~~~~~~~~~~~~~~~~යුරෝපා රටවල~0
~~~~~~~~~~~~~~~~නැගෙනහිර ආසියාතික රටවල~1
~~~~~~~~~~~32~~~නීග්‍රොයිඩි මානව වර්ගයට අයත් ජනයා බහුල වශයෙන් වාසය කරන්නේ කුමන කලාපයේද?~~ආක්ටික් කලාපයේ~0
~~~~~~~~~~~~~~~~අප‍්‍රිකානු කලාපයේ~1
~~~~~~~~~~~~~~~~යුරෝපා කලාපයේ~0
~~~~~~~~~~~~~~~~නැගෙනහිර ආසියාතික කලාපයේ~0
~~~~~~~~~~~33~~history-06-t1-l02-ep07-q-3.png~මෙම රූපයෙන් දැක්වෙන්නේ කුමන මානව වර්ගයට අයත් පුද්ගලයෙක්ද?    ~~මොන්ගොලයිඩ් ~0
~~~~~~~~~~~~~~~~කොකසොයිඩි~0
~~~~~~~~~~~~~~~~නීග්‍රොයිඩි~0
~~~~~~~~~~~~~~~~ඔස්ට‍්‍රලොයිඩ් ~1
~~~~~~~~~~~34~~history-06-t1-l02-ep07-q-4.png~මෙම රූපයෙන් දැක්වෙන්නේ කුමන මානව වර්ගයට අයත් පුද්ගලයෙක්ද?    ~~මොන්ගොලයිඩ් ~0
~~~~~~~~~~~~~~~~කොකසොයිඩි~1
~~~~~~~~~~~~~~~~නීග්‍රොයිඩි~0
~~~~~~~~~~~~~~~~ඔස්ට‍්‍රලොයිඩ් ~0
~~~~~~~~~~~35~~history-06-t1-l02-ep07-q-5.png~මෙම රූපයෙන් දැක්වෙන්නේ කුමන මානව වර්ගයට අයත් පුද්ගලයෙක්ද?    ~~මොන්ගොලයිඩ් ~0
~~~~~~~~~~~~~~~~කොකසොයිඩි~0
~~~~~~~~~~~~~~~~නීග්‍රොයිඩි~1
~~~~~~~~~~~~~~~~ඔස්ට‍්‍රලොයිඩ් ~0
8~2016~6~history-06-t1-l02-ep08~8~1~2~Questions & answers~පුනරීක්ෂණ~මෙම පුනරීක්ෂණය මගින් ආදි මිනිසා පාඩම තවදුරටත් ආවරණය කෙරේ.~1:00:00~36~~~මහාහිම යුගයේ පැවතියේ, ~~අධික උණුසුම් දේශගුණයකි.~0
~~~~~~~~~~~~~~~~මද උණුසුම් දේශගුණයකි.~0
~~~~~~~~~~~~~~~~අධික ශීතල දේශගුණයකි.~1
~~~~~~~~~~~~~~~~වැසිබර දේශගුණයකි.~0
~~~~~~~~~~~37~~~මිනිසෙකු වීමට නැඹුරුවක් ඇති කළ පැරණිතම වානරයා හැඳින්වෙන්නේ,~~ඔස්ට‍්‍රලෝපිතිකස් ~1
~~~~~~~~~~~~~~~~හෝමෝ සාපියන් ය~0
~~~~~~~~~~~~~~~~හෝමෝ ඉරෙක්ටස් ය~0
~~~~~~~~~~~~~~~~හෝමෝ හැබිලිස් ය~0
~~~~~~~~~~~38~~~පෘථිවියේ ඇති වූ පළමු ජීවියා වන්නේ,~~ප්‍රොතායෝට් බැක්ටීරියාව~1
~~~~~~~~~~~~~~~~ඔපබීනියා~0
~~~~~~~~~~~~~~~~ඔස්ට්‍රොලෝපිතිකස්~0
~~~~~~~~~~~~~~~~පාබීයන්~0
~~~~~~~~~~~39~~~මීට අවුරුදු දසලක්ෂ පන්සිය හතළිස් දෙකකට පෙර මුහුදු පතුලේ ජීවත් වූ යැයි සැලකෙන ජීවියාගේ නම කුමක් ද?~~මොලස්කාවන්~0
~~~~~~~~~~~~~~~~ඇකිරියා~0
~~~~~~~~~~~~~~~~මුහුදු සිංහයා~0
~~~~~~~~~~~~~~~~ඔපබීනියා~1
~~~~~~~~~~~40~~~ගිනි කඳු  පුපුරන විට පිටතට ගලා එන උණු වූ ද්‍රව්‍ය මොනවා ද?~~ගිනි දිය~0
~~~~~~~~~~~~~~~~ලෝදිය~0
~~~~~~~~~~~~~~~~ලාවා~1
~~~~~~~~~~~~~~~~මැග්මා~0
9~2016~6~history-06-t1-l02-ep09~9~1~2~ආදි මිනිසා~සංස්කෘතික දියුණුව~ගල් මෙවලම්වල ස්වරූපය අනුව මිනිසාගේ සංස්කෘතික දියුණුව ප‍්‍රධාන අවධි තුන වන පුරාශිලා යුගය, මධ්‍යශිලා යුගය, නවශිලා යුගය පිළිබදව සාකච්ඡා කෙරෙයි.~1:00:00~41~~~සංස්කෘතික පරිණාමය යනු කුමක් ද? ~~පැරණි කාලයේ ලියා ඇති නොයෙකුත් ලිපි, ලේඛන, ජනකථා හා ජනකවි~0
~~~~~~~~~~~~~~~~ජීවන අවශ්‍යතා ඉටුකර ගැනීම අනුව මිනිසාගේ විකාශනය වීමයි~1
~~~~~~~~~~~~~~~~ක‍්‍රමානුකූලව පොළොව හාරා බැලීමෙන් අතීත කාලය මැන ගැනීමයි.~0
~~~~~~~~~~~~~~~~පුරාණ කාලයේ මිනිසුන් භාවිතා කළ ද්‍රව්‍ය හා මෙවලම්, පැරණි ගොඩනැගිලි, පිලිම, කාසි, මැටි භාජන ආදී දේ~0
~~~~~~~~~~~42~~~දීර්ඝ කාලයක් තුළ මිනිසා ලබා ගත් සංස්කෘතික දියුණුව කෙසේ වී දැයි අවබෝධ කර ගැනීමට ඉවහල් වන්නේ මොනවා ද? ~~පැරණි කාලයේ ලියා ඇති නොයෙකුත් ලිපි ලේඛන~0
~~~~~~~~~~~~~~~~ගල් මෙවලම්ය~1
~~~~~~~~~~~~~~~~ක‍්‍රමානුකූලව පොළොව හාරා බැලීමෙන් අතීත කාලය මැන ගැනීම~0
~~~~~~~~~~~~~~~~ජනකථා හා ජනකවි~0
~~~~~~~~~~~43~~~මිනිසාගේ සංස්කෘතික දියුණුවෙහි ප‍්‍රධාන අවධියක් නම් කරන්න.~~මහා හිමයුගය~0
~~~~~~~~~~~~~~~~පුරාශිලා යුගය~1
~~~~~~~~~~~~~~~~පැලියොසොයික යුගය~0
~~~~~~~~~~~~~~~~ජනකථා හා ජනකවි~0
~~~~~~~~~~~44~~~මිනිසාගේ දියුණුව සම්බන්ධයෙන් නවශිලා යුගයේ දී සිදු වූ වැදගත් ම සිද්ධියක් නම් කරන්න.~~ගොවිතැනට සහ සත්ත්ව පාලනයට යොමු වීම~1
~~~~~~~~~~~~~~~~ජීවන අවශ්‍යතා ඉටුකර ගැනීම අනුව මිනිසාගේ විකාශනය වීම~0
~~~~~~~~~~~~~~~~ක‍්‍රමානුකූලව පොළොව හාරා බැලීමෙන් අතීත කාලය මැන ගැනීම~0
~~~~~~~~~~~~~~~~පුරාණ කාලයේ මිනිසුන් භාවිතා කළ ද්‍රව්‍ය හා මෙවලම්, පැරණි ගොඩනැගිලි, පිලිම, කාසි, මැටි භාජන ආදී දේ~0
~~~~~~~~~~~45~~~පුරාශිලා යුගයේ ඇටසැකිලි මත වර්ණ ආලේප කිරිමට භාවිත කරන ලද්දේ මොනවා ද? ~~ගුරුගල් ය~1
~~~~~~~~~~~~~~~~ගල් මෙවලම්~0
~~~~~~~~~~~~~~~~තිරුවානා ගල්ය~0
~~~~~~~~~~~~~~~~ජනකථා හා ජනකවි~0
10~2016~6~history-06-t1-l02-ep10~10~1~2~ආදි මිනිසා~ගොවිතැන ආරම්භ වීම~හොලෝසින යුගයේ මානව ජීවන රටාවේ සිදු වූ වෙනස්කම් සහ මිනිසා ගොවිතැනට යොමු වීම නිසා සිදු වූ වර්ධනයන් පිළිබදව සාකච්ඡා කෙරෙයි.~1:00:00~46~~~ගොවි යුගයේ වගා කළ ධාන්‍ය වර්ග 02 ක් නම් කරන්න~~මෙනේරි සහ තල~0
~~~~~~~~~~~~~~~~බඩඉරිඟු සහ තිරිඟු~1
~~~~~~~~~~~~~~~~මුං සහ කඩල~0
~~~~~~~~~~~~~~~~කව්පි සහ කඩල~0
~~~~~~~~~~~47~~~හොලෝසින යුගයේ ඇතිවූ වෙනස්කමක් නම් කරන්න~~පෘථිවියේ පැවතියේ අධික ශීතල දේශගුණයකි~0
~~~~~~~~~~~~~~~~පෘථිවියේ අධික ශීතල දේශගුණය උණුසුම් බවට පත් විය~1
~~~~~~~~~~~~~~~~ගහකොළ කිසිවක් පල දැරුවේ නැත~0
~~~~~~~~~~~~~~~~පෘථිවියේ උතුරු සහ දකුණු ප‍්‍රදේශ මුළුමනින් ම ඝන හිමතට්ටුවලින් වැසී ගියේය~0
~~~~~~~~~~~48~~~වී වගාව මුල්වරට ආරම්භ වූයේ කොහේ ද?~~ඊශ‍්‍රායලයෙන් ය~0
~~~~~~~~~~~~~~~~කැනඩාවෙන් ය~0
~~~~~~~~~~~~~~~~රුසියාවෙන් ය ~0
~~~~~~~~~~~~~~~~චීනයේ ය.~1
~~~~~~~~~~~49~~~මිනිසා මුල්වරට ගම්මාන තනා ගත්තේ කුමන කාලයකදී ද?~~ක‍්‍රිස්තු පූර්ව 6000 දී පමණ~1
~~~~~~~~~~~~~~~~ක‍්‍රිස්තු පූර්ව 5000 දී පමණ ~0
~~~~~~~~~~~~~~~~ක‍්‍රිස්තු පූර්ව 4000 දී පමණ ~0
~~~~~~~~~~~~~~~~ක‍්‍රිස්තු පූර්ව 3000 දී පමණ~0
~~~~~~~~~~~50~~~මුල්කාලයේ දී ඉදිකරන ලද නිවාස හඳුන්වන්නේ කුමන නමින් ද?~~වරිච්චි ගෙවල් යනුවෙනි~1
~~~~~~~~~~~~~~~~තට්ටු ගෙවල් යනුවෙනි~0
~~~~~~~~~~~~~~~~සිමෙන්ති ගෙවල් යනුවෙනි~0
~~~~~~~~~~~~~~~~ලී ගෙවල් යනුවෙනි~0
11~2016~6~history-06-t2-l03-ep01~1~2~3~ලෝකයේ පැරණි ශිෂ්ටාචාර~ග‍්‍රාමීය සමාජයෙන් නාගරික සමාජයට පිවිසීම සහ ශිෂ්ටාචාර බිහිවීම ශිෂ්ටාචාර ව්‍යාප්තිය හා ඉන් ලෝකයට උරුම වූ දායාද~මෙම ඒකකයෙන් ශිෂ්ටාචාරයක් යනු කුමක් ද යන්නත්, ශිෂ්ටාචාරික සමාජයක තිබිය හැකි ප‍්‍රධාන ලක්‍ෂණ පිළිබඳවත්, ශිෂ්ටාචාරවලින් ලෝකයට උරුම වූ දායාද පිළිබඳවත් සාකච්ඡා කෙරෙයි.~1:00:00~51~~~ ශිෂ්ටාචාරයක් යනු කුමක් ද?~~ක‍්‍රමානුකූලව පොළොව හාරා බැලීමෙන් අතීත කාලය මැන ගැනීමයි.~0
~~~~~~~~~~~~~~~~නගර සහ ඒවායේ ජීවත්වන සැලකිය යුතු තරමේ විශාල ජනගහනයක් ජීවත්වන සමාජයකි. ~1
~~~~~~~~~~~~~~~~ජීවන අවශ්‍යතා ඉටුකර ගැනීම අනුව මිනිසාගේ විකාශනය වීමයි~0
~~~~~~~~~~~~~~~~අතීතයේ සිට වර්තමානය දක්වා මිනිසාගේ කතන්දරයයි~0
~~~~~~~~~~~52~~~ඕනෑම ශිෂ්ටාචාරික සමාජයක තිබිය හැකි ප‍්‍රධාන ලක්‍ෂණයක් නම් කරන්න.~~‍ක‍්‍රමානුකූලව පොළොව හාරා බැලීමෙන් අතීත කාලය මැන ගැනීම.~0
~~~~~~~~~~~~~~~~අකුරු භාවිත කිරීමට පුරුදුවීම. ~1
~~~~~~~~~~~~~~~~ජීවන අවශ්‍යතා ඉටුකර ගැනීම අනුව මිනිසාගේ විකාශනය වීම~0
~~~~~~~~~~~~~~~~අතීතයේ සිට වර්තමානය දක්වා මිනිසාගේ කතන්දරයයි~0
~~~~~~~~~~~53~~~වෘත්තයකට අංශක 360 ක් ඇති බව මුලින් ම ලෝකයට හඳුන්වා දෙන ලද්දේ, ~~මෙසපොතේමියානු ශිෂ්ටාචාරය ~1
~~~~~~~~~~~~~~~~ඉන්දු නිම්න ශිෂ්ටාචාරය~0
~~~~~~~~~~~~~~~~ඊජිප්තු ශිෂ්ටාචාරය~0
~~~~~~~~~~~~~~~~චීන ශිෂ්ටාචාරය~0
~~~~~~~~~~~54~~~කඩදාසි සහ මුද්‍රණ යන්ත‍්‍රය ලෝකයට හඳුන්වා දෙන ලද්දේ,~~මෙසපොතේමියානු ශිෂ්ටාචාරය~0
~~~~~~~~~~~~~~~~ඉන්දු නිම්න ශිෂ්ටාචාරය~0
~~~~~~~~~~~~~~~~ඊජිප්තු ශිෂ්ටාචාරය~0
~~~~~~~~~~~~~~~~චීන ශිෂ්ටාචාරය ~1
~~~~~~~~~~~55~~~රබර් බෝලය ලෝකයට හඳුන්වා දෙන ලද්දේ,       ~~මෙසපොතේමියානු ශිෂ්ටාචාරය~0
~~~~~~~~~~~~~~~~මායා ශිෂ්ටාචාරය ~1
~~~~~~~~~~~~~~~~ඊජිප්තු ශිෂ්ටාචාරය~0
~~~~~~~~~~~~~~~~චීන ශිෂ්ටාචාරය~0
12~2016~6~history-06-t2-l03-ep02~2~2~3~ලෝකයේ පැරණි ශිෂ්ටාචාර~මෙසපොතේමියානු ශිෂ්ටාචාරය~මෙම ඒකකයෙන් මෙසපොතේමියානු ආර්ථිකය, මෙසපොතේමියානු ආගමික විශ්වාස, මෙසොපොතේමියානු සමාජය සහ අක්ෂර පද්ධතිය පිළිබඳව සාකච්ඡා කෙරෙයි.~1:00:00~56~~~ මෙසොපොතේමියා යන වචනයෙන් අදහස් වන්නේ කුමක් ද?~~ක‍්‍රමානුකූලව පොළොව හාරා බැලීමෙන් අතීත කාලය මැන ගැනීමයි.~0
~~~~~~~~~~~~~~~~අකුරු භාවිත කිරීමට පුරුදුවීමයි ~0
~~~~~~~~~~~~~~~~‘ගංගා දෙකක් මැදි වන සේ පිහිටි රට’ යන්නයි  ~1
~~~~~~~~~~~~~~~~අතීතයේ සිට වර්තමානය දක්වා මිනිසාගේ කතන්දරයයි~0
~~~~~~~~~~~57~~~ මෙසපොතේමියානු ශිෂ්ටාචාරය දියුණු වුයේ කුමන ගංගා නිම්නවල ද?~~ඉන්දු ගංගාව~0
~~~~~~~~~~~~~~~~යුප‍්‍රතීස් සහ ටයිග‍්‍රීස්  ~1
~~~~~~~~~~~~~~~~නයිල් නිම්නය~0
~~~~~~~~~~~~~~~~හොවැංහෝ නිම්නය~0
~~~~~~~~~~~58~~~ එම ගංගා පිහිටා තිබෙන ප‍්‍රදේශය දැන් අයත් වන්නේ කුමන රටටද?~~ඊශ‍්‍රායලයට  ය~0
~~~~~~~~~~~~~~~~කැනඩාවට ය~0
~~~~~~~~~~~~~~~~රුසියාවට ය ~0
~~~~~~~~~~~~~~~~ඉරාකයට ය ~1
~~~~~~~~~~~59~~~මෙසපොතේමියානු වැසියෝ දේව මණ්ඩලයේ ප‍්‍රධානියා ලෙස හැඳින්වූයේ කුමන දෙවියා ද?~~එන්කිකි ය.~0
~~~~~~~~~~~~~~~~අනූ ය.~1
~~~~~~~~~~~~~~~~එන්ලිලී ය.~0
~~~~~~~~~~~~~~~~සිගුරට් ය.~0
~~~~~~~~~~~60~~~ මෙසොපොතේමියානු වැසියන් නිපදවන ලද අක්ෂර පද්ධතිය හැඳින්වූයේ  කුමන නමින් ද?~~සිංහල අක්ෂර~0
~~~~~~~~~~~~~~~~කූන්‍ය අක්ෂර  ~1
~~~~~~~~~~~~~~~~ඉරාන අක්ෂර ~0
~~~~~~~~~~~~~~~~දෙමළ අක්ෂර~0
13~2016~6~history-06-t2-l03-ep03~3~2~3~ලෝකයේ පැරණි ශිෂ්ටාචාර~ඉන්දුනිම්න ශිෂ්ටාචාරය~මෙම ඒකකයෙන් ඉන්දුනිම්න ශිෂ්ටාචාරයේ නගර නිර්මාණය, ඉන්දුනිම්න ශිෂ්ටචාරයට අයත් මුද්‍රා, ආගමික විශ්වාස පිළිබඳව සාකච්ඡා කෙරෙයි.~1:00:00~61~~~ඉන්දුනිම්න ශිෂ්ටාචාරය දියුණු වූයේ කුමන ගංගා නිම්නවල ද?~~ඉන්දු ගංගාව ~1
~~~~~~~~~~~~~~~~යුප‍්‍රතීස් සහ ටයිග‍්‍රීස්~0
~~~~~~~~~~~~~~~~නයිල් නිම්නය~0
~~~~~~~~~~~~~~~~හොවැංහෝ නිම්නය~0
~~~~~~~~~~~62~~~එම ගංගා පිහිටා තිබෙන ප‍්‍රදේශය දැන් අයත් වන රටක් වන්නේ,~~ඊශ‍්‍රායලය ~0
~~~~~~~~~~~~~~~~කැනඩාව~0
~~~~~~~~~~~~~~~~රුසියාව ~0
~~~~~~~~~~~~~~~~පකිස්ථානය ~1
~~~~~~~~~~~63~~~ඉන්දු නිම්න ශිෂ්ටාචාරයට අයත් ප‍්‍රධාන නගරයක් නම් කරන්න.~~ඊශ‍්‍රායලය ~0
~~~~~~~~~~~~~~~~හරප්පා ~1
~~~~~~~~~~~~~~~~රුසියාව ~0
~~~~~~~~~~~~~~~~පකිස්ථානය~0
~~~~~~~~~~~64~~~ඉන්දු නිම්න ශිෂ්ටාචාරයේ දියුණු ම අවස්ථාව පැවතියේ කුමන කාලයේ දී ද?~~ක‍්‍රිස්තු පූර්ව 2600 - 1990 ත් අතර කාලයේ දී ය. ~1
~~~~~~~~~~~~~~~~ක‍්‍රිස්තු පූර්ව 2500 - 1990 ත් අතර කාලයේ දී ය.~0
~~~~~~~~~~~~~~~~ක‍්‍රිස්තු පූර්ව 2400 - 1990 ත් අතර කාලයේ දී ය.~0
~~~~~~~~~~~~~~~~ක‍්‍රිස්තු පූර්ව 2300 - 1990 ත් අතර කාලයේ දී ය.~0
~~~~~~~~~~~65~~~එම අවස්ථාවේ දී ශිෂ්ටාචාරයට අයත් සියලූ නගරවල කොපමණ ජනගහනයක් ජීවත් වී තිබේ ද?~~දශ ලක්ෂ දහයක් පමණ ජනගහනයක් ~0
~~~~~~~~~~~~~~~~දශ ලක්ෂ පහක් පමණ ජනගහනයක්  ~1
~~~~~~~~~~~~~~~~දශ ලක්ෂ දෙකක් පමණ ජනගහනයක් ~0
~~~~~~~~~~~~~~~~දශ ලක්ෂ හැටක් පමණ ජනගහනයක් ~0
14~2016~6~history-06-t2-l03-ep04~4~2~3~ලෝකයේ පැරණි ශිෂ්ටාචාර~ඊජිප්තු ශිෂ්ටාචාරය~මෙම ඒකකයෙන් ඊජිප්තු ශිෂ්ටාචාරයේ පරිපාලනය, ඊජිප්තු පිරමීඩ, ඊජිප්තු චිත‍්‍රාක්ෂර, මමිකරණ ක‍්‍රමය පිළිබඳව සාකච්ඡා කෙරෙයි.~1:00:00~66~~~ඊජිප්තු ශිෂ්ටාචාරය දියුණු වුයේ  කුමන ගංගා නිම්නයේ ද?~~ඉන්දු ගංගාව~0
~~~~~~~~~~~~~~~~යුප‍්‍රතීස් සහ ටයිග‍්‍රීස්~0
~~~~~~~~~~~~~~~~නයිල් නිම්නය ~1
~~~~~~~~~~~~~~~~හොවැංහෝ නිම්නය~0
~~~~~~~~~~~67~~~එම ගංගා පිහිටා තිබෙන ප‍්‍රදේශය දැන් අයත් වන්නේ කුමන රටටද?~~ඊශ‍්‍රායලයට  ය ~0
~~~~~~~~~~~~~~~~ඊජිප්තුවට ය ~1
~~~~~~~~~~~~~~~~රුසියාවට ය~0
~~~~~~~~~~~~~~~~ඉරාකයට ය~0
~~~~~~~~~~~68~~~මෙම ශිෂ්ටාචාරය පාලනය කරන ලද්දේ කුමන රජ පෙළපතක් විසින් ද?~~අක්හෙනතන්~0
~~~~~~~~~~~~~~~~හරප්පා~0
~~~~~~~~~~~~~~~~නයිල්~0
~~~~~~~~~~~~~~~~පාරාවෝ ~1
~~~~~~~~~~~69~~~ඊජිප්තු වැසියන් විසින් ලෝකයට දායාද කළ විශිෂ්ටතම නිර්මාණය කුමක් ද?~~දේවාල~0
~~~~~~~~~~~~~~~~පිළිම ~0
~~~~~~~~~~~~~~~~පිරමීඩ ~1
~~~~~~~~~~~~~~~~ආභරණ~0
~~~~~~~~~~~70~~~ඊජිප්තූ වැසියන් නිපදවන ලද අක්ෂර පද්ධතිය හැදින්වූයේ කුමන නමින් ද?~~සිංහල අක්ෂර~0
~~~~~~~~~~~~~~~~කූන්‍ය අක්ෂර ~0
~~~~~~~~~~~~~~~~ඊජිප්තු චිත‍්‍රාක්ෂර ~1
~~~~~~~~~~~~~~~~දෙමළ අක්ෂර~0
15~2016~6~history-06-t2-l03-ep05~5~2~3~පුනරීක්ෂණ~පුනරීක්ෂණ (Q&A)~මෙම පුනරීක්ෂණය මගින් ලෝකයේ පැරණි ශිෂ්ටාචාර පාඩම තවදුරටත් ආවරණය කෙරේ.~1:00:00~71~~~මෙසපොතේමියානු ශිෂ්ටාචාරය බිහිවීමට මුල් වූ ගංගා දෙක නම් කරන්න. ~~ඉන්දු ගංගාව~0
~~~~~~~~~~~~~~~~යුප‍්‍රතීස් සහ ටයිග‍්‍රීස් ~1
~~~~~~~~~~~~~~~~නයිල් නිම්නය~0
~~~~~~~~~~~~~~~~හොවැංහෝ නිම්නය~0
~~~~~~~~~~~72~~~චීන ශිෂ්ටාචාර වැසියන් ලොවට හදුන්වා දුන් දායාදයක් නම් කරන්න. ~~මමීකරණ ක‍්‍රමය ~0
~~~~~~~~~~~~~~~~මාලිමා යන්ත‍්‍රය ~1
~~~~~~~~~~~~~~~~රබර් බෝලය~0
~~~~~~~~~~~~~~~~ගීසා පිරමීඩ ~0
~~~~~~~~~~~73~~~මළ සිරුරු කල් තබා ගැනීමේ මමීකරණ ක‍්‍රමය ලෝකයට හදුන්වා දුන් ශිෂ්ටාචාරය නම් කරන්න. ~~මෙසපොතේමියානු ශිෂ්ටාචාරය~0
~~~~~~~~~~~~~~~~ඉන්දු නිම්න ශිෂ්ටාචාරය~0
~~~~~~~~~~~~~~~~ඊජිප්තු ශිෂ්ටාචාරය ~1
~~~~~~~~~~~~~~~~චීන ශිෂ්ටාචාරය~0
~~~~~~~~~~~74~~~ඊජිප්තුවේ අගනුවර වූ කයිරෝ නගරය ආසන්නයේ ඇති ඉදිකිරීමේ නම කුමක් ද?~~සිගුරට් ය.~0
~~~~~~~~~~~~~~~~මාලිමා යන්ත‍්‍රය~0
~~~~~~~~~~~~~~~~රබර් බෝලය~0
~~~~~~~~~~~~~~~~ගීසා පිරමීඩ  ~1
~~~~~~~~~~~75~~~හමුරාබි නම් පාලකයා විසින් සකස් කරන ලද නීතිමාලාවක් සහිත ලේඛනය ලෝකයට හදුන්වා දෙන ලද්දේ කුමන ශිෂ්ටාචාරයෙන්ද?~~මෙසපොතේමියානු ශිෂ්ටාචාරය ~1
~~~~~~~~~~~~~~~~ඉන්දු නිම්න ශිෂ්ටාචාරය~0
~~~~~~~~~~~~~~~~ඊජිප්තු ශිෂ්ටාචාරය~0
~~~~~~~~~~~~~~~~චීන ශිෂ්ටාචාරය~0
16~2016~6~history-06-t2-l04-ep06~6~2~4~ශ‍්‍රී ලංකාව ජනාවාස වීම~ආදී හෝමොසේපියන් මානවයා මෙරට ජනාවාස කිරීම /රට ඇතුළත ඔවුන්ගේ ව්‍යාප්තිය /ජීවන රටාව~මෙම ඒකකයෙන් ජනාවාස වීම යනු කුමක්ද යන්නත්, ශ්‍රී ලංකාවේ මුල් ජනාවාසවල ව්‍යාප්තිය, ආදි මානවයා ව්‍යාප්ත වූ පාරිසරික කලාප, මුල් ජනාවාසවල ස්වභාවය සහ මුල් ජනාවාසවල වැසියන්ගේ ආහාර රටාව පිළිබඳව සාකච්ඡා කෙරෙයි.~1:00:00~76~~~ජනාවාස වීම යනු කුමක්ද?~~ක‍්‍රමානුකූලව පොළොව හාරා බැලීමෙන් අතීත කාලය මැන ගැනීමයි~0
~~~~~~~~~~~~~~~~අකුරු භාවිත කිරීමට පුරුදුවීමයි ~0
~~~~~~~~~~~~~~~~ඕනෑ ම රටකට මිනිසුන් පැමිණ පළමුවෙන්ම එහි පදිංචි වීමයි  ~1
~~~~~~~~~~~~~~~~අතීතයේ සිට වර්තමානය දක්වා මිනිසාගේ කතන්දරයයි~0
~~~~~~~~~~~77~~~දූපතක් වූ අපේ රටට මුලින් ම මිනිසුන් පැමිණියේ මීට අවුරුදු කීයකට පෙරද?~~මීට අවුරුදු දෙලක්ෂ විසිපන්දහසකට පමණ ඉහත කාලයක දී~0
~~~~~~~~~~~~~~~~මීට අවුරුදු එක්ලක්ෂ පන්දහසකට පමණ ඉහත කාලයක දී~0
~~~~~~~~~~~~~~~~මීට අවුරුදු පන්ලක්ෂ විසිපන්දහසකට පමණ ඉහත කාලයක දී~0
~~~~~~~~~~~~~~~~මීට අවුරුදු එක්ලක්ෂ විසිපන්දහසකට පමණ ඉහත කාලයක දී ~1
~~~~~~~~~~~78~~~ආදි මානවයා ව්‍යාප්ත වූ පාරිසරික කලාපයක් නොවන්නේ ~~තෙත් කලාපය ~0
~~~~~~~~~~~~~~~~වියලි කලාපය ~0
~~~~~~~~~~~~~~~~අර්ධ ශුෂ්ක කලාපය~0
~~~~~~~~~~~~~~~~හොවැංහෝ නිම්නය ~1
~~~~~~~~~~~79~~~පුරාවිද්‍යාත්මක වශයෙන් පරීක්ෂාකර තිබෙන මෙරට ආදී මානවයාගේ වාසස්ථානයක් නම් කරන්න. ~~කිතුල්ගල ලෙන ~1
~~~~~~~~~~~~~~~~යුප‍්‍රතීස් සහ ටයිග‍්‍රීස්~0
~~~~~~~~~~~~~~~~නයිල් නිම්නය~0
~~~~~~~~~~~~~~~~හොවැංහෝ නිම්නය~0
~~~~~~~~~~~80~~~මුලින් ම මේ රටට පැමිණි මානවයන් සිය ජීවිතය රැක ගැනීමට ආහාර එකතු කරගත්තේ කෙසේ ද?~~වී වගාවෙන්~0
~~~~~~~~~~~~~~~~දඩයම් කිරීමෙන් ~1
~~~~~~~~~~~~~~~~හේන් වගාවෙන්~0
~~~~~~~~~~~~~~~~උක් වගාවෙන්~0
17~2016~6~history-06-t2-l04-ep07~7~2~4~ශ‍්‍රී ලංකාව ජනාවාස වීම~මුල් ජනාවාසවල ස්වභාවය -1~මෙම ඒකකයෙන් මුල් ජනාවාසවල ස්වභාවය යටතේ මෙරට ජනාවාස කළ මිනිසුන්ගේ තාක්‍ෂණය, සමාජය හා සංස්කෘතිය සහ අවමංගල චාරිත‍්‍ර පිළිබඳව සාකච්ඡා කෙරෙයි.~1:00:00~81~~~මෙරට ජනාවාස කළ මිනිසුන් විසූ මුල් යුගය හැදින්වෙන්නේ කුමන නමින් ද?~~ගල් යුගය~1
~~~~~~~~~~~~~~~~යකඩ යුගය ~0
~~~~~~~~~~~~~~~~ලෝහ යුගය ~0
~~~~~~~~~~~~~~~~අනුරාධපුර යුගය~0
~~~~~~~~~~~82~~~එකී යුගය එනමින් හැදින්වීමට හේතූව කුමක් ද?~~ක‍්‍රමානුකූලව පොළොව හාරා බැලීමෙන් අතීත කාලය මැන ගැනීම~0
~~~~~~~~~~~~~~~~අකුරු භාවිත කිරීමට පුරුදුවීම~0
~~~~~~~~~~~~~~~~ඕනෑ ම රටකට මිනිසුන් පැමිණ පළමුවෙන්ම එහි පදිංචි වීම~0
~~~~~~~~~~~~~~~~ගලින් සෑදු මෙවලම් වැඩි වශයෙන් භාවිත කිරීම ~1
~~~~~~~~~~~83~~~දඩයක්කරුවන් බෙලිකටුවක් විද සකස් කරගත් ගෙලෙහි පළදින තැල්ලක් සොයා ගෙන තිබෙන්නේ කුමන ප‍්‍රදේශයෙන් ද?~~කිතුල්ගල ලෙන ~0
~~~~~~~~~~~~~~~~පාහියන්ගල ලෙන ~1
~~~~~~~~~~~~~~~~නයිල් නිම්නය~0
~~~~~~~~~~~~~~~~හොවැංහෝ නිම්නය~0
~~~~~~~~~~~84~~~මෙම යුගයේ වැසියන් මියගිය තමන්ගේ නෑදෑයින් ගල්ගුහා ඇතුළත වළලා දැමීමේදී අනුගමනය කළ චාරිත‍්‍රයක් නම් කරන්න. ~~ක‍්‍රමානුකූලව පොළොව හාරා බැලීම~0
~~~~~~~~~~~~~~~~ඇටසැකිලිවල රතුපාට ආලේප කිරීම ~1
~~~~~~~~~~~~~~~~ඕනෑ ම රටකට මිනිසුන් පැමිණ පළමුවෙන්ම එහි පදිංචි වීම~0
~~~~~~~~~~~~~~~~ගලින් සෑදු මෙවලම් භාවිත කිරීම~0
~~~~~~~~~~~85~~~ඇටසැකිලිවල රතුපාට ආලේප කිරීමට භාවිත කර ඇත්තේ මොනවා ද?~~රතුගුරු ගල් ~1
~~~~~~~~~~~~~~~~තිරුවානා ගල්~0
~~~~~~~~~~~~~~~~ගඩොල් ගල්~0
~~~~~~~~~~~~~~~~මඩ  ~0
18~2016~6~history-06-t2-l04-ep08~8~2~4~ශ‍්‍රී ලංකාව ජනාවාස වීම~මුල් ජනාවාසවල ස්වභාවය -2~මෙම ඒකකයෙන් මුල් ජනාවාසවල ස්වභාවය යටතේ යකඩ යුගයෙහි තාක්‍ෂණය, සමාජය හා සංස්කෘතිය සහ අවමංගල චාරිත‍්‍ර පිළිබඳව සාකච්ඡා කෙරෙයි.~1:00:00~86~~~යකඩ යුගයෙහි දක්නට හැකි ප‍්‍රධාන ලක්ෂණයක් නම් කරන්න. ~~වළං සෑදීමට පටන් ගැනීම~1
~~~~~~~~~~~~~~~~ඇටසැකිලිවල රතුපාට ආලේප කිරීම~0
~~~~~~~~~~~~~~~~ඕනෑ ම රටකට මිනිසුන් පැමිණ පළමුවෙන්ම එහි පදිංචි වීම~0
~~~~~~~~~~~~~~~~ගලින් සෑදු මෙවලම් භාවිත කිරීම~0
~~~~~~~~~~~87~~~ගොවිතැන් කිරීමට පුරුදු වූ මේ රටේ පැරණිතම ජනතාව ජීවත් වූයේ කුමන නිවාස වල ද?~~සිමෙන්ති ගෙවල්වල~0
~~~~~~~~~~~~~~~~වරිච්චි ගෙවල්වල ~1
~~~~~~~~~~~~~~~~තට්ටු ගෙවල්වල~0
~~~~~~~~~~~~~~~~ගඩොල් ගෙවල්වල~0
~~~~~~~~~~~88~~~එම ගෙවල්වල වහල සෙවිලි කිරීමට භාවිත කරන්නට ඇත්තේ මොනවා ද?~~සිමෙන්ති ~0
~~~~~~~~~~~~~~~~කොස් කොළ~0
~~~~~~~~~~~~~~~~මානා හෝ ඉළුක් කොළ~1
~~~~~~~~~~~~~~~~ගඩොල් ~0
~~~~~~~~~~~89~~~මෙම යුගයේ වැසියන් මුල් යුගයේ ගත කළ දඩයම් ජීවිකාව අවසන් කර ස්ථීර ජනාවාස හා වාසස්ථාන ගොඩනගා ගත් බවට උදාහරණයක් දක්වන්න~~රතුගුරු ගල්~0
~~~~~~~~~~~~~~~~උඩරංචාමඩමෙන් සොයාගත් අදින් වසර දහතුන්දාහකට පෙර ඉදි කළ වරිච්චි නිවස ~1
~~~~~~~~~~~~~~~~බෙලිකටුවක් විද සකස් කරගත් ගෙලෙහි පළඳින තැල්ලක් ~0
~~~~~~~~~~~~~~~~ඇටසැකිලි ~0
~~~~~~~~~~~90~~~මෙම යුගයේ වැසියන් අනුගමනය කළ අවමංගල්‍යය චාරිත‍්‍රයක් නම් කරන්න. ~~ක‍්‍රමානුකූලව පොළොව හාරා බැලීම~0
~~~~~~~~~~~~~~~~ඇටසැකිලිවල රතුපාට ආලේප කිරීම~0
~~~~~~~~~~~~~~~~ඔවුන් මියගිය තමන්ගේ නෑදෑයින් වෙනුවෙන් සොහොන් තනා ඇත. ~1
~~~~~~~~~~~~~~~~ගලින් සෑදු මෙවලම් භාවිත කිරීම~0
19~2016~6~history-06-t2-l04-ep09~9~2~4~ශ‍්‍රී ලංකාව ජනාවාස වීම~විජය කුමරුගේ පැමිණීම~මෙම ඒකකයෙන් විජය කුමරුගේ පැමිණීම සහ විජය කුමරු සමඟ පැමිණි පිරිස පිහිටුවූ ජනාවාසවල ස්වභාවය පිළිබඳව සාකච්ඡා කෙරෙයි.~1:00:00~91~~~විජය කුමරු ඇතුඵ පිරිස මෙරටට ගොඩ බසින ලද්දේ කුමන වර්ෂයේ ද?~~ක‍්‍රිස්තු පූර්ව 544 දී පමණ ~1
~~~~~~~~~~~~~~~~ක‍්‍රිස්තු පූර්ව 644 දී පමණ~0
~~~~~~~~~~~~~~~~ක‍්‍රිස්තු පූර්ව 744 දී පමණ~0
~~~~~~~~~~~~~~~~ක‍්‍රිස්තු පූර්ව 844 දී පමණ~0
~~~~~~~~~~~92~~~මේ පිරිස ගොඩ බසින ලද ස්ථානය නම් කරන්න. ~~සිරිසවත්ථුව ~0
~~~~~~~~~~~~~~~~තම්බපණ්ණිය ~1
~~~~~~~~~~~~~~~~ලංකාපුරය~0
~~~~~~~~~~~~~~~~අනුරාධගම~0
~~~~~~~~~~~93~~~විජය කුමරුට දාව කුවේණියට ලැබුණු දරුවන් දෙදෙනා නම් කරන්න.~~ජීවහත්ත සහ දිසාලා ~1
~~~~~~~~~~~~~~~~උපතිස්ස සහ අනුරාධ ~0
~~~~~~~~~~~~~~~~විජය සහ කුවේණිය~0
~~~~~~~~~~~~~~~~තිස්ස සහ අභය~0
~~~~~~~~~~~94~~~කුවේණියගේ යක්ෂ කණ්ඩායමට අයත් නගරයක් නම් කරන්න.~~සිරිසවත්ථුව ~1
~~~~~~~~~~~~~~~~තම්බපණ්ණිය~0
~~~~~~~~~~~~~~~~උපතිස්ස ගම~0
~~~~~~~~~~~~~~~~අනුරාධගම~0
~~~~~~~~~~~95~~~විජය කුමරු සමග පැමිණි පිරිස ඇති කළ ගම්මානයක් නම් කරන්න. ~~සිරිසවත්ථුව ~0
~~~~~~~~~~~~~~~~තම්බපණ්ණිය~0
~~~~~~~~~~~~~~~~උපතිස්ස ගම ~1
~~~~~~~~~~~~~~~~ලංකාපුරය~0
20~2016~6~history-06-t2-l04-ep10~10~2~4~පුනරීක්ෂණ~පුනරීක්ෂණ (Q&A)~මෙම පුනරීක්ෂණය මගින් ශ්‍රී ලංකාව ජනාවාස වීම පාඩම තවදුරටත් ආවරණය කෙරේ.~1:00:00~96~~~අපේ රට ජනාවාස වූයේ මීට අවුරුදු ................................. පමණ ඉහතදීය.~~එක්ලක්ෂ විසිපන්දහසකට ~1
~~~~~~~~~~~~~~~~ගල් යුගය~0
~~~~~~~~~~~~~~~~රතුගුරු~0
~~~~~~~~~~~~~~~~මල්වතු~0
~~~~~~~~~~~97~~~ගලින් සෑදු මෙවලම් වැඩි වශයෙන් භාවිත කළ නිසා මේ රට ජනාවාස කළ මිනිසුන් විසූ මුල් යුගය හැඳින්වෙන්නේ .................................නමිනි.~~ගල් යුගය ~1
~~~~~~~~~~~~~~~~රතුගුරු~0
~~~~~~~~~~~~~~~~මල්වතු~0
~~~~~~~~~~~~~~~~මහාවංසය~0
~~~~~~~~~~~98~~~ගල් යුගයේ මිනිසුන් ඇටසැකිලිවල රතුපාට ආලේප කර ඇත්තේ .......................... ගල් නමින් හැඳින්වෙන පොළවේ ඇති ස්වභාවික ගල් වර්ගයකිනි.~~ගල් යුගය~0
~~~~~~~~~~~~~~~~රතුගුරු ~1
~~~~~~~~~~~~~~~~මල්වතු~0
~~~~~~~~~~~~~~~~මහාවංසය~0
~~~~~~~~~~~99~~~විජය කුමරු ඇතුළු පිරිස ලංකාවේ ජනපද පිහිටුවාගත්තේ ............................ඔය නිම්නයේ ය.~~ගල් යුගය~0
~~~~~~~~~~~~~~~~රතුගුරු~0
~~~~~~~~~~~~~~~~මල්වතු ~1
~~~~~~~~~~~~~~~~මහාවංසය~0
~~~~~~~~~~~100~~~විජය නමින් හැඳින්වෙන කුමාරයෙකු ඔහුගේ පිරිවර සමඟ පැමිණ මේ රටේ පදිංචි වූ බව ........................................................... නම් ඓතිහාසික මූලාශ‍්‍ර ග‍්‍රන්ථයේ සඳහන් වේ.~~ගල් යුගය~0
~~~~~~~~~~~~~~~~රතුගුරු~0
~~~~~~~~~~~~~~~~මල්වතු~0
~~~~~~~~~~~~~~~~මහාවංසය ~1
21~2016~6~history-06-t3-l05-ep01~1~3~5~අපේ අභීත රජවරු ~පණ්ඩුකාභය රජතුමා~මෙම ඒකකයෙන් පණ්ඩුකාභය රජුගේ ළමා කාලය, පණ්ඩුකාභය කුමරු මුහුණදුන් අභියෝග, පණ්ඩුකාභය රජුගේ චරිතයෙන් ගතහැකි ආදර්ශ පිළිබඳවත් සාකච්ඡා කෙරෙයි.~1:00:00~101~~~අනුරාධගාම, පුරයක් බවට පත් කරමින් අනුරාධපුර රාජධානිය බිහි කළ රජතුමා මින් කවරෙක් ද?~~පණ්ඩුකාභය රජු  ~1
~~~~~~~~~~~~~~~~දේවානම්පියතිස්ස රජු~0
~~~~~~~~~~~~~~~~මුටසීව රජු ~0
~~~~~~~~~~~~~~~~දුටුගැමුණු රජු~0
~~~~~~~~~~~102~~~පණ්ඩුකාභය රජතුමාගේ පියාගේ නම,~~දේවානම්පියතිස්ස රජු ය~0
~~~~~~~~~~~~~~~~දීඝගාමිණී කුමරු ය. ~1
~~~~~~~~~~~~~~~~මුටසීව රජු ය ~0
~~~~~~~~~~~~~~~~දුටුගැමුණු රජු ය~0
~~~~~~~~~~~103~~~පණ්ඩුකාභය රජතුමාගේ මවගේ නම,~~අනුලා බිසව ය~0
~~~~~~~~~~~~~~~~චිත‍්‍රා කුමරිය ය  ~1
~~~~~~~~~~~~~~~~සුගලා බිසව ය~0
~~~~~~~~~~~~~~~~සෝමා බිසව ය~0
~~~~~~~~~~~104~~~පණ්ඩුකාභය රජතුමාගේ ගුරුතුමාගේ නම,~~තිස්ස ය~0
~~~~~~~~~~~~~~~~ගාමිණී ය ~0
~~~~~~~~~~~~~~~~මුටසීව ය ~0
~~~~~~~~~~~~~~~~පණ්ඩුල ය ~1
~~~~~~~~~~~105~~~පණ්ඩුකාභය රජතුමාට මාමාවරු,~~දස දෙනෙකි ~1
~~~~~~~~~~~~~~~~දොළොස් දෙනෙකි~0
~~~~~~~~~~~~~~~~එකොළොස් දෙනෙකි~0
~~~~~~~~~~~~~~~~පස් දෙනෙකි~0
22~2016~6~history-06-t3-l05-ep02~2~3~5~අපේ අභීත රජවරු ~පණ්ඩුකාභය රජතුමා~මෙම ඒකකයෙන් පණ්ඩුකාභය රජතුමා රාජ්‍යත්වයට පත් වූ ආකාරයත්, පණ්ඩුකාභය රජතුමාගේ රාජ්‍ය පාලනය පිළිබඳවත් සාකච්ඡා කෙරෙයි.~1:00:00~106~~~ශ‍්‍රී ලංකාවේ ප‍්‍රථම වරට ඉදිකළ වැව වර්තමානයේ හඳුන්වන නම වන්නේ මින් කුමක් ද?~~තිසා වැව ~0
~~~~~~~~~~~~~~~~මින්නේරිය වැව ~0
~~~~~~~~~~~~~~~~බසවක්කුලම වැව ~1
~~~~~~~~~~~~~~~~මහවිලච්චිය වැව~0
~~~~~~~~~~~107~~~පණ්ඩුකාභය රජතුමා ඉදිකළ වැවක් වන්නේ මින් කුමක් ද?~~තිසා වැව ~0
~~~~~~~~~~~~~~~~මින්නේරිය වැව ~0
~~~~~~~~~~~~~~~~අභය වැව ~1
~~~~~~~~~~~~~~~~මහවිලච්චිය වැව~0
~~~~~~~~~~~108~~~පණ්ඩුකාභය රජතුමාගේ බිසවගේ නම,~~අනුලා බිසව ය~0
~~~~~~~~~~~~~~~~චිත‍්‍රා කුමරිය ය ~0
~~~~~~~~~~~~~~~~ස්වර්ණපාලී කුමරිය ය ~1
~~~~~~~~~~~~~~~~සෝමා බිසව ය~0
~~~~~~~~~~~109~~~පණ්ඩුකාභය රජතුමාගේ සේවාවක් නොවන්නේ,~~අනුරාධපුර නගරය නිර්මාණය කිරීම~0
~~~~~~~~~~~~~~~~නගරය පිරිසිදු කිරීම සඳහා නිලධාරීන් පත් කිරීම ~0
~~~~~~~~~~~~~~~~ආගමික සහනශීලී ප‍්‍රතිපත්තියක් අනුගමනය කිරීම ~0
~~~~~~~~~~~~~~~~අභයගිරිය නිර්මාණය කිරීම ~1
~~~~~~~~~~~110~~~පණ්ඩුකාභය රජතුමාගේ ඉදිකිරීමක් නොවන්නේ,~~ රජමාලිගා~0
~~~~~~~~~~~~~~~~සුසානභූමි~0
~~~~~~~~~~~~~~~~විදුලි පහන් ~1
~~~~~~~~~~~~~~~~ආරෝග්‍යශාලා~0
23~2016~6~history-06-t3-l05-ep03~3~3~5~අපේ අභීත රජවරු ~දේවානම්පියතිස්ස රජතුමා~මෙම ඒකකයෙන් ලංකාවට බුදු දහම ලැබුණු අයුරු, බුද්ධ සාසනය ලංකාවේ ස්ථාපිත වූ අයුරු සහ දේවානම්පියතිස්ස රජතුමාගේ සේවාව පිළිබඳව සාකච්ඡා කෙරෙයි.~1:00:00~111~~~දේවානම්පියතිස්ස රජතුමාගේ පියාගේ නම,~~දේවානම්පියතිස්ස රජු ය~0
~~~~~~~~~~~~~~~~දීඝගාමිණී කුමරු ය. ~0
~~~~~~~~~~~~~~~~මුටසීව රජු ය. ~1
~~~~~~~~~~~~~~~~දුටුගැමුණු රජු ය.~0
~~~~~~~~~~~112~~~අසල තිබූ අඹ ගසක් මුල් කරගෙන අසනු ලැබූ ප‍්‍රශ්නවලට බුද්ධිමත්ව පිළිතූරු දුන් රජතුමා වන්නේ,~~පණ්ඩුකාභය රජු ~0
~~~~~~~~~~~~~~~~දේවානම්පියතිස්ස  ~1
~~~~~~~~~~~~~~~~මුටසීව රජු ~0
~~~~~~~~~~~~~~~~දුටුගැමුණු රජු~0
~~~~~~~~~~~113~~~තිස්ස රජතුමාට සමගාමීව ඉන්දියාව පාලනය කරන ලද්දේ,~~ධර්මාශෝක අධිරාජයා ~1
~~~~~~~~~~~~~~~~දේවානම්පියතිස්ස රජු~0
~~~~~~~~~~~~~~~~මුටසීව රජු ~0
~~~~~~~~~~~~~~~~දුටුගැමුණු රජු~0
~~~~~~~~~~~114~~~දේවානම්පියතිස්ස රජතුමා මිහිඳු හිමියන් වෙත පූජා කළේ, ~~තිසා වැව ~0
~~~~~~~~~~~~~~~~අභයගිරිය~0
~~~~~~~~~~~~~~~~මහමෙවුනා උයන ~1
~~~~~~~~~~~~~~~~මහවිලච්චිය වැව~0
~~~~~~~~~~~115~~~ලංකාවේ බුදු දහම වැලඳ ගත් පළමුවන පාලකයා වන්නේ,~~පණ්ඩුකාභය රජු ~0
~~~~~~~~~~~~~~~~දුටුගැමුණු රජු~0
~~~~~~~~~~~~~~~~වළගම්බා රජු ~0
~~~~~~~~~~~~~~~~දේවානම්පියතිස්ස රජු ~1
24~2016~6~history-06-t3-l05-ep04~4~3~5~අපේ අභීත රජවරු ~දේවානම්පියතිස්ස රජතුමා~මෙම ඒකකයෙන් බුදු දහමින් ලද දායාද, බුදු දහමින් සදාචාරාවත් ජන සාමාජයක් ගොඩනැගුණු අයුරු පැහැදිලි කරයි.~1:00:00~116~~~සංඝමිත්තා තෙරණින් වහන්සේ ශ්‍රී ලංකාවට ජය ශ්‍රී මහා බෝ සමිඳු රැගෙන වැඩිය වරාය වන්නේ මින් කුමක් ද?~~මහාතිත්ථ වරායයි. ~0
~~~~~~~~~~~~~~~~දඹකොළ පටුන වරායයි. ~1
~~~~~~~~~~~~~~~~ගෝකණ්ණ වරායයි. ~0
~~~~~~~~~~~~~~~~ලංකා පටුන වරායයි.~0
~~~~~~~~~~~117~~~මෙරට භික්ෂු ශාසනය ඇරඹුණේ,~~අනුලා දේවිය පැවිදි වීමෙනි~0
~~~~~~~~~~~~~~~~දඹකොළ පටුන වරායෙනි.~0
~~~~~~~~~~~~~~~~අරිට්ඨ නම් කුමරු පැවිදි වීමෙනි~1
~~~~~~~~~~~~~~~~සෝමා දේවිය පැවිදි වීමෙනි~0
~~~~~~~~~~~118~~~අනුරාධපුරයේ පිහිටා ඇති ථූපාරාමය ඉදිකරවන ලද්දේ කුමන රජතුමා විසින් ද?~~වසභ රජු ~0
~~~~~~~~~~~~~~~~දේවානම්පියතිස්ස රජු ~1
~~~~~~~~~~~~~~~~වළගම්බා රජු ~0
~~~~~~~~~~~~~~~~දුටුගැමුණු රජු~0
~~~~~~~~~~~119~~~ශ‍්‍රී ලංකාවේ මෙහෙණි සසුන ආරම්භ වූයේ කුමන දේවිය පැවිදි වීමෙන් ද?~~අනුලා බිසව ය ~1
~~~~~~~~~~~~~~~~චිත‍්‍රා කුමරිය ය ~0
~~~~~~~~~~~~~~~~ස්වර්ණපාලී කුමරිය ය ~0
~~~~~~~~~~~~~~~~සෝමා බිසව ය~0
~~~~~~~~~~~120~~~ශාරීරික චෛත්‍යය යනු~~වෙහෙර වහන්සේ මූලික කරගෙන ස්තූප අංග සහ චේතියඝර නිර්මාණ~1
~~~~~~~~~~~~~~~~බෝධීන් වහන්සේ වටා ඉදි වූ බෝධිඝර නිර්මාණ ~0
~~~~~~~~~~~~~~~~පිළිම වහන්සේ, පටිමාඝර ආදි ගෘහ නිර්මාණ~0
~~~~~~~~~~~~~~~~සඳකඩපහණ~0
25~2016~6~history-06-t3-l05-ep05~5~2~5~අපේ අභීත රජවරු ~පුනරීක්ෂණ (Q&A)~මෙම පුනරීක්ෂණය මගින් අපේ අභීත රජවරු යන පාඩම තවදුරටත් ආවරණය කෙරේ.~1:00:00~121~~~පණ්ඩුකාභය රජු අනුරාධගාමය අනුරාධ පුරය බවට පත් කිරීමට කළ කාර්යයක් නොවන්නේ,~~ප‍්‍රදේශය වටා සීමාව ලකුණු කිරීම~0
~~~~~~~~~~~~~~~~ථූපාරාමය ඉදිකිරීම~1
~~~~~~~~~~~~~~~~රාජධානිය වටා ආරක්‍ෂාවට දිය අගලක් ඉදිකිරීම ~0
~~~~~~~~~~~~~~~~ප‍්‍රධාන දිශා හතරේ දොරටු හතරක් ඉදිකිරීම ~0
~~~~~~~~~~~122~~~ථූපාරාමය ඉදිකිරීමට සම්බන්ධ ප‍්‍රකාශයක් නොවන්නේ,~~දකුණු අකු ධාතුව තැන්පත් කිරීම~0
~~~~~~~~~~~~~~~~වසභ රජු වටදාගෙයක් ඉදිකිරීම~0
~~~~~~~~~~~~~~~~මුල් යුගයේ ධාන්‍යාකාර වීම පසු කාලයේ ඝණ්ඨාකාර වීම~0
~~~~~~~~~~~~~~~~පටී ධාතුව තැන්පත් කර තිබීම~1
~~~~~~~~~~~123~~~මිහිඳු මහරහතන් වහන්සේ සමග ලංකාවට වැඩම කළ රහතන් වහන්සේ නමක් නොවන්නේ,~~ඉට්ඨිය~0
~~~~~~~~~~~~~~~~උත්තිය~0
~~~~~~~~~~~~~~~~සම්බල~0
~~~~~~~~~~~~~~~~පූලහත්ථ~1
~~~~~~~~~~~124~~~දේවානම්පියතිස්ස රජු දවස සිදු වූ වැදගත් ඵෙතිහාසික සිද්ධියක් නොවන්නේ,~~අභයගිරි දාගැබ ඉදිකිරීම~1
~~~~~~~~~~~~~~~~මිහිඳු මහ රහතන්වහන්සේ මිහින්තලයට වැඩම කිරීම~0
~~~~~~~~~~~~~~~~සංඝමිත්තා තෙරණිය වැඩම කිරීම~0
~~~~~~~~~~~~~~~~ශ‍්‍රී මහා බෝධිය වැඩම කිරීම~0
~~~~~~~~~~~125~~~ථූපාරාමය ඉදිකිරීමට සම්බන්ධ ප‍්‍රකාශය නොවන්නේ,~~දකුණු අකු ධාතුව තැන්පත් කිරීම~0
~~~~~~~~~~~~~~~~මුල් යුගයේ ධාන්‍යාකාර වීම පසු කාලයේ ඝණ්ටාකාර වීම~0
~~~~~~~~~~~~~~~~සමස්ත ලෝකයෙන් ම ඉදි වූ විශාල ම ගඩොළු ස්තූපය වීම~1
~~~~~~~~~~~~~~~~වසභ රජු වටදාගෙයක් ඉදිකිරීම~0
26~2016~6~history-06-t3-l05-ep06~6~2~5~අපේ අභීත රජවරු ~පස්වන පාඩම අපේ අභීත රජවරු /දුටුගැමුණු රජතුමා~මෙම ඒකකයෙන් දුටුගැමුණු රජතුමාගේ ළමා කාලය, සමකාලීන අභියෝග ජය ගැනීමට කාවන්තිස්ස රජතුමා ගත් පියවර, දුටුගැමුණු රජතුමා රට එක්සේසත් කිරීම සහ රජතුමාගෙන් ඉටු වූ සාසනික සේවය විස්තර කරයි.~1:00:00~126~~~දුටුගැමුණු රජතුමාගේ පියාගේ නම,~~දේවානම්පියතිස්ස රජු ය~0
~~~~~~~~~~~~~~~~දීඝගාමිණී කුමරු ය. ~0
~~~~~~~~~~~~~~~~මුටසීව රජු ය ~0
~~~~~~~~~~~~~~~~කාවන්තිස්ස රජතුමා ය~1
~~~~~~~~~~~127~~~දුටුගැමුණු රජතුමාගේ මවගේ නම,~~අනුලා බිසව ය~0
~~~~~~~~~~~~~~~~චිත‍්‍රා කුමරිය ය ~0
~~~~~~~~~~~~~~~~විහාරමහා දේවිය ය~1
~~~~~~~~~~~~~~~~සෝමා බිසව ය~0
~~~~~~~~~~~128~~~දුටුගැමුණු රජතුමාගේ සහෝදරයාගේ නම,~~තිස්ස ය ~1
~~~~~~~~~~~~~~~~ගාමිණී ය ~0
~~~~~~~~~~~~~~~~මුටසීව ය ~0
~~~~~~~~~~~~~~~~පණ්ඩුලය~0
~~~~~~~~~~~129~~~කාවන්තිස්ස රජ පවුල ජීවත් වූයේ ,~~මාගම රාජධානියේ ය~1
~~~~~~~~~~~~~~~~අනුරාධපුර රාජධානියේ ය~0
~~~~~~~~~~~~~~~~පොළොන්නරුව රාජධානියේ ය~0
~~~~~~~~~~~~~~~~යාපහුව රාජධානියේ ය~0
~~~~~~~~~~~130~~~රුහුණේ මාගම රාජ්‍යය ආරම්භ කළේ,~~දේවානම්පියතිස්ස රජු ය~0
~~~~~~~~~~~~~~~~දීඝගාමිණී කුමරු ය~0
~~~~~~~~~~~~~~~~මහානාග යුවරජ ය~1
~~~~~~~~~~~~~~~~කාවන්තිස්ස රජතුමා ය~0
27~2016~6~history-06-t3-l05-ep07~7~3~5~අපේ අභීත රජවරු ~වළගම්බා රජතුමා~මෙම ඒකකයෙන් වළගම්බා රජතුමා රාජ්‍යත්වයට පත් වූ ආකාරය, වළගම්බා රජුගේ සාසනික සේවාව සහ වළගම්බා චරිතයෙන් ගත හැකි ආදර්ශ පෙන්වා දෙයි.~1:00:00~131~~~වළගම්බා රජුගේ සහෝදරයාගේ නම,~~ඛල්ලාටනාග ය~1
~~~~~~~~~~~~~~~~මහාරත්තක ය~0
~~~~~~~~~~~~~~~~මුටසීව ය ~0
~~~~~~~~~~~~~~~~පණ්ඩුලය~0
~~~~~~~~~~~132~~~වළගම්බා රජුගේ අගමෙහෙසිය වූයේ,~~අනුලා බිසව ය~0
~~~~~~~~~~~~~~~~චිත‍්‍රා කුමරිය ය ~0
~~~~~~~~~~~~~~~~විහාරමහා දේවිය ය~0
~~~~~~~~~~~~~~~~සෝමා දේවිය ය~1
~~~~~~~~~~~133~~~වළගම්බා රජු මුහුණ දුන් අභියෝගයක් නොවන්නේ,~~රුහුණේ තිස්ස බ‍්‍රාහ්මණයාගේ කැරැල්ල~0
~~~~~~~~~~~~~~~~දකූණු ඉන්දියාවෙන් පැමිණි ආක‍්‍රමණිකයන්~0
~~~~~~~~~~~~~~~~බැමිණිතියා සාය~0
~~~~~~~~~~~~~~~~එළාර ආක‍්‍රමණය~1
~~~~~~~~~~~134~~~දකූණු ඉන්දියානු සත් ද්‍රවිඩයින්ගෙන් කෙනෙක් නොවන්නේ ,~~බාහිය ~0
~~~~~~~~~~~~~~~~පණ්ඩුල~1
~~~~~~~~~~~~~~~~පනයමාර~0
~~~~~~~~~~~~~~~~පූලහත්ථ~0
~~~~~~~~~~~135~~~අනුරාධපුරයේ පිහිටා ඇති අභයගිරි දාගැබ ඉදිකරවන ලද්දේ කුමන රජතුමා විසින්ද?~~වසභ රජු ~0
~~~~~~~~~~~~~~~~දේවානම්පියතිස්ස රජු~0
~~~~~~~~~~~~~~~~වළගම්බා රජු~1
~~~~~~~~~~~~~~~~දුටුගැමුණු රජු~0
28~2016~6~history-06-t3-l05-ep08~8~3~5~අපේ අභීත රජවරු ~වසභ රජතුමා~මෙම ඒකකයෙන් වසභ රජතුමා රාජ්‍යත්වයට පත් වූ අයුරු, වසභ රජතුමාගේ පාලනය සහ ආර්ථික සේවාව පැහැදිලි කරයි.~1:00:00~136~~~වසභ රජතුමා අයත් වන්නේ~~ලම්බකර්ණ වංසයට~1
~~~~~~~~~~~~~~~~මෝරිය වංසයට ~0
~~~~~~~~~~~~~~~~කාලිංග වංසයට ~0
~~~~~~~~~~~~~~~~රාම වංසයට~0
~~~~~~~~~~~137~~~"වල්ලිපුරම් රන්පත් ඉරුව"යන ලේඛනයේ ලියා ඇත්තේ කුමක් ගැනද? ~~සිත්නරුබිම් බුදල්නා ගැනය.~0
~~~~~~~~~~~~~~~~ඉසිගිරිය ඇමතිවරයා විහාරයක් ඉදිකල බවය. ~1
~~~~~~~~~~~~~~~~ලම්භකරණ රජ වංශය ගැනය.~0
~~~~~~~~~~~~~~~~මහසෙන් රජතුමා වැව් දහසක් ඉදිකළ බවය.~0
~~~~~~~~~~~138~~~මහවිලච්චිය වැව අතීතයේ හැඳින්වූ නම~~වල්ලූරවාපි වැව~0
~~~~~~~~~~~~~~~~ඛානුවැව ~0
~~~~~~~~~~~~~~~~මයෙන්ති වැව~1
~~~~~~~~~~~~~~~~වාතමංගණ වැව~0
~~~~~~~~~~~139~~~ඇළහැර ඇළ ඉදිකරවන ලද්දේ කුමන රජතුමා විසින්ද?~~වසභ රජු  ~1
~~~~~~~~~~~~~~~~දේවානම්පියතිස්ස රජු~0
~~~~~~~~~~~~~~~~වළගම්බා රජු ~0
~~~~~~~~~~~~~~~~දුටුගැමුණු රජු~0
~~~~~~~~~~~140~~~බුදු දහමේ දියුණුවට වසභ රජතුමා විසින් කරන ලද සේවයක් නොවන්නේ~~ථූපාරාම දැගැබට වටදා ගෙයක් ඉදි කිරීම~0
~~~~~~~~~~~~~~~~ඉසුරුමුණි විහාරයේ පොහොය ගෙයක් ඉදි කිරීම~0
~~~~~~~~~~~~~~~~තිස්සමහාරාමයේ පිහිටි සිතුල්පව්ව විහාරයේ දාගැබ් ඉදි කිරීම ~0
~~~~~~~~~~~~~~~~අභයගිරි දාගැබ ඉදිකිරීම~1
29~2016~6~history-06-t3-l05-ep09~9~3~5~අපේ අභීත රජවරු ~මහසෙන් රජතුමා~මෙම ඒකකයෙන් මහසෙන් රජතුමාගේ වාරි සේවාව, ඉදිකිරීම් ශිල්පීය දක්‍ෂතාවය සහ ආගමික සේවාව විස්තර කරයි.~1:00:00~141~~~මහසෙන් රජතුමාගේ පියාගේ නම,~~ගෝඨාභය රජතුමා ය .~1
~~~~~~~~~~~~~~~~දීඝගාමිණී කුමරු ය. ~0
~~~~~~~~~~~~~~~~මුටසීව රජු ය . ~0
~~~~~~~~~~~~~~~~දුටුගැමුණු රජු ය. ~0
~~~~~~~~~~~142~~~මහසෙන් රජතුමාගේ සහෝදරයාගේ නම,~~ජෙට්ඨතිස්ස ය .~1
~~~~~~~~~~~~~~~~ගාමිණී ය . ~0
~~~~~~~~~~~~~~~~මුටසීව ය . ~0
~~~~~~~~~~~~~~~~පණ්ඩුලය. ~0
~~~~~~~~~~~143~~~ජේතවනාරාමය දාගැබ ඉදිකරවන ලද්දේ කුමන රජතුමා විසින්ද?~~වසභ රජු ~0
~~~~~~~~~~~~~~~~දේවානම්පියතිස්ස රජු~0
~~~~~~~~~~~~~~~~මහසෙන් රජතුමා~1
~~~~~~~~~~~~~~~~දුටුගැමුණු රජු~0
~~~~~~~~~~~144~~~මින්නේරි වැව අතීතයේ හැඳින්වූ නම ,~~වල්ලූරවාපි වැව~0
~~~~~~~~~~~~~~~~ඛානුවැව ~0
~~~~~~~~~~~~~~~~මිණිහිර වැව~1
~~~~~~~~~~~~~~~~වාතමංගණ වැව~0
~~~~~~~~~~~145~~~බුදු දහමේ දියුණුවට මහසෙන් රජතුමා විසින් කරන ලද සේවයක් නොවන්නේ ,~~මින්නේරි විහාරය ඉදි කිරීම~0
~~~~~~~~~~~~~~~~ගෝකණ්ණ විහාරය ඉදි කිරීම~0
~~~~~~~~~~~~~~~~ඒකාපිල්ල විහාරය ඉදි කිරීම ~0
~~~~~~~~~~~~~~~~අභයගිරි දාගැබ ඉදිකිරීම~1
30~2016~6~history-06-t3-l05-ep10~10~3~5~අපේ අභීත රජවරු ~ධාතුසේන රජතුමා~මෙම ඒකකයෙන් ධාතුසේන රජතුමා රාජ්‍යත්වයට පත් වූ ආකාරය, ධාතුසේන රාජ්‍ය සමයේ පැවති ආර්ථික කටයුතු සහ ධාතුසේන රජතුමා ගේ ආගමික සේවාව පහදයි.~1:00:00~146~~~ධාතුසේන රජතුමා අයත් වන්නේ,~~ලම්බකර්ණ වංසයට~0
~~~~~~~~~~~~~~~~මෞර්ය වංසයට~1
~~~~~~~~~~~~~~~~කාලිංග වංසයට ~0
~~~~~~~~~~~~~~~~රාම වංසයට~0
~~~~~~~~~~~147~~~ධාතුසේන රජතුමාගේ පියාගේ නම,~~ගෝඨාභය රජතුමා ය .~0
~~~~~~~~~~~~~~~~දාඨානාම ය.~1
~~~~~~~~~~~~~~~~මුටසීව රජු ය .~0
~~~~~~~~~~~~~~~~දුටුගැමුණු රජු ය.~0
~~~~~~~~~~~148~~~ධාතුසේන රජතුමාගේ සහෝදරයාගේ නම,~~ජෙට්ඨතිස්ස ය ~0
~~~~~~~~~~~~~~~~ගාමිණී ය ~0
~~~~~~~~~~~~~~~~මුටසීව ය ~0
~~~~~~~~~~~~~~~~සලතිස්බෝ ය~1
~~~~~~~~~~~149~~~යෝධ ඇළ ඉදිකරවන ලද්දේ කුමන රජතුමා විසින්ද?~~වසභ රජු ~0
~~~~~~~~~~~~~~~~දේවානම්පියතිස්ස රජු~0
~~~~~~~~~~~~~~~~වළගම්බා රජු ~0
~~~~~~~~~~~~~~~~ධාතුසේන රජු~1
~~~~~~~~~~~150~~~දකූණු ඉන්දියානු ෂඞ් ද්‍රවිඩයින්ගෙන් කෙනෙක් නොවන්නේ,~~පාරින්ද~0
~~~~~~~~~~~~~~~~පණ්ඩු~0
~~~~~~~~~~~~~~~~ඛුද්ද පාරින්ද ~0
~~~~~~~~~~~~~~~~පූලහත්ථ~1
