1~2017~7~geography-07-t1-l01-ep01~1~1~1~අප ජීවත්වන පෘථිවි ගෝලය~අප ජීවත්වන පෘථිවි ගෝලයේ හැඩය හා අක්ෂාංශ හා දේෂාංශ~පෘථිවියේ පිහිටීම, එහි හැඩය හා දේශ ගවේෂශකයන් විසින් පෘථිවියේ පිහිටීම පිළිබඳ පළකල අදහස්, මහද්වීප හා සාගර  පිහිටීම  සහ පෘථිවි ගෝලයෙහි අක්ෂාංශ හා දේෂාංශ  පිහිටීම හා සමකය ආදී කරුණු විස්තර කිරීම.~01:00:00~1~~~ලෝකයේ විශාල ම මහද්වීපය වන්නේ,~~අප්‍රිකා ~0
~~~~~~~~~~~~~~~~ආසියා ~1
~~~~~~~~~~~~~~~~උතුරු ඇමරිකා~0
~~~~~~~~~~~~~~~~යුරෝපා~0
~~~~~~~~~~~2~~~පහත සඳහන් සාගර අතර කුඩා ම සාගරය වන්නේ,~~ඉන්දියන් ~0
~~~~~~~~~~~~~~~~පැසිෆික් ~0
~~~~~~~~~~~~~~~~ආක්ටික්~1
~~~~~~~~~~~~~~~~අත්ලාන්තික්~0
~~~~~~~~~~~3~~~තනි රටක් ලෙස පිහිටි මහද්වීපය ලෙස සැලකෙන්නේ,~~ඔස්ට්‍රේලියා~1
~~~~~~~~~~~~~~~~උතුරු ඇමරිකා ~0
~~~~~~~~~~~~~~~~දකුණු ඇමරිකා~0
~~~~~~~~~~~~~~~~ඇන්ටාක්ටිකා~0
~~~~~~~~~~~4~~~මුහුදෙන් තුන් පැත්තකින් වට වූ භූමියක් හදුන්වන නිවැරදි නම කුමක් ද?~~දූපත~0
~~~~~~~~~~~~~~~~මහද්වීපය ~0
~~~~~~~~~~~~~~~~අර්ධද්වීපය ~1
~~~~~~~~~~~~~~~~රට~0
~~~~~~~~~~~5~~~ආසියා මහද්වීපය තුළ පිහිටි මුහුදක් වන්නේ,~~චීන මුහුද ~0
~~~~~~~~~~~~~~~~කැස්පියන් මුහුද~1
~~~~~~~~~~~~~~~~ජපන් මුහුද~0
~~~~~~~~~~~~~~~~රතු මුහුද~0
2~2017~7~geography-07-t1-l01-ep02~2~1~1~අප ජීවත්වන පෘථිවි ගෝලය~ලෝකයේ මහද්වීප සහ සාගර~මහද්වීපයක් යනු කුමක් ද යන්න පැහැදිලි කිරීම. ලෝක සිතියමේ මහද්වීප පිහිටා ඇති ආකාරය හා එහි  විශාල ම (ආසියා) මහද්වීපය පිළිබඳව විස්තර කිරීම.~01:00:00~6~~~අභ්‍යන්තරයේ පිහිටි මුහුදකට හොඳම නිදසුන තෝරන්න.~~රතු මුහුද ~0
~~~~~~~~~~~~~~~~මධ්‍යධරණී මුහුද ~0
~~~~~~~~~~~~~~~~කැස්පියන් මුහුද ~1
~~~~~~~~~~~~~~~~ජපන් මුහුද~0
~~~~~~~~~~~7~~~ලෝකයේ මහද්වීප අතර කුඩා ම මහද්වීපය වන්නේ,~~අප්‍රිකා ~0
~~~~~~~~~~~~~~~~උතුරු ඇමරිකා ~0
~~~~~~~~~~~~~~~~යුරෝපා ~0
~~~~~~~~~~~~~~~~ඔස්ට්‍රේලියා~1
~~~~~~~~~~~8~~~දකුණු ආසියාතික රටක් නොවන රට තෝරන්න.~~භූතානය ~0
~~~~~~~~~~~~~~~~නේපාලය ~0
~~~~~~~~~~~~~~~~ඇෆ්ගනිස්ථානය ~1
~~~~~~~~~~~~~~~~ඉන්දියාව~0
~~~~~~~~~~~9~~~ලෝකයේ විශාල ම දූපත ලෙස වැදගත් වන්නේ,~~මැඩගස්කරය ~0
~~~~~~~~~~~~~~~~ග්‍රීන්ලන්තය ~1
~~~~~~~~~~~~~~~~අයිස්ලන්තය~0
~~~~~~~~~~~~~~~~ජපානය~0
~~~~~~~~~~~10~~~සැන්ෆ්‍රැන්සිස්කෝ නගරය දක්නට ලැබෙන්නේ කුමන රටක ද? ~~ඇමරිකාව~1
~~~~~~~~~~~~~~~~බ්‍රිතාන්‍ය ~0
~~~~~~~~~~~~~~~~ප්‍රංශය~0
~~~~~~~~~~~~~~~~චීනය~0
3~2017~7~geography-07-t1-l02-ep03~3~1~2~ශ්‍රී ලංකාවේ අනන්‍යතාව~ශ්‍රී ලංකාවේ භූගොලීය අනන්‍යතාවය~ශ්‍රී ලංකාව දූපතක් වශයෙන් බාහිර හා අභ්‍යන්තර පිහිටීමේ වැදගත්කම පිළිබඳ විස්තර කිරීම. ~01:00:00~11~~~ශ්‍රී ලංකාවේ වැදගත් වූ විශාල ම ස්වභාවික වරාය නිවැරදිව තෝරන්න.~~කොළඹ ~0
~~~~~~~~~~~~~~~~දඹකොළ පටුන ~0
~~~~~~~~~~~~~~~~ගෝකණ්ණ ~1
~~~~~~~~~~~~~~~~මඩකලපුව~0
~~~~~~~~~~~12~~~ග්‍රීන්ලන්තය අයත් වන්නේ කුමන මහද්වීපයට දැයි තෝරන්න.~~යුරෝපා ~0
~~~~~~~~~~~~~~~~උතුරු ඇමරිකා ~1
~~~~~~~~~~~~~~~~අප්‍රිකා ~0
~~~~~~~~~~~~~~~~දකුණු ඇමරිකා~0
~~~~~~~~~~~13~~~ශ්‍රී ලංකාවේ මධ්‍ය කඳුකරය ආශ්‍රිතව දැකිය හැකි හොඳින් ම වැවෙන වාණිජ භෝගය වන්නේ,~~රබර්~0
~~~~~~~~~~~~~~~~කෝපි ~0
~~~~~~~~~~~~~~~~තේ~1
~~~~~~~~~~~~~~~~පොල්~0
~~~~~~~~~~~14~~~ශ්‍රී ලංකාවේ දිග ම ගංඟාව ආශ්‍රිතව පිහිටි අතීත රාජධානිය නිවැරදිව තෝරන්න.~~අනුරාධපුර ~0
~~~~~~~~~~~~~~~~පොළොන්නරුව ~1
~~~~~~~~~~~~~~~~කුරුණෑගල~0
~~~~~~~~~~~~~~~~දඹදෙණිය~0
~~~~~~~~~~~15~~~ශ්‍රී ලංකාවේ වියළි කලාපයට අයත් ප්‍රදේශ තෝරන්න.~~යාපනය ~0
~~~~~~~~~~~~~~~~මහනුවර ~0
~~~~~~~~~~~~~~~~අනුරාධපුර ~1
~~~~~~~~~~~~~~~~මහියංගනය~0
4~2017~7~geography-07-t1-l02-ep04~4~1~2~ශ්‍රී ලංකාවේ අනන්‍යතාව~ශ්‍රී ලංකාවේ ප්‍රධාන භූ විෂමතා කලාප~ශ්‍රී ලංකාවේ භූ දර්ශන කලාප හඳුනාගැනීම හා ඒවා පිහිටීමේ වැදගත්කම උදාහරණ සහිතව  විස්තර කිරීම.~01:00:00~16~~~වියළි කලාපය තුළ හොඳින් ම වගාවන භෝගයක් වන්නේ,~~තේ ~0
~~~~~~~~~~~~~~~~කුරුඳු ~0
~~~~~~~~~~~~~~~~වී ~1
~~~~~~~~~~~~~~~~ගම්මිරිස්~0
~~~~~~~~~~~17~~~ලංකාවේ ප්‍රධාන නිදහස් වෙළෙඳ කලාපයක් දක්නට නොලැබෙන පිළිතුර තෝරන්න.~~බියගම~0
~~~~~~~~~~~~~~~~කොළඹ ~1
~~~~~~~~~~~~~~~~කොග්ගල ~0
~~~~~~~~~~~~~~~~කටුනායක~0
~~~~~~~~~~~18~~~ශ්‍රී ලංකාවේ සංචාරක කර්මාන්තය සම්බන්ධයෙන් වඩාත් වැදගත් වන්නේ,~~කඳුකර ප්‍රදේශය ~0
~~~~~~~~~~~~~~~~වියළි කලාපය ~0
~~~~~~~~~~~~~~~~වෙරළාශ්‍රිත ප්‍රදේශය~1
~~~~~~~~~~~~~~~~තෙත් කලාපය~0
~~~~~~~~~~~19~~~ශ්‍රී ලංකාවේ වියළි කලාපයට අයත් ශේෂ කන්දක් නොවන්නේ,~~සමනල ~0
~~~~~~~~~~~~~~~~රිටිගල  ~0
~~~~~~~~~~~~~~~~මහියංගනය ~1
~~~~~~~~~~~~~~~~හික්කඩුව~0
~~~~~~~~~~~20~~~ශ්‍රී ලංකාවේ අලංකාර සංචාරක ආකර්ශණ ප්‍රදේශයක් නොවන පිළිතුර තෝරන්න.~~උණවටුන~0
~~~~~~~~~~~~~~~~පාසිකුඩා ~0
~~~~~~~~~~~~~~~~මහියංගනය ~1
~~~~~~~~~~~~~~~~හික්කඩුව~0
5~2017~7~geography-07-t1-l02-ep05~5~1~2~ශ්‍රී ලංකාවේ අනන්‍යතාව~ශ්‍රී ලංකාවේ සාමාජීය අනන්‍යතාව (බහු සංස්කෘතික සමාජය)~බහු සංස්කෘතික සමාජයක් යනු කුමක් ද යන්න හඳුන්වා දීම. බහු සංස්කෘතික සමාජයක් බිහිවීම, බලපෑ හේතු පැහැදිලි  කිරීම, බහු සංස්කෘතික සමාජයෙහි පවතින  ආගමික බලපෑම් පැහැදිලි කිරීම.  සංස්කෘතික අංග හා අස්පෘශ්‍ය, ස්පෘශ්‍ය උරුම පිළිබඳ විස්තර කිරීම.~01:00:00~21~~~කෝනේශ්වරම් කෝවිල දක්නට ලැබෙන ස්ථාන නිවැරදිව තෝරන්න.~~මන්නාරම~0
~~~~~~~~~~~~~~~~ත්‍රිකුණාමලය ~1
~~~~~~~~~~~~~~~~යාපනය~0
~~~~~~~~~~~~~~~~හලාවත~0
~~~~~~~~~~~22~~~ශ්‍රී ලංකාවට බුදුදහම දායාද වූ සමයේ මෙරට සිටි රජතුමා වූයේ,~~දුටුගැමුණු රජතුමා~0
~~~~~~~~~~~~~~~~කාවන්තිස්ස රජතුමා ~0
~~~~~~~~~~~~~~~~දේවානම්පියතිස්ස රජතුමා ~1
~~~~~~~~~~~~~~~~ධාතුසේන රජතුමා~0
~~~~~~~~~~~23~~~සීගිරි රාජධානිය පිහිටා ඇති දිස්ත්‍රික්කය නිවැරදිව තෝරන්න.~~අනුරාධපුර ~0
~~~~~~~~~~~~~~~~මිහින්තලය ~0
~~~~~~~~~~~~~~~~පොළොන්නරුව ~0
~~~~~~~~~~~~~~~~මාතලේ~1
~~~~~~~~~~~24~~~ඉන්දියන් සාගරය තුළ පිහිටි දූපතක් නොවන්නේ,~~අන්දමන් දූපත~0
~~~~~~~~~~~~~~~~මාලදිවයින ~0
~~~~~~~~~~~~~~~~කියුබාව ~1
~~~~~~~~~~~~~~~~නිකොබාර්~0
~~~~~~~~~~~25~~~ශ්‍රී ලංකාව බහු සංස්කෘතික සමාජයක් වීමට බෙහෙවින් ඉවහල් වූ සාධකය වන්නේ,~~වරායන් පිහිටීම ~0
~~~~~~~~~~~~~~~~වෙළඳ ද්‍රව්‍ය පැවතීම ~0
~~~~~~~~~~~~~~~~ආගම් කිහිපයක් වීම ~0
~~~~~~~~~~~~~~~~දූපතක් ලෙස පිහිටීම~1
6~2017~7~geography-07-t1-l02-ep06~6~1~2~ශ්‍රී ලංකාවේ අනන්‍යතාව~ශ්‍රී ලංකාවේ සංස්කෘතික උරුම (ජාතික උරුම)~සංස්කෘතික අංග පිළිබද හැඳින්වීම, ශ්‍රී ලංකාව බහු සංස්කෘතික සමාජයක් වීමට බලපෑ හේතු විස්තර කිරීම. සංස්කෘතික උරුම (අස්පෘශ්‍ය, ස්පෘශ්‍ය උරුම) උදාහරණ සහිතව පැහැදිලි කිරීම.~01:00:00~26~~~වර්තමාන දළදා මාළිගාව අයත් වන්නේ අතීතයේ කුමන රාජධානියට ද?~~අනුරාධපුර~0
~~~~~~~~~~~~~~~~පොළොන්නරුව ~0
~~~~~~~~~~~~~~~~දඹදෙණිය ~0
~~~~~~~~~~~~~~~~මහනුවර~1
~~~~~~~~~~~27~~~මඩු දේවස්ථානය පිහිටා ඇති දිස්ත්‍රික්කය නිවැරදිව තෝරන්න.~~කල්පිටිය ~0
~~~~~~~~~~~~~~~~මන්නාරම~1
~~~~~~~~~~~~~~~~ත්‍රිකුණාමලය ~0
~~~~~~~~~~~~~~~~හලාවත~0
~~~~~~~~~~~28~~~රජරට රාජධානිය ලෙස හඳුන්වන්නේ,~~අනුරාධපුර ~0
~~~~~~~~~~~~~~~~දඹදෙණිය ~0
~~~~~~~~~~~~~~~~පොළොන්නරුව ~0
~~~~~~~~~~~~~~~~අනුරාධපුරය හා පොළොන්නරුව~1
~~~~~~~~~~~29~~~ලංකාවේ විශාල ම වැව නිවැරදිව තෝරන්න.~~කලා වැව ~0
~~~~~~~~~~~~~~~~මින්නේරි වැව~0
~~~~~~~~~~~~~~~~පරාක්‍රම සමූද්‍රය ~1
~~~~~~~~~~~~~~~~අභය වැව~0
~~~~~~~~~~~30~~~ගල් විහාරය නිර්මාණය කළ රජතුමා නිවැරදිව තෝරන්න.~~I විජයබාහු රජතුමා~0
~~~~~~~~~~~~~~~~නිශ්ශංකමල්ල රජතුමා~0
~~~~~~~~~~~~~~~~මහා පරාක්‍රමබාහු රජතුමා ~1
~~~~~~~~~~~~~~~~දුටුගැමුණු රජතුමා~0
7~2017~7~geography-07-t1-l02-ep07~7~1~2~ශ්‍රී ලංකාවේ අනන්‍යතාව~ලෝක උරුම~ලෝක උරුම හැඳින්වීම, ශ්‍රී ලංකාවේ පිහිටි ලෝක උරුම උදාහරණ සහිතව පැහැදිලි කිරීම. (මානව නිර්මිත හා ස්වභාවික නිර්මිත)~01:00:00~31~~~එක ම රජකෙනෙකු පමණක් පාලනය කර ඇති රාජධානිය නිවැරදිව තෝරන්න. ~~අනුරාධපුර රාජධානිය~0
~~~~~~~~~~~~~~~~සීගිරිය රාජධානිය~1
~~~~~~~~~~~~~~~~දඹදෙණිය රාජධානිය~0
~~~~~~~~~~~~~~~~ගම්පොළ රාජධානිය~0
~~~~~~~~~~~32~~~ශ්‍රී ලංකාවේ අවසාන රාජධානිය නිවැරදිව තෝරන්න. ~~යාපහුව රාජධානිය~0
~~~~~~~~~~~~~~~~මහනුවර රාජධානිය~1
~~~~~~~~~~~~~~~~කෝට්ටේ රාජධානිය~0
~~~~~~~~~~~~~~~~දඹදෙණිය රාජධානිය~0
~~~~~~~~~~~33~~~ශ්‍රි ලංකාවේ මානව නිර්මිත ස්ථාන අතරින් දකුණු පළාතට අයත් නිර්මාණය නිවැරදිව තෝරන්න. ජඩ~~දඹදෙණිය~0
~~~~~~~~~~~~~~~~දඹුලු විහාරය~0
~~~~~~~~~~~~~~~~ගාලුකොටුව~1
~~~~~~~~~~~~~~~~සීගිරිය~0
~~~~~~~~~~~34~~~ශ්‍රී ලංකාවේ ආදිවාසී ජනතාව ජීවත් නොවන ප්‍රදේශය තෝරන්න.~~බදුල්ල~1
~~~~~~~~~~~~~~~~මහියංගනය~0
~~~~~~~~~~~~~~~~දඹාන~0
~~~~~~~~~~~~~~~~හෙන්නානිගල ~0
~~~~~~~~~~~35~~~මධ්‍යම කඳුකරය ආශ්‍රිත ව පිහිටි රාජධානිය නිවැරදිව තෝරන්න. ~~දඹදෙණිය රාජධානිය~0
~~~~~~~~~~~~~~~~කුරුණෑගල රාජධානිය~0
~~~~~~~~~~~~~~~~ගම්පොළ රාජධානිය~1
~~~~~~~~~~~~~~~~පේරාදෙණිය රාජධානිය~0
8~2017~7~geography-07-t1-l02-ep08~8~1~2~ශ්‍රී ලංකාවේ අනන්‍යතාව~ස්පෘශ්‍ය උරුම~ස්පෘශ්‍ය උරුම යනු කුමක් ද යන්න හඳුන්වාදීම, ශ්‍රී ලංකාවේ ලෝක උරුම වර්ෂ සමඟ විස්තර කිරීම හා ඒවායේ පවතින ස්පෘශ්‍ය උරුම පැහැදිලි කිරීම.~01:00:00~36~~~මහනුවර දළදා මාළිගාවේ පත්තිරිප්පුව ඉඳි කළ රජතුමා කවුද?~~I විමලධර්මසූරිය රජතුමා~0
~~~~~~~~~~~~~~~~රාජාධිරාජසිංහ රජතුමා~0
~~~~~~~~~~~~~~~~ශ්‍රී වික්‍රම රාජසිංහ රජතුමා~1
~~~~~~~~~~~~~~~~II විමලධර්මසූරිය රජතුමා~0
~~~~~~~~~~~37~~~සීගිරි චිත්‍ර තුළින් මනා ලෙස අනාවරණය වන කරුණ කුමක් ද? ~~මූර්ති~0
~~~~~~~~~~~~~~~~රාජ්‍ය අනුග්‍රහය~0
~~~~~~~~~~~~~~~~වාස්තු විද්‍යාව~0
~~~~~~~~~~~~~~~~විදේශ සම්බන්ධතා~1
~~~~~~~~~~~38~~~සීගිරියේ අසිරිය පිළිබඳ ජනතාවගේ අදහස් ලියා තැබූ ස්ථානය වන්නේ, ~~කැටපත් පවුර~1
~~~~~~~~~~~~~~~~පියගැටපෙළ~0
~~~~~~~~~~~~~~~~සිංහපාද මලුව~0
~~~~~~~~~~~~~~~~බලකොටුව~0
~~~~~~~~~~~39~~~සීගිරිය ඉඳිවූයේ කුමන රාජධානි සමයේ ද? ~~පොළොන්නරුව~0
~~~~~~~~~~~~~~~~දඹදෙණිය~0
~~~~~~~~~~~~~~~~මහනුවර~0
~~~~~~~~~~~~~~~~අනුරාධපුර~1
~~~~~~~~~~~40~~~ගාලුකොටුව ලෝක උරුම ලැයිස්තුවට එක් වූ වර්ෂය නිවැරදිව තෝරන්න. ~~1988~1
~~~~~~~~~~~~~~~~1991~0
~~~~~~~~~~~~~~~~1982~0
~~~~~~~~~~~~~~~~1983~0
9~2017~7~geography-07-t1-l02-ep09~9~1~2~ශ්‍රී ලංකාවේ අනන්‍යතාව~සංස්කෘතිකාංග හා උත්සව (අස්පෘශ්‍ය උරුම)~අස්පෘශ්‍ය උරුම යනු කුමක් ද යන්න  හඳුන්වා දීම. එය බුදුදහම හා බැඳී පවතින ආකාරය පිළිබඳ විස්තර කිරීම, දකුණු ආසියාවත් සමඟ ශ්‍රී ලංකාවේ වැදගත්කම හා ලංකාව බහු සංස්කෘතික සමාජයක් වීමට බලපෑ හේතු පිළිබඳ පැහැදිලි කිරීම.~01:00:00~41~~~මේ අතරින් දකුණු ආසියාතික කලාපයට අයත් නොවන රට තෝරන්න.~~මාලදිවයින~0
~~~~~~~~~~~~~~~~චීනය~1
~~~~~~~~~~~~~~~~භූතානය~0
~~~~~~~~~~~~~~~~ඉන්දියාව~0
~~~~~~~~~~~42~~~මේ අතරින් අස්පෘශ්‍ය උරුමය කුමක්ද?~~නැටුම්~1
~~~~~~~~~~~~~~~~බුදු පිළිම~0
~~~~~~~~~~~~~~~~මාළිඟා~0
~~~~~~~~~~~~~~~~වැව්~0
~~~~~~~~~~~43~~~මහනුවර දළදා මාළිගාව ඉඳි කළ රජතුමා වන්නේ,~~II රාජසිංහ රජතුමා~0
~~~~~~~~~~~~~~~~I විමලධර්මසූරිය රජතුමා~1
~~~~~~~~~~~~~~~~ශ්‍රී වික්‍රම රාජසිංහ රජතුමා~0
~~~~~~~~~~~~~~~~රාජාධිරාජසිංහ රජතුමා~0
~~~~~~~~~~~44~~~මහනුවර මඟුල් මඩුව ඉඳි කළ රජතුමා නිවැරදිව තෝරන්න.~~ශ්‍රී වික්‍රම රාජසිංහ රජතුමා~0
~~~~~~~~~~~~~~~~කීර්ති ශ්‍රී රාජසිංහ රජතුමා~0
~~~~~~~~~~~~~~~~රාජාධිරාජසිංහ රජතුමා~0
~~~~~~~~~~~~~~~~II විමලධර්මසූරිය රජතුමා~1
~~~~~~~~~~~45~~~පැරණි අනුරාධපුර නගරය ලෝක උරුම ලැයිස්තුවට එක් වූ වර්ෂය නිවැරදිව තෝරන්න.~~1982~1
~~~~~~~~~~~~~~~~1988~0
~~~~~~~~~~~~~~~~1991~0
~~~~~~~~~~~~~~~~2000~0
10~2017~7~geography-07-t1-l02-ep10~10~1~2~ශ්‍රී ලංකාවේ අනන්‍යතාව~ශ්‍රී ලංකාවේ සමාජ සංවර්ධනය හා ඊට හේතු මෙන් ම දකුණු අසියාතික කලාපය~දකුණු ආසියාතික කලාප හැඳින්වීම, ඒවායේ පොදු ගැටලු විස්තර කිරීම හා දකුණු ආසියාතික කලාපයට අයත් ශ්‍රී ලංකාවේ සාමාජීය සංවර්ධනය විස්තර කිරීම හා සාර්ක් සංවිධානය පිළිබඳ කරුණු පැහැදිලි කිරීම.~01:00:00~46~~~එවරස්ට් කන්ද අයත් වන වර්තමාන දකුණු ආසියාතික රට වන්නේ, ~~ඉන්දියාව~0
~~~~~~~~~~~~~~~~පාකිස්ථානය~0
~~~~~~~~~~~~~~~~නේපාලය~1
~~~~~~~~~~~~~~~~බංගලාදේශය~0
~~~~~~~~~~~47~~~ඉපැරණි ඉන්දු නිම්න ශිෂ්ටාචාරය අයත් වන රට නිවැරදිව තෝරන්න. ~~ඇෆ්ගනිස්ථානය~0
~~~~~~~~~~~~~~~~පාකිස්ථානය~1
~~~~~~~~~~~~~~~~ඉන්දියාව~0
~~~~~~~~~~~~~~~~බංගලාදේශය~0
~~~~~~~~~~~48~~~විශාලම ඩෙල්ටාව සහිත දකුණු ආසියාතික රට තෝරන්න. ~~බංගලාදේශය~1
~~~~~~~~~~~~~~~~පාකිස්ථානය~0
~~~~~~~~~~~~~~~~භූතානය~0
~~~~~~~~~~~~~~~~නේපාලය~0
~~~~~~~~~~~49~~~සාක්ෂරතා මට්ටම් අනුව 2015 වර්ෂය වන විට ශ්‍රි ලංකාව දෙවැනි වන එකම රට කුමක්ද?~~ඉන්දියාව~0
~~~~~~~~~~~~~~~~මාලදිවයින~1
~~~~~~~~~~~~~~~~නේපාලය~0
~~~~~~~~~~~~~~~~පාකිස්ථානය~0
~~~~~~~~~~~50~~~සාගර තීරයක් හිමි නොවන දකුණු ආසියාතික කලාපයේ රට නිවැරදිව තෝරන්න. ~~ඉන්දියාව~0
~~~~~~~~~~~~~~~~පාකිස්ථානය~0
~~~~~~~~~~~~~~~~බංගලාදේශය~0
~~~~~~~~~~~~~~~~භූතානය~1
11~2017~7~geography-07-t2-l03-ep01~1~2~3~ශ්‍රී ලංකාවේ භූ දර්ශනය~ශ්‍රී ලංකාවේ භූ දර්ශනය හැඳින්වීම~භූ දර්ශනය යනු කුමක් ද යන්න හැඳින්වීම හා ශ්‍රී ලංකාවේ ප්‍රාදේශීය භූ දර්ශන පිළිබඳ විස්තර කිරීම. (කඳුකර, වියළි, තෙත්, යාපන අර්ධද්වීපය හා වෙරළ තීරය)~01:00:00~51~~~ශ්‍රී ලංකාවේ කඳූකර භූ දර්ශනයට අයත් සානුව නිවැරදිව තෝරන්න. ~~තොටපොල~0
~~~~~~~~~~~~~~~~නමුණුකුල~0
~~~~~~~~~~~~~~~~වැලිමඩ~1
~~~~~~~~~~~~~~~~හපුතලේ~0
~~~~~~~~~~~52~~~ශ්‍රී ලංකාවේ වියළි කලාපයට අයත් ශේෂ කන්ද නිවැරදිව තෝරන්න.~~රාගල~0
~~~~~~~~~~~~~~~~රිටිගල~1
~~~~~~~~~~~~~~~~ලුණුගල~0
~~~~~~~~~~~~~~~~නකල්ස්~0
~~~~~~~~~~~53~~~පරාක්‍රම සමූද්‍රය නිර්මාණය වූයේ කුමන ගංඟාව ආසන්නයේ ද?~~කලා ඔය~0
~~~~~~~~~~~~~~~~මල්වතු ඔය~1
~~~~~~~~~~~~~~~~මහවැලි ගඟ~0
~~~~~~~~~~~~~~~~දැදුරු ඔය~0
~~~~~~~~~~~54~~~සේනානායක සමූද්‍රය පිහිටියේ කුමන ගංඟාව ඇසුරෙන් ද?~~දැඳුරු ඔය~0
~~~~~~~~~~~~~~~~ගල් ඔය~1
~~~~~~~~~~~~~~~~කිරිඳි ඔය~0
~~~~~~~~~~~~~~~~යාන් ඔය~0
~~~~~~~~~~~55~~~ශ්‍රී ලංකාවේ රජරට රාජධානියට අයත් රාජධානිය නිවැරදිව තෝරන්න.  ~~දඹදෙණිය රාජධානිය~0
~~~~~~~~~~~~~~~~කෝට්ටේ රාජධානිය~0
~~~~~~~~~~~~~~~~පොළොන්නරුව රාජධානිය~1
~~~~~~~~~~~~~~~~කුරුණෑගල රාජධානිය~0
11~2017~7~geography-07-t2-l03-ep02~2~2~3~ශ්‍රී ලංකාවේ භූ දර්ශනය~කඳුකර භූ දර්ශනය~කඳුකර භූ දර්ශනයට අයත් විශේෂ ලක්ෂණ (මානව ක්‍රියාකාරකම්, කඳු වැටි, දියඇලි, දුර්ග, සානු) ආදී කරුණු සහ කඳුකර භූ දර්ශනයට තේ වගාව යෝග්‍ය වීමට හේතු හා තේ වගාව නිසා ඇති වූ බලපෑම් පිළිබඳ විස්තර කිරීම. ~01:00:00~56~~~ලංකාවේ අවසන් රාජධානිය කුමක්ද? ~~කෝට්ටේ රාජධානිය~0
~~~~~~~~~~~~~~~~දඹදෙණිය රාජධානිය~0
~~~~~~~~~~~~~~~~මහනුවර රාජධානිය~1
~~~~~~~~~~~~~~~~යාපහුව රාජධානිය~0
~~~~~~~~~~~57~~~කඳුකර ප්‍රදේශයේ දක්නට ලැබෙන ප්‍රධාන වාණිජ භෝගය වන්නේ, ~~තේ~1
~~~~~~~~~~~~~~~~කුරුඳු~0
~~~~~~~~~~~~~~~~කෝපි~0
~~~~~~~~~~~~~~~~රබර්~0
~~~~~~~~~~~58~~~මහනුවර රාජධානිය පිහිටියේ කුමන ගංඟාව ආසන්නයේ ද? ~~මහවැලි ගඟ~1
~~~~~~~~~~~~~~~~කැළණි ගඟ~0
~~~~~~~~~~~~~~~~කළු ගඟ~0
~~~~~~~~~~~~~~~~වලවේ ගඟ~0
~~~~~~~~~~~59~~~ශ්‍රී ලංකාවේ විශාල ම ස්වභාවික වරාය වන්නේ, ~~ත්‍රිකුණාමලය~1
~~~~~~~~~~~~~~~~මඩකලපුව~0
~~~~~~~~~~~~~~~~ගාල්ල~0
~~~~~~~~~~~~~~~~කොළඹ~0
~~~~~~~~~~~60~~~ශ්‍රී ලංකාවේ දිග ම ගංඟාව මුහුදට වැටෙන ස්ථානය නිවැරදිව තෝරන්න. ~~මඩකලපුව~0
~~~~~~~~~~~~~~~~ත්‍රිකුණාමලය~1
~~~~~~~~~~~~~~~~කොළඹ~0
~~~~~~~~~~~~~~~~ගාල්ල~0
13~2017~7~geography-07-t2-l03-ep03~3~2~3~ශ්‍රී ලංකාවේ භූ දර්ශනය~වියළි කලාපීය භූ දර්ශනය~ශ්‍රී ලංකාවේ වියළි කලාපීය භූ දර්ශනය දැකිය හැකි ප්‍රදේශ, ඒවායේ ලක්ෂණ හැඳින්වීම, ශේෂ කඳු සහ වැව් තැනීම, ආර්ථිකය, හේන් ගොවිතැනල ආගමික වැදගත්කම හා වියළි කලාපීය රාජධානි පිළිබඳ විස්තර කිරීම.~01:00:00~61~~~අටමස්ථානයට අයත් නොවන ආගමික ස්ථානය තෝරන්න. ~~රුවන්වැලිසෑය~0
~~~~~~~~~~~~~~~~ථූපාරාමය~0
~~~~~~~~~~~~~~~~කතරගම~1
~~~~~~~~~~~~~~~~මිරිසවැටිය~0
~~~~~~~~~~~62~~~කෝනේශ්වරම් කෝවිල අයත් නගරය කුමක් ද? ~~මන්නාරම~0
~~~~~~~~~~~~~~~~ත්‍රිකුණාමලය~1
~~~~~~~~~~~~~~~~හලාවත~0
~~~~~~~~~~~~~~~~අනුරාධපුර~0
~~~~~~~~~~~63~~~සීගිරිය ආරක්ෂක බලකොටුවක් ලෙස යොදාගත් රජතුමා කවුද? ~~ධාතුසේන රජතුමා~0
~~~~~~~~~~~~~~~~මුගලන් රජතුමා~0
~~~~~~~~~~~~~~~~I කාශ්‍යප රජතුමා~1
~~~~~~~~~~~~~~~~II කාශ්‍යප රජතුමා~0
~~~~~~~~~~~64~~~රජරට රාජධානිය පෝෂණය කළ ගංඟාව තෝරන්න. ~~වලවේ ගඟ~0
~~~~~~~~~~~~~~~~මැණික් ගඟ~0
~~~~~~~~~~~~~~~~ගිං ගඟ~0
~~~~~~~~~~~~~~~~මහවැලි ගඟ~1
~~~~~~~~~~~65~~~ලංකාවේ ඉඳි වූ පළමු වැව කුමක්ද?~~අභය වැව~1
~~~~~~~~~~~~~~~~කලා වැව~0
~~~~~~~~~~~~~~~~මින්නේරි වැව~0
~~~~~~~~~~~~~~~~නුවර වැව~0
14~2017~7~geography-07-t2-l03-ep04~4~2~3~ශ්‍රී ලංකාවේ භූ දර්ශනය~වියළි කලාපීය භූ දර්ශනය හා අතීත ආර්ථිකය~ශ්‍රී ලංකාවේ වියළි කලාපීය භූ දර්ශනය දැකිය හැකි ප්‍රදේශ, ඒවායේ ලක්ෂණ ඒවායේ ශේෂ කඳු, අතීත වී වගාව, වැව් ඉදිකල රජවරු, ගොවි ජනපද ව්‍යාපාරය, රැකියා, මහවැලි යෝජනා ක්‍රමය හා අනුරාධපුර, පොළොන්නරු රාජධානි පිළිබඳ විස්තර කිරීම.~01:00:00~66~~~ශ්‍රී ලංකාවේ පළමු රාජධානිය නිවැරදිව තෝරන්න.~~මාගම රාජධානිය ~0
~~~~~~~~~~~~~~~~සීගිරිය රාජධානිය~0
~~~~~~~~~~~~~~~~අනුරාධපුර රාජධානිය~1
~~~~~~~~~~~~~~~~දඹදෙණිය රාජධානිය~0
~~~~~~~~~~~67~~~රජරට වැව්වලට ජලය සැපයෙන ප්‍රධාන ගංඟාවක් වන්නේ, ~~මහවැලි ගඟ ~1
~~~~~~~~~~~~~~~~දැඳුරු ඔය~0
~~~~~~~~~~~~~~~~වලවේ ගඟ~0
~~~~~~~~~~~~~~~~කැළණි ගඟ~0
~~~~~~~~~~~68~~~මන්නාරම දිස්ත්‍රික්කයේ පිහිටා ඇති දේවස්ථානය නිවැරදිව තෝරන්න. ~~මඩු දේවස්ථානය ~1
~~~~~~~~~~~~~~~~නල්ලූර් කෝවිල ~0
~~~~~~~~~~~~~~~~මුන්නේෂ්වරම් කෝවිල~0
~~~~~~~~~~~~~~~~තිරුකේෂ්වරම් කෝවිල~0
~~~~~~~~~~~69~~~පොළොන්නරු රාජධානිය පිහිටා ඇත්තේ කුමන ගංඟාව ආසන්නයේ ද?~~කලා ඔය ~0
~~~~~~~~~~~~~~~~මල්වතු ඔය~0
~~~~~~~~~~~~~~~~මහවැලි ගඟ~1
~~~~~~~~~~~~~~~~යාන් ඔය~0
~~~~~~~~~~~70~~~සීගිරි රාජධානිය පිහිටා ඇති දිස්ත්‍රික්කය නිවැරදිව තෝරන්න. ~~අනුරාධපුර~0
~~~~~~~~~~~~~~~~මාතලේ ~1
~~~~~~~~~~~~~~~~දඹුල්ල~0
~~~~~~~~~~~~~~~~පොළොන්නරුව~0
15~2017~7~geography-07-t2-l03-ep05~5~2~3~ශ්‍රී ලංකාවේ භූ දර්ශනය~තෙත් කලාපීය භූ දර්ශනය~ශ්‍රී ලංකාවේ තෙත් කලාපීය භූ දර්ශනය හා එහි ලක්ෂණ හැඳින්වීම. තෙත් කලාපයේ රැකියාවන්, කාර්මික අංශයේ වැදගත්කම, යටිතල පහසුකම් හා පොල් වගාව පිළිබඳ විස්තර කිරීම.~01:00:00~71~~~අතීතයේ තෙත් කලාපයේ ආරම්භ වූ පළමු රාජධානිය කුමක් ද?~~යාපහුව~0
~~~~~~~~~~~~~~~~කුරුණෑගල~0
~~~~~~~~~~~~~~~~කෝට්ටේ~0
~~~~~~~~~~~~~~~~දඹදෙණිය~1
~~~~~~~~~~~72~~~කොළඹ ආසන්නයේ පිහිටි ගංඟාව කුමක් ද? ~~කැළණි ගඟ~1
~~~~~~~~~~~~~~~~කළු ගඟ~0
~~~~~~~~~~~~~~~~මහවැලි ගඟ~0
~~~~~~~~~~~~~~~~මහ ඔය~0
~~~~~~~~~~~73~~~ශ්‍රී ලංකාවේ පළමු කාර්මික ජනපදය පිහිටියේ කොහේ ද? ~~කටුනායක~0
~~~~~~~~~~~~~~~~බියගම~0
~~~~~~~~~~~~~~~~ඒකල~1
~~~~~~~~~~~~~~~~කොළඹ~0
~~~~~~~~~~~74~~~තෙත් කලාපයට අයත් නොවන ගංඟාව කුමක් ද?~~කිරිඳි ඔය~1
~~~~~~~~~~~~~~~~ගිං ගඟ~0
~~~~~~~~~~~~~~~~කළු ගඟ~0
~~~~~~~~~~~~~~~~කැළණි ගඟ~0
~~~~~~~~~~~75~~~කොග්ගල ආයෝජන ප්‍රවර්ධන කලාපය අයත් වන දිස්ත්‍රික්කය කුමක් ද? ~~මාතර~0
~~~~~~~~~~~~~~~~කොළඹ~0
~~~~~~~~~~~~~~~~ගාල්ල~1
~~~~~~~~~~~~~~~~ගම්පහ~0
16~2017~7~geography-07-t2-l03-ep06~6~2~3~ශ්‍රී ලංකාවේ භූ දර්ශනය~යාපනය අර්ධද්වීපය හා යාබද දූපත් ආශ්‍රිත භූ දර්ශනය~යාපනය අර්ධද්වීපය ආශ්‍රිත දූපත්, යාපන අර්ධද්වීප භූ දර්ශනයේ පාරිසරික ලක්ෂණ, එහි ජලය සපයාගන්නා ක්‍රම, යාපනය අර්ධද්වීපයට ආවේණික වූ වගාවන්,  කර්මාන්ත, හින්දු ආගමික පරිසරය, සංචාරක කර්මාන්තය, යාපනය රාජධානිය ආදී කරුණු පිළිබඳ විස්තර කිරීම.~01:00:00~76~~~යාපන අර්ධද්වීපය තුළ පිහිටි බෞද්ධ ආගම හා වැදගත් දූපත නිවැරදිව තෝරන්න. ~~ඩෙල්ෆ්~0
~~~~~~~~~~~~~~~~නාගදීපය~1
~~~~~~~~~~~~~~~~කයිට්ස්~0
~~~~~~~~~~~~~~~~කල්පිටිය~0
~~~~~~~~~~~77~~~අතීතයේ මුතු කිමිදීම හා වැදගත් වූ ප්‍රදේශය නම් කරන්න. ~~මන්නාරම~1
~~~~~~~~~~~~~~~~අලිමංකඩ~0
~~~~~~~~~~~~~~~~මුලතිව්~0
~~~~~~~~~~~~~~~~කයිට්ස්~0
~~~~~~~~~~~78~~~යාපන අර්ධද්වීපයේ දක්නට ලැබෙන ප්‍රධාන වගාවක් වන්නේ,  ~~තල්~1
~~~~~~~~~~~~~~~~පොල්~0
~~~~~~~~~~~~~~~~රබර්~0
~~~~~~~~~~~~~~~~තේ~0
~~~~~~~~~~~79~~~යාපන අර්ධද්වීපය තුළ ලුණු ලේවායක් දක්නට ලැබෙන ප්‍රදේශය නිවැරදිව තෝරන්න. ~~නල්ලූර්~0
~~~~~~~~~~~~~~~~යාපනය~0
~~~~~~~~~~~~~~~~එලිෆන්ට්පාස්~1
~~~~~~~~~~~~~~~~මන්නාරම~0
~~~~~~~~~~~80~~~යාපන අර්ධද්වීපයට අයත් ප්‍රධාන ආගම වන්නේ,~~බුදු දහම~0
~~~~~~~~~~~~~~~~හින්දු දහම~1
~~~~~~~~~~~~~~~~ඉස්ලාම් දහම~0
~~~~~~~~~~~~~~~~කිතු දහම~0
17~2017~7~geography-07-t2-l03-ep07~7~2~3~ශ්‍රී ලංකාවේ භූ දර්ශනය~වෙරළාශ්‍රිත භූ දර්ශනය~වෙරළාශ්‍රිත භූ දර්ශනය හැඳින්වීම හා එහි ලක්ෂණ, සංචාරක ප්‍රදේශ හා රැකියා, වෙරළාශ්‍රිත ඉදිකරීම්, වෙරළාශ්‍රිත නගර හා ගැටලුු, ධීවර කර්මාන්තය, ධීවර කර්මාන්තය හා බැඳුණු රුකියා, ත්‍රිකුණාමල වරායේ වැදගත්කම ආදී කරුණු පැහැදිලි කිරීම.~01:00:00~81~~~දකුණු ආසියාතික කලාපයේ ලංකාව හැර දූපත් ලෙස පිහිටි රටක් නිවැරදිව තෝරන්න.~~භූතානය~0
~~~~~~~~~~~~~~~~නේපාලය~0
~~~~~~~~~~~~~~~~මාලදිවයින~1
~~~~~~~~~~~~~~~~පාකිස්ථානය~0
~~~~~~~~~~~82~~~වෙරලාශ්‍රිත ප්‍රදේශ වල රැකියාවක් නොවන්නේ,~~ධීවර කර් මාන්තය~0
~~~~~~~~~~~~~~~~කරවල වේලීම~0
~~~~~~~~~~~~~~~~උම්බලකඩ සෑදීම~0
~~~~~~~~~~~~~~~~ගඩොල් කර් මාන්තය~1
~~~~~~~~~~~83~~~ශ්‍රී ලංකාවේ යාපන අර්ධද්වීපයට අයත් ‘තුඩුව’ නිවැරදිව තෝරන්න.~~දෙවුන්දර තුඩුව~0
~~~~~~~~~~~~~~~~පේදුරු තුඩුව~1
~~~~~~~~~~~~~~~~සංගමන්කන්ද තුඩුව~0
~~~~~~~~~~~~~~~~කොමරින් තුඩුව~0
~~~~~~~~~~~84~~~යාපන අර්ධද්වීපයට අයත් ප්‍රධාන හින්දු ආගමික ස්ථානය වන්නේ, ~~මඩු දේවස්ථානය~0
~~~~~~~~~~~~~~~~නල්ලූර් කෝවිල~1
~~~~~~~~~~~~~~~~නාගදීපය~0
~~~~~~~~~~~~~~~~කෝනේශ්වරම් කෝවිල~0
~~~~~~~~~~~85~~~ශ්‍රී ලංකාවේ කොරල්පර සම්බන්ධ වැදගත් ම ප්‍රදේශය වන්නේ,  ~~හික්කඩුව~1
~~~~~~~~~~~~~~~~මාතර~0
~~~~~~~~~~~~~~~~උණවටුන~0
~~~~~~~~~~~~~~~~තංගල්ල~0
18~2017~7~geography-07-t3-l04-ep01~1~3~4~ස්වාභාවික උපද්‍රව සහ ආපදා~ස්වාභාවික උපද්‍රව හා ආපදා (ලංකාව හා ලෝකය)~ස්වාභාවික උපද්‍රව හා ආපදා පැහැදිලි කිරීම, ඒවා ලංකාවට හා අනෙක් රටවල් වලට බලපාන්නේ කෙසේ ද යන්න ආදී කරුණු විස්තර කිරීම. ගංවතුර, සුනාමි හා නියං පිළිබඳව හැඳින්වීම හා ඒවා ඇතිවීමට හේතු උදාහරණ සහිතව පැහැදිලි කිරීම.~01:00:00~86~~~ලෝකයේ ගංවතුර තර්ජනවලට බහුලව ලක්වන රටක් වන්නේ, ~~ඉන්දියාව~0
~~~~~~~~~~~~~~~~භූතානය~0
~~~~~~~~~~~~~~~~බංග්ලාදේශය~1
~~~~~~~~~~~~~~~~නේපාලය~0
~~~~~~~~~~~87~~~ශ්‍රී ලංකාවේ නියං තත්ත්වය දැඩිව බලපාන ප්‍රදේශය තෝරන්න. ~~මොණරාගල~1
~~~~~~~~~~~~~~~~මහනුවර~0
~~~~~~~~~~~~~~~~කෑගල්ල~0
~~~~~~~~~~~~~~~~කොළඹ~0
~~~~~~~~~~~88~~~ශ්‍රී ලංකාවේ ගංවතුර ආපදා වලට ලක්වන දිස්ත්‍රික්කය තෝරන්න. ~~අනුරාධපුර~0
~~~~~~~~~~~~~~~~පොළොන්නරුව~0
~~~~~~~~~~~~~~~~රත්නපුර~1
~~~~~~~~~~~~~~~~යාපනය~0
~~~~~~~~~~~89~~~ප්‍රබල ලෙස මිනිස් ක්‍රියාකාරකම් නොමැතිව සිදුවන ආපදා තත්ත්වය වන්නේ, ~~සුනාමි~1
~~~~~~~~~~~~~~~~ගංවතුර~0
~~~~~~~~~~~~~~~~නියඟය~0
~~~~~~~~~~~~~~~~නායයෑම්~0
~~~~~~~~~~~90~~~ශ්‍රී ලංකාවේ නායයෑමට ලක් නොවන ප්‍රදේශය තෝරන්න. ~~බදුල්ල~0
~~~~~~~~~~~~~~~~කෑගල්ල~0
~~~~~~~~~~~~~~~~මාතලේ~0
~~~~~~~~~~~~~~~~පුත්තලම~1
19~2017~7~geography-07-t3-l04-ep02~2~3~4~ස්වාභාවික උපද්‍රව සහ ආපදා~ශ්‍රී ලංකාවේ ඇතිවන ස්වාභාවික ආපදා හා ඒවාට හේතු, බලපෑම්~උපද්‍රව හා ආපදා ඇතිවීමට හේතු පැහැදිලි කිරීම. උපද්‍රව හා ආපදා සිදුවීමට බලපෑ මිනිස් ක්‍රියාකාරකම්, ඒවායින් සිදුවන බලපෑම් අවම කරන ආකාරය, ඒ සඳහා රජයේ කාර්යභාරය හා ඒවාට වෙන් වූ ආයතන, ජතාවගේ වගකීම් ආදී කරුණු පැහැදිලි කිරීම.~01:00:00~91~~~සුනාමි ඇතිවීමට බලපාන හේතුවක් නොවන්නේ,~~භූමිකම්පා~0
~~~~~~~~~~~~~~~~ගංවතුර~1
~~~~~~~~~~~~~~~~ගිනිකඳු පිපිරීම්~0
~~~~~~~~~~~~~~~~සාගරයට උල්කාපාත වැටීම~0
~~~~~~~~~~~92~~~මෙතෙක් ශ්‍රී ලංකාවට එල්ල වූ බිහිසුණු සුනාමි ආපදාව සිදු වූ වර්ෂය වන්නේ,~~2009~0
~~~~~~~~~~~~~~~~2004~1
~~~~~~~~~~~~~~~~2005~0
~~~~~~~~~~~~~~~~2006~0
~~~~~~~~~~~93~~~නියඟය නිසා ස්වභාවික පරිසරයට සිදුවන හානියක් වන්නේ,~~ජල හිඟය~0
~~~~~~~~~~~~~~~~ආහාර හිඟය~0
~~~~~~~~~~~~~~~~ලැව්ගිනි~1
~~~~~~~~~~~~~~~~කෘෂි අස්වැන්න විනාශ වීම~0
~~~~~~~~~~~94~~~ශ්‍රී ලංකාවේ නායයෑම් වලට ලක් වන ප්‍රදේශය තෝරන්න.~~පොළොන්නරුව~0
~~~~~~~~~~~~~~~~කෑගල්ල~1
~~~~~~~~~~~~~~~~කුරුණෑගල~0
~~~~~~~~~~~~~~~~පුත්තලම~0
~~~~~~~~~~~95~~~ශ්‍රී ලංකාවේ සුළි සුළං වලට ලක් නොවන දිස්ත්‍රික්කය තෝරන්න.~~ත්‍රිකුණාමලය~0
~~~~~~~~~~~~~~~~මඩකලපුව~0
~~~~~~~~~~~~~~~~අම්පාර~0
~~~~~~~~~~~~~~~~කුරුණෑගල~1
20~2017~7~geography-07-t3-l04-ep03~3~3~4~ස්වාභාවික උපද්‍රව සහ ආපදා~නියඟය හා ගංවතුර~නියඟය හා ගංවතුර ඇතිවීමට හේතු, ඒවායින් බලපෑමට ලක්වන දිස්ත්‍රික්ක, එමඟින් මිනිසාට හා පරිසරයට ඇතිවන බලපෑම හා එයින් මිදීමට ගත හැකි ක්‍රියාමාර්ග ආදී කරුණු පිළිබඳ පැහැදිලි කිරීම.~01:00:00~96~~~ගංවතුර ආපදාවන්ට බහුලව ලක්වන දිස්ත්‍රික්කය තෝරන්න.~~මහනුවර~0
~~~~~~~~~~~~~~~~කෑගල්ල~0
~~~~~~~~~~~~~~~~කළුතර~1
~~~~~~~~~~~~~~~~අනුරාධපුර~0
~~~~~~~~~~~97~~~නියඟ බහුලව සිදුවන දිස්ත්‍රික්කයක් නොවන්නේ,~~මොණරාගල~0
~~~~~~~~~~~~~~~~කෑගල්ල~1
~~~~~~~~~~~~~~~~වව්නියාව~0
~~~~~~~~~~~~~~~~හම්බන්තොට~0
~~~~~~~~~~~98~~~ශ්‍රී ලංකාවේ වැඩිම ආපදා තත්වයක් යටතේ ගංවතුර ඇති වන්නේ කුමන ගංඟාව ආශ්‍රිතව ද?~~මහවැලි~1
~~~~~~~~~~~~~~~~වලවේ~0
~~~~~~~~~~~~~~~~කැළණි~0
~~~~~~~~~~~~~~~~ගිං~0
~~~~~~~~~~~99~~~ගංවතුර තර්ජනවලින් මිදීමට ගතහැකි ක්‍රියාමාර්ගයක් නොවන්නේ,~~වර්ෂාව පිළිබඳව විමසිලිමත් වීම.~0
~~~~~~~~~~~~~~~~රජයේ ප්‍රවෘත්තිවලට සවන් දීම.~0
~~~~~~~~~~~~~~~~ගංගාවක් අසල නිවස ඉදිකර ගැනීම.~1
~~~~~~~~~~~~~~~~ආරක්ෂිත ස්ථානවලට යාම.~0
~~~~~~~~~~~100~~~ගංවතුරින් සිදුවන හානියක් නොවන්නේ,~~වන හායනය~1
~~~~~~~~~~~~~~~~වගාබිම් විනාශ වීම.~0
~~~~~~~~~~~~~~~~පානීය ජලය හිඟ වීම.~0
~~~~~~~~~~~~~~~~දේපල හානි~0
21~2017~7~geography-07-t3-l04-ep04~4~3~4~ස්වාභාවික උපද්‍රව සහ ආපදා~නායයෑම් හා සුළි සුළං(සුළි කුණාටු)~නායයෑම් හා සුළි සුළං ඇතිවීමට හේතු පැහැදිලි කිරීම. නායයෑම් හා සුළි සුළං නිසා බලපෑමට ලක්වන දිස්ත්‍රික්ක, නායයෑම් හා සුළි සුළං මඟින් ඇතිවන බලපෑම හා එයින් මිදීමට ගත හැකි ක්‍රියාමාර්ග ආදී කරුණු පිළිබඳ පැහැදිලි කිරීම.~01:00:00~101~~~දකුණු ආසියාතික කලාපයේ වැඩිපුර ම ගංවතුර තර්ජන එල්ල වන රට නිවැරදිව තෝරන්න.~~ඉන්දියාව~0
~~~~~~~~~~~~~~~~පාකිස්ථානය~0
~~~~~~~~~~~~~~~~බංගලාදේශය~1
~~~~~~~~~~~~~~~~භූතානය~0
~~~~~~~~~~~102~~~ශ්‍රී ලංකාවට සුළි සුළං ඇති වීමට බලපාන ප්‍රදේශය කුමක් ද?~~කොමරින් තුඩුව~0
~~~~~~~~~~~~~~~~බෙංගාල බොක්ක~1
~~~~~~~~~~~~~~~~අරාබි මුහුද~0
~~~~~~~~~~~~~~~~පෝක් සමූද්‍ර සන්ධිය~0
~~~~~~~~~~~103~~~ශ්‍රී ලංකාවේ නායයෑම් වලට බහුලව ලක්වන ප්‍රදේශය තෝරන්න.~~කොළඹ~0
~~~~~~~~~~~~~~~~අනුරාධපුර~0
~~~~~~~~~~~~~~~~යාපනය~0
~~~~~~~~~~~~~~~~මාතලේ~1
~~~~~~~~~~~104~~~මිනිස් ක්‍රියාකාරකම් හේතුවෙන් සිදුවන ආපදාවක් ලෙස සැලකිය හැක්කේ,~~නියඟය~0
~~~~~~~~~~~~~~~~ගංවතුර~1
~~~~~~~~~~~~~~~~සුළි සුළං~0
~~~~~~~~~~~~~~~~සුනාමි~0
~~~~~~~~~~~105~~~සින්දු ගංඟාව පිටාර ගැලීම නිසා හානිවිය හැකි රට වන්නේ,~~පාකිස්ථානය~1
~~~~~~~~~~~~~~~~බංග්ලාදේශය~0
~~~~~~~~~~~~~~~~ඉන්දියාව~0
~~~~~~~~~~~~~~~~මාලදිවයින~0
22~2017~7~geography-07-t3-l04-ep05~5~3~4~ස්වාභාවික උපද්‍රව සහ ආපදා~අකුණු සැර හා ඉන් වැළකීම~අකුණු සැර ඇතිවීමට හේතු හා ඉන් සිදුවන හානි පැහැදිලි කිරීම, අකුණු අනතුරු වළක්වා ගතහැකි ක්‍රම, අකුණු අනතුරු සිදුවිය හැකි අවදානම් රැකියා, එයින් මිදීමට රජයට ගත හැකි ක්‍රියාමාර්ග ආදී කරුණු පිළිබඳ පැහැදිලි කිරීම.~01:00:00~106~~~ශ්‍රී ලංකාවට සංවහන ක්‍රියාවලිය සිදුවන මාසයක් නොවන්නේ,~~ජනවාරි~1
~~~~~~~~~~~~~~~~මාර්තු~0
~~~~~~~~~~~~~~~~ඔක්තෝම්බර්~0
~~~~~~~~~~~~~~~~නොවැම්බර්~0
~~~~~~~~~~~107~~~අකුණු සැර ඇතිවීමට ප්‍රධාන බලපෑමක් එල්ල කරන්නේ,~~වර්ෂාව~0
~~~~~~~~~~~~~~~~ජලය~0
~~~~~~~~~~~~~~~~සුළි සුළං~0
~~~~~~~~~~~~~~~~වළාකුළු~1
~~~~~~~~~~~108~~~අකුණු සැර වලින් සිදුවල ප්‍රබල ම තර්ජනය වන්නේ,~~දූරකථන විසන්ධි වීම.~0
~~~~~~~~~~~~~~~~නිවාස අනතුරු~0
~~~~~~~~~~~~~~~~රැහැන් පද්ධතිවලට හානිවීම~0
~~~~~~~~~~~~~~~~ජීවිත හානි~1
~~~~~~~~~~~109~~~අධික ගිගිරුම් සහිත වර්ෂා අවස්ථාවල නිවසේ අකුණු සැර වැදීම වැළැක්වීම සදහා ගතහැකි හොඳ ම ක්‍රියාමාර්ගය වන්නේ,~~දූරකථන භාවිතයෙන් වැළකීම.~0
~~~~~~~~~~~~~~~~උස් ස්ථානයකට යාම~0
~~~~~~~~~~~~~~~~විදුලිය භාවිතයෙන් වැළකීම.~0
~~~~~~~~~~~~~~~~විදුලිය ක්‍රියා විරහිත කිරීම.~1
~~~~~~~~~~~110~~~අකුණු සැර ඇති වීමත් සමඟ දැකිය හැකි පරිසර තත්ත්වයක් වන්නේ,~~සුනාමි~0
~~~~~~~~~~~~~~~~නායයෑම්~0
~~~~~~~~~~~~~~~~ගංවතුර~0
~~~~~~~~~~~~~~~~ගිගිරුම් සහිත වැසි~1
23~2017~7~geography-07-t3-l04-ep06~6~3~4~ස්වාභාවික උපද්‍රව සහ ආපදා~සුනාමි හා භූමිකම්පා~සුනාමි හා භූමිකම්පා ඇතිවීමට හේතු පැහැදිලි කිරීම. ඉන් සිදුවන හානි, සුනාමි හා භූමිකම්පා සිදුවිය හැකි රටවල් හා එයින් මිදීමට ගත හැකි ක්‍රියාමාර්ග ආදී කරුණු පිළිබඳ පැහැදිලි කිරීම.~01:00:00~111~~~සුනාමි තත්ත්වයක් බහුලව සිදු නොවන රට තෝරන්න.~~ශ්‍රී ලංකාව~0
~~~~~~~~~~~~~~~~ප්‍රංශය~1
~~~~~~~~~~~~~~~~බංග්ලාදේශය~0
~~~~~~~~~~~~~~~~මාලදිවයින~0
~~~~~~~~~~~112~~~ශ්‍රී ලංකාවේ සුනාමි තත්ත්වයන්ට බලපෑමක් සිදු නොවන දිස්ත්‍රික්කය තෝරන්න.~~කෑගල්ල~1
~~~~~~~~~~~~~~~~පුත්තලම~0
~~~~~~~~~~~~~~~~ත්‍රිකුණාමලය~0
~~~~~~~~~~~~~~~~මඩකලපුව~0
~~~~~~~~~~~113~~~බහුල ලෙස බෙංගාල බොක්කේ අඩු පීඩන තත්ත්වය බලපෑම් කරන රට නිවැරදිව තෝරන්න.~~ඉන්දියාව~0
~~~~~~~~~~~~~~~~ජාවා~0
~~~~~~~~~~~~~~~~සුමාත්‍රා~0
~~~~~~~~~~~~~~~~බංගලාදේශය~1
~~~~~~~~~~~114~~~සුනාමියක් ඇති වීමට බලපාන සාධකයක් නොවන්නේ,~~ගිගිරුම් සහිත වැසි~0
~~~~~~~~~~~~~~~~භූමිකම්පා~0
~~~~~~~~~~~~~~~~නායයෑම්~0
~~~~~~~~~~~~~~~~ගිනිකඳු පිපිරීම්~1
~~~~~~~~~~~115~~~සුනාමියකින් සිදුවිය හැකි ප්‍රබලම තර්ජනය වන්නේ,~~ගොඩබිම දූෂණය~0
~~~~~~~~~~~~~~~~මානසික අසහනය~0
~~~~~~~~~~~~~~~~යටිතල පහසුකම් විනාශ වීම~0
~~~~~~~~~~~~~~~~ජීවිත හානි~1
24~2017~7~geography-07-t3-l04-ep07~7~3~4~ස්වාභාවික උපද්‍රව සහ ආපදා~ආපදා අවස්ථාවන්ට මුහුණ දීම~ආපදා කළමනාකරණය කිරීම පැහැදිලි කිරීමග නායයෑම්, සුනාමි, අකුණු තත්ත්වයන් වලදී පෙර සූදානම පෙන්වා දීමග ආපදා අවස්ථාවල දී කටයුතු කරන ආකාරය, ආපදාවන්ට ලක්වූවන් වෙනුවෙන් ගත හැකි ක්‍රියාමාර්ග, ආපදා තත්ත්වයක දී ජනතාවගේ හා රජයේ වගකීම හා කාර්යභාර්යය ආදී කරුණු පැහැදිලි කිරීම.~01:00:00~116~~~ශ්‍රී ලංකාවේ නිරන්තර වාර්ෂිකව සිදුවන ආපදාවක් වන්නේ,~~නියඟය~0
~~~~~~~~~~~~~~~~ගංවතුර~1
~~~~~~~~~~~~~~~~සුනාමි~0
~~~~~~~~~~~~~~~~භූමිකම්පා~0
~~~~~~~~~~~117~~~නියඟය සඳහා බලපාන මානුෂ ක්‍රියාකාරකමක් වන්නේ,~~වැලිගොඩ දැමීම~0
~~~~~~~~~~~~~~~~කඩොලාන විනාශ කිරීම~0
~~~~~~~~~~~~~~~~ගස් කැපීම~1
~~~~~~~~~~~~~~~~හිරිගල් කැඩීම~0
~~~~~~~~~~~118~~~සුනාමි තත්ත්වයක් ප්‍රබල වීමට බලපාන මානුෂ ක්‍රියාකාරකමක් වන්නේ,~~නායයෑම්~0
~~~~~~~~~~~~~~~~භූමිකම්පා~0
~~~~~~~~~~~~~~~~උල්කාපාත වැටීම~0
~~~~~~~~~~~~~~~~හිරිගල් කැඩීම~1
~~~~~~~~~~~119~~~සුනාමි තත්ත්වයක් නිසා වැඩි ම හානි සිදුවන කර්මාන්තය වන්නේ,~~තේ~0
~~~~~~~~~~~~~~~~රබර්~0
~~~~~~~~~~~~~~~~ප්ලාස්ටික්~0
~~~~~~~~~~~~~~~~සංචාරක~1
~~~~~~~~~~~120~~~2004 වසරේ දී ශ්‍රී ලංකාවට බලපෑ සුනාමි තත්ත්වයෙන් වැඩි ම බලපෑමක් එල්ල වූ දිස්ත්‍රික්කය වන්නේ,~~කුරුණෑගල~0
~~~~~~~~~~~~~~~~ත්‍රිකුණාමලය~1
~~~~~~~~~~~~~~~~කෑගල්ල~0
~~~~~~~~~~~~~~~~මහියංගනය~0
25~2017~7~geography-07-t3-l04-ep08~8~3~4~ස්වාභාවික උපද්‍රව සහ ආපදා~ගෝලීය දේශගුණික වෙනස්වීම්~දේශගුණික වෙනස්වීම් පැහැදිලි කිරීම. දේශගුණික වෙනස්වීම් ඇතිවීමට හේතු, දේශගුණික වෙනස්වීම් ඇතිවීමේ ප්‍රතිඵල, එය ශ්‍රී ලංකාවට බලපාන ආකාරය, මුහුදු ජල මට්ටමේ ඉහළ යෑම හා අධික වැසි වල බලපෑම ආදී කරුණු පැහැදිලි කිරීම. වායු ගෝලීය උෂ්ණත්වය ඉහළ යෑම සහ බලශක්ති භාවිතයේ ගැටලු හා ඒවා අවම කිරීමට ගතහැකි ක්‍රියාමාර්ග පිළිබඳ විස්තර කිරීම.~01:00:00~121~~~ගෝලීය දේශගුණය වෙනස්වීම් වල ප්‍රතිඵලයක් නොවන්නේ,~~අධික වර්ෂාව~1
~~~~~~~~~~~~~~~~කටුක ශීත ඍතු~0
~~~~~~~~~~~~~~~~ජල ගැලීම්~0
~~~~~~~~~~~~~~~~කුණාටු~0
~~~~~~~~~~~122~~~අධික වර්ෂාව නිසා ඇතිවන ආපදා තත්ත්වයක් නොවන්නේ,~~ඵලදාව අඩු විම~0
~~~~~~~~~~~~~~~~ජීවිත හානි~0
~~~~~~~~~~~~~~~~සුනාමි~1
~~~~~~~~~~~~~~~~ජල ගැලීම්~0
~~~~~~~~~~~123~~~ශ්‍රී ලංකාවේ නායයෑම් බහුලව සිදුවන ප්‍රදේශයක් වන්නේ,~~අභ්‍යන්තර තැනිතලාව~0
~~~~~~~~~~~~~~~~මධ්‍යම කඳුකරය~1
~~~~~~~~~~~~~~~~රජරට~0
~~~~~~~~~~~~~~~~මුහුදුබඩ තීරය~0
~~~~~~~~~~~124~~~දේශගුණික වෙනස්වීම් ඇති වීමට බලපාන ස්වභාවික හේතුවක් වන්නේ,~~ඉන්ධන දහනය~0
~~~~~~~~~~~~~~~~වන හායනය~0
~~~~~~~~~~~~~~~~ගිනිකඳු පිපිරීම~1
~~~~~~~~~~~~~~~~කාර්මික අපද්‍රව්‍ය ගිනි තැබීම~0
~~~~~~~~~~~125~~~දේශගුණික වෙනස්වීම් අවම කිරීමට ඔබට ගත හැකි ක්‍රියාමාර්ගයක් වන්නේ,~~ජනාතව දැනුවත් කිරීම~0
~~~~~~~~~~~~~~~~රජයට පක්ෂපාතී වීම~0
~~~~~~~~~~~~~~~~පරිසර සමතුලිතතාව රැක ගැනීමට දායක වීම.~1
~~~~~~~~~~~~~~~~ප්‍රවෘත්තිවලට සවන් දීම ~0
