1~2017~7~english-07-t1-l01-ep01~1~1~1~What You See~What You See (Reading Comprehensions)~This episode helps you to get an idea about the way of discussing things with friends and to understand stories. The knowledge you have on question forms can also be tested by doing the given exercises.~01:00:00~1~~~Sandria and her friends were out in the,~~Playground~0
~~~~~~~~~~~~~~~~Garden~1
~~~~~~~~~~~~~~~~Living room~0
~~~~~~~~~~~~~~~~Park~0
~~~~~~~~~~~2~~~Who wanted to leave early?~~Venura~0
~~~~~~~~~~~~~~~~Rajan~1
~~~~~~~~~~~~~~~~Sandria~0
~~~~~~~~~~~~~~~~Kaveesha~0
~~~~~~~~~~~3~~~What was the speech about?~~My school~1
~~~~~~~~~~~~~~~~My pet~0
~~~~~~~~~~~~~~~~My hobby~0
~~~~~~~~~~~~~~~~My best friend~0
~~~~~~~~~~~4~~~Who taught Rajan the trick?~~Sandria~0
~~~~~~~~~~~~~~~~Kaveesha~0
~~~~~~~~~~~~~~~~Venura~0
~~~~~~~~~~~~~~~~Navindu~1
~~~~~~~~~~~5~~~Who  was caught in a trap?~~Rat~0
~~~~~~~~~~~~~~~~Lion~1
~~~~~~~~~~~~~~~~Tiger~0
~~~~~~~~~~~~~~~~Deer~0
2~2017~7~english-07-t1-l01-ep02~2~1~1~What You See~Opposite words / Antonyms~This episode helps you to understand what an antonym is. Antonyms of many words are given in order to broaden your knowledge. Some exercises are given to test your knowledge on antonyms too.~01:00:00~6~~~The opposite meaning of a word or the antonym can be formed by adding,~~In~1
~~~~~~~~~~~~~~~~Ly~0
~~~~~~~~~~~~~~~~S~0
~~~~~~~~~~~~~~~~Ss~0
~~~~~~~~~~~7~~~Find the opposite of “expensive”.~~Fearless~0
~~~~~~~~~~~~~~~~Cheap~1
~~~~~~~~~~~~~~~~Slow~0
~~~~~~~~~~~~~~~~Pretty~0
~~~~~~~~~~~8~~~Antonym of “patient” is,~~Ilpatient~0
~~~~~~~~~~~~~~~~Inpatient~0
~~~~~~~~~~~~~~~~Impatient~1
~~~~~~~~~~~~~~~~Irpatient~0
~~~~~~~~~~~9~~~The opposite of “urban” is,~~Recent~0
~~~~~~~~~~~~~~~~Foreign~0
~~~~~~~~~~~~~~~~Domestic~0
~~~~~~~~~~~~~~~~Rural~1
~~~~~~~~~~~10~~~Find the antonym of “beautiful”.~~Pretty~0
~~~~~~~~~~~~~~~~Ugly~1
~~~~~~~~~~~~~~~~Bad~0
~~~~~~~~~~~~~~~~Wonderful~0
3~2017~7~english-07-t1-l01-ep03~3~1~1~What You See~Similar words / Synonyms~This episode explains what a synonym is. Synonyms of certain words are given in order to broaden your knowledge. Some exercises are given to test your knowledge on synonyms too.~01:00:00~11~~~What are Synonyms ?~~Opposite Words~0
~~~~~~~~~~~~~~~~Singular Words~0
~~~~~~~~~~~~~~~~Similar Words~1
~~~~~~~~~~~~~~~~Indefinite Words~0
~~~~~~~~~~~12~~~Find a synonym for “start”.~~Begin~1
~~~~~~~~~~~~~~~~Finish~0
~~~~~~~~~~~~~~~~Complete~0
~~~~~~~~~~~~~~~~End~0
~~~~~~~~~~~13~~~A synonym for “aim” is,~~Fear~0
~~~~~~~~~~~~~~~~Good~0
~~~~~~~~~~~~~~~~Goal~1
~~~~~~~~~~~~~~~~Brave  ~0
~~~~~~~~~~~14~~~A similar word for “rich” is,~~Poor~0
~~~~~~~~~~~~~~~~Foreign~0
~~~~~~~~~~~~~~~~Domestic~0
~~~~~~~~~~~~~~~~Wealthy~1
~~~~~~~~~~~15~~~ A…….ouncement~~m/m~0
~~~~~~~~~~~~~~~~n/m~0
~~~~~~~~~~~~~~~~m/n~0
~~~~~~~~~~~~~~~~n/n~1
4~2017~7~english-07-t1-l01-ep04~4~1~1~What You See~Similar words / Synonyms~This episode explains what a synonym is. Synonyms of certain words are given in order to broaden your knowledge. Some exercises are given to test your knowledge on synonyms too.~01:00:00~16~~~Dr. Abdul Kalam was born on 15th October,~~1921~0
~~~~~~~~~~~~~~~~1931~1
~~~~~~~~~~~~~~~~1941~0
~~~~~~~~~~~~~~~~1951~0
~~~~~~~~~~~17~~~Mark Twain was born in,~~Britain~0
~~~~~~~~~~~~~~~~Japan~0
~~~~~~~~~~~~~~~~U.S.A.~1
~~~~~~~~~~~~~~~~Italy~0
~~~~~~~~~~~18~~~Ananda Coomaraswamy died at the age of,~~50~0
~~~~~~~~~~~~~~~~60~0
~~~~~~~~~~~~~~~~70~1
~~~~~~~~~~~~~~~~80~0
~~~~~~~~~~~19~~~The national anthem of Sri Lanka was composed by,~~Ananda Samarakoon~1
~~~~~~~~~~~~~~~~Ananda Coomaraswamy~0
~~~~~~~~~~~~~~~~Ananda Perera~0
~~~~~~~~~~~~~~~~Ananda Wijekoon~0
~~~~~~~~~~~20~~~In 2002, Abdul Kalam was elected as the …………. President of India.~~10th~0
~~~~~~~~~~~~~~~~11th~1
~~~~~~~~~~~~~~~~12th~0
~~~~~~~~~~~~~~~~13th~0
5~2017~7~english-07-t1-l01-ep05~5~1~1~What You See~Notes~Notes have been defined in this episode. The way of writing notes are described. Different types of notes are written. Some exercises on notes are also given.~01:00:00~21~~~Who wrote a note to Hussain?~~Kaveen~1
~~~~~~~~~~~~~~~~Venura~0
~~~~~~~~~~~~~~~~Rajan~0
~~~~~~~~~~~~~~~~Nimali~0
~~~~~~~~~~~22~~~Who received a note from Kamali?~~Kaveen~0
~~~~~~~~~~~~~~~~Venura~0
~~~~~~~~~~~~~~~~Rajan~0
~~~~~~~~~~~~~~~~Nimali~1
~~~~~~~~~~~23~~~Who is not well?~~Kaveen~1
~~~~~~~~~~~~~~~~Venura~0
~~~~~~~~~~~~~~~~Rajan~0
~~~~~~~~~~~~~~~~Nimali~0
~~~~~~~~~~~24~~~Who wants a blue pen?~~Kaveen~0
~~~~~~~~~~~~~~~~Venura~0
~~~~~~~~~~~~~~~~Rajan~0
~~~~~~~~~~~~~~~~Kamali~1
~~~~~~~~~~~25~~~Who’s brother Sam collected a lot of sea shells?~~Manoj’s~0
~~~~~~~~~~~~~~~~Venura’s~0
~~~~~~~~~~~~~~~~Ann’s~0
~~~~~~~~~~~~~~~~Ben’s~1
6~2017~7~english-07-t1-l01-ep06~6~1~1~What You See~Collective Nouns~This episode describes the collective nouns. Different types of collective nouns are given. Some activities on collective nouns are also included.~01:00:00~26~~~A ………….. of ships.~~Chain~0
~~~~~~~~~~~~~~~~Fleet~1
~~~~~~~~~~~~~~~~Galaxy~0
~~~~~~~~~~~~~~~~Pack~0
~~~~~~~~~~~27~~~A ………….. of wolves.~~Chain~0
~~~~~~~~~~~~~~~~Fleet~0
~~~~~~~~~~~~~~~~Galaxy~0
~~~~~~~~~~~~~~~~Pack~1
~~~~~~~~~~~28~~~The company is run by ...................... directors.~~A group of~0
~~~~~~~~~~~~~~~~A panel of~0
~~~~~~~~~~~~~~~~A borad of~1
~~~~~~~~~~~~~~~~A pride of~0
~~~~~~~~~~~29~~~ She came here with ...................... flowers.~~A bouquet of~1
~~~~~~~~~~~~~~~~A bunch of~0
~~~~~~~~~~~~~~~~A pack of~0
~~~~~~~~~~~~~~~~A vase of~0
~~~~~~~~~~~30~~~...........are you watching?~~Who~0
~~~~~~~~~~~~~~~~What~1
~~~~~~~~~~~~~~~~Which~0
~~~~~~~~~~~~~~~~How~0
7~2017~7~english-07-t1-l01-ep07~7~1~1~What You See~Has, Have & Had~This episode tries to give you a better idea about has, have, had and do, does, did. It will be possible for you to clearly identify the singularity / plurality and the present / past aspect of these words.~01:00:00~31~~~He ………….. a pet cat.~~Has~1
~~~~~~~~~~~~~~~~Have~0
~~~~~~~~~~~~~~~~Had~0
~~~~~~~~~~~~~~~~Does~0
~~~~~~~~~~~32~~~……………. you have a five rupee coin?~~Does~0
~~~~~~~~~~~~~~~~Do~1
~~~~~~~~~~~~~~~~Has~0
~~~~~~~~~~~~~~~~Have~0
~~~~~~~~~~~33~~~…………… she have a pencil?~~Do~0
~~~~~~~~~~~~~~~~Does~1
~~~~~~~~~~~~~~~~Has~0
~~~~~~~~~~~~~~~~Have~0
~~~~~~~~~~~34~~~…………… they have a match yesterday?~~Did~1
~~~~~~~~~~~~~~~~Does~0
~~~~~~~~~~~~~~~~Have~0
~~~~~~~~~~~~~~~~Has~0
~~~~~~~~~~~35~~~I …………….. a headache this morning.~~Has~0
~~~~~~~~~~~~~~~~Did~0
~~~~~~~~~~~~~~~~Had~1
~~~~~~~~~~~~~~~~Does~0
8~2017~7~english-07-t1-l02-ep08~8~1~2~Friends Indeed~Reading comprehension/new vocabulary/making sentences~This episode narrates you a story about a fish called “Fifi”. After reading the passage, then you have some questions to find correct answers as well. Not only that, you can learn some new words from this episode.~01:00:00~36~~~Fifi lives in a house made of ………………….. .~~Stones~0
~~~~~~~~~~~~~~~~Glass~1
~~~~~~~~~~~~~~~~Wood~0
~~~~~~~~~~~~~~~~Bricks~0
~~~~~~~~~~~37~~~Visitors call Fifi’s house an ………………… .~~Aquarium~1
~~~~~~~~~~~~~~~~Planetarium~0
~~~~~~~~~~~~~~~~Museum~0
~~~~~~~~~~~~~~~~Gallery~0
~~~~~~~~~~~38~~~Fifi is fed ……………… times a day.~~One~0
~~~~~~~~~~~~~~~~Two~0
~~~~~~~~~~~~~~~~Three~1
~~~~~~~~~~~~~~~~Four~0
~~~~~~~~~~~39~~~A opposite word for “admire”.~~Appreciate~0
~~~~~~~~~~~~~~~~Blame~1
~~~~~~~~~~~~~~~~Compliment~0
~~~~~~~~~~~~~~~~Praise~0
~~~~~~~~~~~40~~~An opposite word for “friends”.~~Companions~0
~~~~~~~~~~~~~~~~Colleagues~0
~~~~~~~~~~~~~~~~Enemies~1
~~~~~~~~~~~~~~~~Scholars~0
9~2017~7~english-07-t1-l02-ep09~9~1~2~Friends Indeed~Make a poster/reading a poem and answering questions.~After watching this episode you will be able to make a poster easily. Apart from that, this also carries a poem about snakes and some questions regarding the poem.~01:00:00~41~~~Who is the poet of the poem, “Snakes”?~~Mariah Deitrick~1
~~~~~~~~~~~~~~~~J. M. Westrup~0
~~~~~~~~~~~~~~~~Stephnie M. Wendorf~0
~~~~~~~~~~~~~~~~Edwin A. Robinson~0
~~~~~~~~~~~42~~~Pick the opposite of “foolish”~~Good~0
~~~~~~~~~~~~~~~~Wise~1
~~~~~~~~~~~~~~~~Honest~0
~~~~~~~~~~~~~~~~Happy~0
~~~~~~~~~~~43~~~Pick a rhyming word for “snake”~~Back~0
~~~~~~~~~~~~~~~~Lack~0
~~~~~~~~~~~~~~~~Lake~1
~~~~~~~~~~~~~~~~Snail~0
~~~~~~~~~~~44~~~Snakes hiss when they feel a .................~~threat.~1
~~~~~~~~~~~~~~~~happy.~0
~~~~~~~~~~~~~~~~Awful.~0
~~~~~~~~~~~~~~~~sad~0
~~~~~~~~~~~45~~~Snakes use their ………………….. to taste the air.~~Hair~0
~~~~~~~~~~~~~~~~Tongues~1
~~~~~~~~~~~~~~~~Teeth~0
~~~~~~~~~~~~~~~~Eyes~0
10~2017~7~english-07-t1-l02-ep10~10~1~2~Friends Indeed~Reading comprehension/new vocabulary~In this episode, you can learn the story of “The tree, the pencil maker and the pencils”. It will be interesting and it has some advices for you as well.~01:00:00~46~~~Pick a similar word for “profession”.~~Livelihood~1
~~~~~~~~~~~~~~~~Intelligent~0
~~~~~~~~~~~~~~~~Strange~0
~~~~~~~~~~~~~~~~Experience~0
~~~~~~~~~~~47~~~Pick a rhyming word for “sleep”.~~Deep~1
~~~~~~~~~~~~~~~~Cap~0
~~~~~~~~~~~~~~~~Trip~0
~~~~~~~~~~~~~~~~Slept~0
~~~~~~~~~~~48~~~While sleeping, the young man heard a ………………… voice.~~Familiar~0
~~~~~~~~~~~~~~~~Beautiful~0
~~~~~~~~~~~~~~~~Strange~1
~~~~~~~~~~~~~~~~Ugly~0
~~~~~~~~~~~49~~~The pencil maker asked the pencils to remember ………….. things.~~Two~0
~~~~~~~~~~~~~~~~Three~0
~~~~~~~~~~~~~~~~Four~0
~~~~~~~~~~~~~~~~Five~1
~~~~~~~~~~~50~~~Find an opposite word for “strong”.~~Weak~1
~~~~~~~~~~~~~~~~Brave~0
~~~~~~~~~~~~~~~~Wise~0
~~~~~~~~~~~~~~~~Pretty~0
11~2017~7~english-07-t1-l02-ep11~11~1~2~Friends Indeed~The apostrophe~From this episode, you will have a thorough understanding about using the apostrophe. Some exercises are also included to test your knowledge.~01:00:00~51~~~What is the contraction of “are not”?~~Arent’~0
~~~~~~~~~~~~~~~~Aren’t~1
~~~~~~~~~~~~~~~~Aren’ot~0
~~~~~~~~~~~~~~~~Areno’t~0
~~~~~~~~~~~52~~~Nimali’s ……………… name is Kitty.~~Cats’~0
~~~~~~~~~~~~~~~~Cat’s~1
~~~~~~~~~~~~~~~~Cats~0
~~~~~~~~~~~~~~~~Cat~0
~~~~~~~~~~~53~~~The contraction of “will not” is,~~Willn’t~0
~~~~~~~~~~~~~~~~Willnot~0
~~~~~~~~~~~~~~~~Won’t~1
~~~~~~~~~~~~~~~~Won’ot~0
~~~~~~~~~~~54~~~My pet is a rabbit. ……………….. name is Deena.~~It’s~0
~~~~~~~~~~~~~~~~Its’~0
~~~~~~~~~~~~~~~~Its~1
~~~~~~~~~~~~~~~~It~0
~~~~~~~~~~~55~~~What is the expansion of “let’s”?~~Let is~0
~~~~~~~~~~~~~~~~Let us~1
~~~~~~~~~~~~~~~~Let me~0
~~~~~~~~~~~~~~~~Let her~0
12~2017~7~english-07-t1-l02-ep12~12~1~2~Friends Indeed~Difference between “S” and “Sh”~“S” and “Sh” sounds will be taught with the help of some examples. Further, this episode will revise your knowledge on using the apostrophe.~01:00:00~56~~~Pick the word which starts with “S”.~~Seat~1
~~~~~~~~~~~~~~~~Heat~0
~~~~~~~~~~~~~~~~Neat~0
~~~~~~~~~~~~~~~~Meat~0
~~~~~~~~~~~57~~~Pick the word which starts with “Sh”.~~Seen~0
~~~~~~~~~~~~~~~~Sea~0
~~~~~~~~~~~~~~~~Sanctuary~0
~~~~~~~~~~~~~~~~Shell~1
~~~~~~~~~~~58~~~Pick the word which ends with “S”.~~News~1
~~~~~~~~~~~~~~~~Nice~0
~~~~~~~~~~~~~~~~Piece~0
~~~~~~~~~~~~~~~~Race~0
~~~~~~~~~~~59~~~Pick the word which ends with “Sh”.~~Tree~0
~~~~~~~~~~~~~~~~Bush~1
~~~~~~~~~~~~~~~~Nose~0
~~~~~~~~~~~~~~~~Force~0
~~~~~~~~~~~60~~~Pick the word which doesn’t have “S” or “Sh” at the end.~~Trash~0
~~~~~~~~~~~~~~~~Smash~0
~~~~~~~~~~~~~~~~Sandwich~1
~~~~~~~~~~~~~~~~Mars~0
13~2017~7~english-07-t1-l02-ep13~13~1~2~Friends Indeed~Puzzle~You will love this episode as it carries a puzzle. You can find more and more opposites with the help of the puzzle. It will be fun.~01:00:00~61~~~Find the opposite of “full”.~~Complete~0
~~~~~~~~~~~~~~~~Empty~1
~~~~~~~~~~~~~~~~Half~0
~~~~~~~~~~~~~~~~Rich~0
~~~~~~~~~~~62~~~Find the opposite of “Open”.~~Good~0
~~~~~~~~~~~~~~~~Bad~0
~~~~~~~~~~~~~~~~Close~1
~~~~~~~~~~~~~~~~Poor~0
~~~~~~~~~~~63~~~Find the opposite of “last”.~~First~1
~~~~~~~~~~~~~~~~Second~0
~~~~~~~~~~~~~~~~Third~0
~~~~~~~~~~~~~~~~Fourth~0
~~~~~~~~~~~64~~~Find the opposite of “sunny”.~~Cloudy~0
~~~~~~~~~~~~~~~~Rainy~1
~~~~~~~~~~~~~~~~Windy~0
~~~~~~~~~~~~~~~~Moody~0
~~~~~~~~~~~65~~~Find the opposite of “rich”.~~Poor~1
~~~~~~~~~~~~~~~~Brave~0
~~~~~~~~~~~~~~~~Happy~0
~~~~~~~~~~~~~~~~Wealthy~0
14~2017~7~english-07-t1-l02-ep14~14~1~2~Friends Indeed~Synonyms - workbook~Through this episode, you will be able to gain more and more knowledge on similar words. You can add more words to your vocabulary as well. This episode will do a listening activity as well.~01:00:00~66~~~Find a synonym for “rich”.~~Delighted~0
~~~~~~~~~~~~~~~~Busy~0
~~~~~~~~~~~~~~~~Wealthy~1
~~~~~~~~~~~~~~~~Poor~0
~~~~~~~~~~~67~~~Find a synonym for “hard”.~~Difficult~1
~~~~~~~~~~~~~~~~Easy~0
~~~~~~~~~~~~~~~~Convenient~0
~~~~~~~~~~~~~~~~Fast~0
~~~~~~~~~~~68~~~Find a synonym for “beautiful”.~~Pretty~1
~~~~~~~~~~~~~~~~Ugly~0
~~~~~~~~~~~~~~~~Unpleasant~0
~~~~~~~~~~~~~~~~Joyful~0
~~~~~~~~~~~69~~~Find a similar word for “sorrow”.~~Happiness~0
~~~~~~~~~~~~~~~~Sadness~1
~~~~~~~~~~~~~~~~Glad~0
~~~~~~~~~~~~~~~~Joy~0
~~~~~~~~~~~70~~~Find a similar word for “rest”.~~Busy~0
~~~~~~~~~~~~~~~~Alike~0
~~~~~~~~~~~~~~~~Glad~0
~~~~~~~~~~~~~~~~Relax~1
15~2017~7~english-07-t1-l03-ep15~15~1~3~Pleasure~Reading comprehension/writing~This episode takes you to see the Kandy Perahera. It will be a really enjoyable one. You can learn a lot about Perahera. You can learn new words too.~01:00:00~71~~~Find an adjective for “tusker”~~Majestic~1
~~~~~~~~~~~~~~~~Beautifully~0
~~~~~~~~~~~~~~~~Well~0
~~~~~~~~~~~~~~~~Hardly~0
~~~~~~~~~~~72~~~Find an adverb for “decorated”~~Beautiful~0
~~~~~~~~~~~~~~~~Beautifully~1
~~~~~~~~~~~~~~~~Beauty~0
~~~~~~~~~~~~~~~~Pretty~0
~~~~~~~~~~~73~~~Saumya and his family are in ………………. .~~Jaffna~0
~~~~~~~~~~~~~~~~Kandy~1
~~~~~~~~~~~~~~~~Galle~0
~~~~~~~~~~~~~~~~Colombo~0
~~~~~~~~~~~74~~~Find the opposite of “begin”.~~End~1
~~~~~~~~~~~~~~~~Start~0
~~~~~~~~~~~~~~~~Open~0
~~~~~~~~~~~~~~~~Fast~0
~~~~~~~~~~~75~~~Who didn’t see the baby elephant?~~Saumya~0
~~~~~~~~~~~~~~~~Sahan~1
~~~~~~~~~~~~~~~~Sahan’s father~0
~~~~~~~~~~~~~~~~Saman~0
16~2017~7~english-07-t1-l03-ep16~16~1~3~Pleasure~There + “be” verbs~You will have a thorough understanding about “be” verbs after watching this episode. In fact, you can gain a good knowledge on is / are / was / were / will be and their practice.~01:00:00~76~~~There …………… many beautiful stories about ancient kings.~~Is~0
~~~~~~~~~~~~~~~~Are~1
~~~~~~~~~~~~~~~~Will~0
~~~~~~~~~~~~~~~~Am~0
~~~~~~~~~~~77~~~There …………… a lovely lake in Kandy.~~Is~1
~~~~~~~~~~~~~~~~Are~0
~~~~~~~~~~~~~~~~Will~0
~~~~~~~~~~~~~~~~Were~0
~~~~~~~~~~~78~~~There …………… an exhibition last week.~~Were~0
~~~~~~~~~~~~~~~~Is~0
~~~~~~~~~~~~~~~~Are~0
~~~~~~~~~~~~~~~~Was~1
~~~~~~~~~~~79~~~There ……………. a singing competition next month.~~Were~0
~~~~~~~~~~~~~~~~Is~0
~~~~~~~~~~~~~~~~Will be~1
~~~~~~~~~~~~~~~~Will~0
~~~~~~~~~~~80~~~There ………………. five people at the bus stop yesterday.~~Were~1
~~~~~~~~~~~~~~~~Will be~0
~~~~~~~~~~~~~~~~Is~0
~~~~~~~~~~~~~~~~Was~0
17~2017~7~english-07-t1-l03-ep17~17~1~3~Pleasure~There + “be” verbs (Contd.)~You can further understand the way of using “be” verbs in sentences. This will clearly help you to identify their singularity / plurality and also the tense (present / past / future) in which they are used.~01:00:00~81~~~There ………………… a carnival here last year.~~Was~1
~~~~~~~~~~~~~~~~Were~0
~~~~~~~~~~~~~~~~Is~0
~~~~~~~~~~~~~~~~Are~0
~~~~~~~~~~~82~~~There ……………….. more story books in the library next month.~~Were~0
~~~~~~~~~~~~~~~~Is~0
~~~~~~~~~~~~~~~~Will be~1
~~~~~~~~~~~~~~~~Are~0
~~~~~~~~~~~83~~~……………… there any questions regarding the lesson today?~~Is~0
~~~~~~~~~~~~~~~~Was~0
~~~~~~~~~~~~~~~~Will~0
~~~~~~~~~~~~~~~~Are~1
~~~~~~~~~~~84~~~………………. there a pharmacy here?~~Are~0
~~~~~~~~~~~~~~~~Is~1
~~~~~~~~~~~~~~~~Were~0
~~~~~~~~~~~~~~~~Will~0
~~~~~~~~~~~85~~~There ……………… thirty students in the class yesterday.~~Was~0
~~~~~~~~~~~~~~~~Were~1
~~~~~~~~~~~~~~~~Is~0
~~~~~~~~~~~~~~~~Are~0
18~2017~7~english-07-t1-l03-ep18~18~1~3~Pleasure~Poem-Flying~You will be able to understand the characteristics of poems and the way of answering questions regarding poems through this episode. You will be able to have a clear idea about rhyming words too.~01:00:00~86~~~Who is the poet?~~J. M. Westrup~1
~~~~~~~~~~~~~~~~Mariah Deitrick~0
~~~~~~~~~~~~~~~~Vishesh Bohre~0
~~~~~~~~~~~~~~~~Edwin Robinson~0
~~~~~~~~~~~87~~~An adjective for “night” is,~~Well~0
~~~~~~~~~~~~~~~~Good~1
~~~~~~~~~~~~~~~~Wind~0
~~~~~~~~~~~~~~~~Rain~0
~~~~~~~~~~~88~~~What is the title of the poem?~~Moon~0
~~~~~~~~~~~~~~~~Flying~1
~~~~~~~~~~~~~~~~Sky~0
~~~~~~~~~~~~~~~~Balloon~0
~~~~~~~~~~~89~~~What did the moon look like?~~A string~0
~~~~~~~~~~~~~~~~A star~0
~~~~~~~~~~~~~~~~A toy balloon~1
~~~~~~~~~~~~~~~~A torch~0
~~~~~~~~~~~90~~~Find a rhyming word for “stars”.~~Chase~0
~~~~~~~~~~~~~~~~Base~0
~~~~~~~~~~~~~~~~Mars~1
~~~~~~~~~~~~~~~~Case~0
19~2017~7~english-07-t1-l03-ep19~19~1~3~Pleasure~Reading comprehension/writing~This episode is all about something you really like. It is about flying kites. You can get to know some unknown facts regarding flying kites.~01:00:00~91~~~The first kite was made in,~~India~0
~~~~~~~~~~~~~~~~Sri Lanka~0
~~~~~~~~~~~~~~~~China~1
~~~~~~~~~~~~~~~~Maldives~0
~~~~~~~~~~~92~~~………………… is the best season for flying kites.~~May~0
~~~~~~~~~~~~~~~~June~0
~~~~~~~~~~~~~~~~September~0
~~~~~~~~~~~~~~~~August~1
~~~~~~~~~~~93~~~Who consider the kite as a symbol of good fortune?~~Sri Lankans~0
~~~~~~~~~~~~~~~~Indians~0
~~~~~~~~~~~~~~~~Chinese~1
~~~~~~~~~~~~~~~~British~0
~~~~~~~~~~~94~~~The International Kite Festival is held in Sri Lanka,~~Daily~0
~~~~~~~~~~~~~~~~Weekly~0
~~~~~~~~~~~~~~~~Monthly~0
~~~~~~~~~~~~~~~~Annually~1
~~~~~~~~~~~95~~~Making a kite is,~~Easy and inexpensive~1
~~~~~~~~~~~~~~~~Hard and expensive~0
~~~~~~~~~~~~~~~~Hard and inexpensive~0
~~~~~~~~~~~~~~~~Easy and expensive~0
20~2017~7~english-07-t1-l03-ep20~20~1~3~Pleasure~Pronunciation practice - phonetics~After watching this episode, you will have a good understanding about the way some words are pronounced and you can improve your own pronunciation too.~01:00:00~96~~~Find the word that begins with “f” sound.~~Camera~0
~~~~~~~~~~~~~~~~Phone~1
~~~~~~~~~~~~~~~~People~0
~~~~~~~~~~~~~~~~Stuff~0
~~~~~~~~~~~97~~~Find the word that begins with “sh” sound.~~Shell~1
~~~~~~~~~~~~~~~~Smell~0
~~~~~~~~~~~~~~~~Snail~0
~~~~~~~~~~~~~~~~Smile~0
~~~~~~~~~~~98~~~Find the word that ends with “f” sound.~~Cash~0
~~~~~~~~~~~~~~~~Book~0
~~~~~~~~~~~~~~~~Enough~1
~~~~~~~~~~~~~~~~Shout~0
~~~~~~~~~~~99~~~Find the word that ends with “sh” sound.~~Dish~1
~~~~~~~~~~~~~~~~Disk~0
~~~~~~~~~~~~~~~~Daily~0
~~~~~~~~~~~~~~~~Diary~0
~~~~~~~~~~~100~~~Underline the word with different sound,~~Bit~1
~~~~~~~~~~~~~~~~Set~0
~~~~~~~~~~~~~~~~Jet~0
~~~~~~~~~~~~~~~~Wet~0
21~2017~7~english-07-t1-l03-ep21~21~1~3~Pleasure~Modal verbs - can~It will be possible for you to understand the way the word “can” is used in sentences. After going through this episode, you will clearly identify the places where you will be able to use the word “can”.~01:00:00~101~~~I can …………… kites.~~Made~0
~~~~~~~~~~~~~~~~Make~1
~~~~~~~~~~~~~~~~Will make~0
~~~~~~~~~~~~~~~~Had made~0
~~~~~~~~~~~102~~~Can I ………………… your book?~~Borrow~1
~~~~~~~~~~~~~~~~Borrowed~0
~~~~~~~~~~~~~~~~Will borrow~0
~~~~~~~~~~~~~~~~Is borrowed~0
~~~~~~~~~~~103~~~Can you sing? No, I ………………. .~~Can~0
~~~~~~~~~~~~~~~~Can’t~1
~~~~~~~~~~~~~~~~Will~0
~~~~~~~~~~~~~~~~Aren’t~0
~~~~~~~~~~~104~~~I can ………………. really well.~~Danced~0
~~~~~~~~~~~~~~~~Dance~1
~~~~~~~~~~~~~~~~Dancing~0
~~~~~~~~~~~~~~~~Will dance~0
~~~~~~~~~~~105~~~Can you make a cup of tea? Yes, I ………………. .~~Can’t~0
~~~~~~~~~~~~~~~~Can~1
~~~~~~~~~~~~~~~~Don’t~0
~~~~~~~~~~~~~~~~Has~0
22~2017~7~english-07-t1-l03-ep22~22~1~3~Pleasure~Modal verbs - would~It will be possible for you to understand the way the word “would” is used in sentences. After going through this episode, you will clearly identify the places where you can use the word “would”.~01:00:00~106~~~He …………………… go to swimming.~~Could~0
~~~~~~~~~~~~~~~~Can~0
~~~~~~~~~~~~~~~~Would~1
~~~~~~~~~~~~~~~~Will~0
~~~~~~~~~~~107~~~Would you …………… some mangoes?~~Like~1
~~~~~~~~~~~~~~~~Liked~0
~~~~~~~~~~~~~~~~Liking~0
~~~~~~~~~~~~~~~~Had like~0
~~~~~~~~~~~108~~~Would you like an ………………..?~~Apple~1
~~~~~~~~~~~~~~~~Apples~0
~~~~~~~~~~~~~~~~Mango~0
~~~~~~~~~~~~~~~~Mangoes~0
~~~~~~~~~~~109~~~Would you like ………………. pancakes?~~A~0
~~~~~~~~~~~~~~~~Some~1
~~~~~~~~~~~~~~~~An~0
~~~~~~~~~~~~~~~~Many~0
~~~~~~~~~~~110~~~Would you like a cup of coffee? Yes, I ……………….. love to.~~Will~0
~~~~~~~~~~~~~~~~Would~1
~~~~~~~~~~~~~~~~Can~0
~~~~~~~~~~~~~~~~Could~0
23~2017~7~english-07-t1-l04-ep23~23~1~4~A busy day~Reading comprehension~This episode carries a dialogue between Lahiru, Lahiru’s mother and Lahiru’s sister. There are some questions given at the end to test whether you have understood the dialogue or not.~01:00:00~111~~~How many characters are there in the dialogue?~~One~0
~~~~~~~~~~~~~~~~Two~0
~~~~~~~~~~~~~~~~Three~1
~~~~~~~~~~~~~~~~Four~0
~~~~~~~~~~~112~~~What did Lahiru forget?~~Pen~0
~~~~~~~~~~~~~~~~Book~0
~~~~~~~~~~~~~~~~Cap~1
~~~~~~~~~~~~~~~~Bag~0
~~~~~~~~~~~113~~~Lahiru had ……………… practices on Fridays last year.~~Cricket~1
~~~~~~~~~~~~~~~~Volleyball~0
~~~~~~~~~~~~~~~~Netball~0
~~~~~~~~~~~~~~~~Football~0
~~~~~~~~~~~114~~~Who is not well?~~Ilham~0
~~~~~~~~~~~~~~~~Darren~1
~~~~~~~~~~~~~~~~Lahiru~0
~~~~~~~~~~~~~~~~Krishna~0
~~~~~~~~~~~115~~~Lahiru woke up at ………………. .~~4.00 a.m.~0
~~~~~~~~~~~~~~~~5.00 a.m.~1
~~~~~~~~~~~~~~~~6.00 a.m.~0
~~~~~~~~~~~~~~~~7.00 a.m.~0
24~2017~7~english-07-t1-l04-ep24~24~1~4~A busy day~Reading comprehension (Notices)~This mainly talks about notices. You can have an idea about writing notices and some exercises on notices are given too.~01:00:00~116~~~What is the name of the drama?~~A Trip to Galle~0
~~~~~~~~~~~~~~~~A Trip to Heaven~1
~~~~~~~~~~~~~~~~A Trip to Mars~0
~~~~~~~~~~~~~~~~A Trip to India~0
~~~~~~~~~~~117~~~The art exhibition will be held ………….. Monday.~~On~1
~~~~~~~~~~~~~~~~In~0
~~~~~~~~~~~~~~~~At~0
~~~~~~~~~~~~~~~~To~0
~~~~~~~~~~~118~~~The event starts …………… 4.00 p.m.~~In~0
~~~~~~~~~~~~~~~~On~0
~~~~~~~~~~~~~~~~At~1
~~~~~~~~~~~~~~~~With~0
~~~~~~~~~~~119~~~Find a similar word for “venue”.~~Time~0
~~~~~~~~~~~~~~~~Date~0
~~~~~~~~~~~~~~~~Place~1
~~~~~~~~~~~~~~~~Guest~0
~~~~~~~~~~~120~~~The essay competition will be held ……….. 3rd of May.~~On~1
~~~~~~~~~~~~~~~~In~0
~~~~~~~~~~~~~~~~At~0
~~~~~~~~~~~~~~~~For~0
25~2017~7~english-07-t1-l04-ep25~25~1~4~A busy day~Picture description~This episode will give you a thorough understanding about picture descriptions. After going through this episode, you will be able to describe pictures by giving attention to the key features of the picture.~01:00:00~121~~~Adela is playing a ……………. .~~Violin~0
~~~~~~~~~~~~~~~~Guitar~1
~~~~~~~~~~~~~~~~Piano~0
~~~~~~~~~~~~~~~~Flute~0
~~~~~~~~~~~122~~~…………… is buying postcards.~~Paul~1
~~~~~~~~~~~~~~~~Ann~0
~~~~~~~~~~~~~~~~John~0
~~~~~~~~~~~~~~~~Adam~0
~~~~~~~~~~~123~~~………….. is swimming.~~Paul~0
~~~~~~~~~~~~~~~~Ann~0
~~~~~~~~~~~~~~~~John~0
~~~~~~~~~~~~~~~~Adam~1
~~~~~~~~~~~124~~~……………. is riding a bicycle.~~Paul~0
~~~~~~~~~~~~~~~~Ann~1
~~~~~~~~~~~~~~~~John~0
~~~~~~~~~~~~~~~~Adam~0
~~~~~~~~~~~125~~~Kevin is ……………….. in the park.~~Walking~0
~~~~~~~~~~~~~~~~Running~0
~~~~~~~~~~~~~~~~Swimming~0
~~~~~~~~~~~~~~~~Skateboarding~1
26~2017~7~english-07-t1-l04-ep26~26~1~4~A busy day~Reading comprehension, writing (Sinbad)~Have you heard of “Sinbad”? This episode includes a part of a story of Sinbad. It will be interesting. Some questions are also given at the end.~01:00:00~126~~~Find a similar word for “creature”.~~Creation~0
~~~~~~~~~~~~~~~~Animal~1
~~~~~~~~~~~~~~~~Tree~0
~~~~~~~~~~~~~~~~Stone~0
~~~~~~~~~~~127~~~Find a similar word for “fortune”.~~Wealth~1
~~~~~~~~~~~~~~~~Fortress~0
~~~~~~~~~~~~~~~~Sword~0
~~~~~~~~~~~~~~~~Pen~0
~~~~~~~~~~~128~~~Find the opposite of “profit”.~~Income~0
~~~~~~~~~~~~~~~~Expense~0
~~~~~~~~~~~~~~~~Loss~1
~~~~~~~~~~~~~~~~Capital~0
~~~~~~~~~~~129~~~Find a similar word for “huge”.~~Large~1
~~~~~~~~~~~~~~~~Small~0
~~~~~~~~~~~~~~~~Long~0
~~~~~~~~~~~~~~~~Short~0
~~~~~~~~~~~130~~~Find the opposite of “bought”.~~Brought~0
~~~~~~~~~~~~~~~~Sold~1
~~~~~~~~~~~~~~~~Took~0
~~~~~~~~~~~~~~~~Received~0
27~2017~7~english-07-t1-l04-ep27~27~1~4~A busy day~Collective nouns~This episode talks about collective nouns. Various types of collective nouns are given. Some exercises on collective nouns are also included.~01:00:00~131~~~A ………………. of ships.~~Chain~0
~~~~~~~~~~~~~~~~Flock~0
~~~~~~~~~~~~~~~~Fleet~1
~~~~~~~~~~~~~~~~Pack~0
~~~~~~~~~~~132~~~A ……………… of birds.~~Pack~0
~~~~~~~~~~~~~~~~Flock~1
~~~~~~~~~~~~~~~~Pride~0
~~~~~~~~~~~~~~~~Bunch~0
~~~~~~~~~~~133~~~A …………….. of puppies.~~Litter~1
~~~~~~~~~~~~~~~~Bunch~0
~~~~~~~~~~~~~~~~Kit~0
~~~~~~~~~~~~~~~~Flock~0
~~~~~~~~~~~134~~~A …………….. of grapes.~~Kit~0
~~~~~~~~~~~~~~~~Herd~0
~~~~~~~~~~~~~~~~Bunch~1
~~~~~~~~~~~~~~~~Chain~0
~~~~~~~~~~~135~~~A …………… of elephants.~~Herd~1
~~~~~~~~~~~~~~~~Pack~0
~~~~~~~~~~~~~~~~Swarm~0
~~~~~~~~~~~~~~~~Flock~0
28~2017~7~english-07-t1-l04-ep28~28~1~4~A busy day~Collective nouns (Contd.)~This episode further discusses about collective nouns. More and more collective nouns are given with some exercises.~01:00:00~136~~~A …………………. of singers.~~Choir~1
~~~~~~~~~~~~~~~~Galaxy~0
~~~~~~~~~~~~~~~~Troop~0
~~~~~~~~~~~~~~~~Litter~0
~~~~~~~~~~~137~~~A ………………….. of stars.~~Choir~0
~~~~~~~~~~~~~~~~Galaxy~1
~~~~~~~~~~~~~~~~Troop~0
~~~~~~~~~~~~~~~~Litter~0
~~~~~~~~~~~138~~~A …………………… of soldiers.~~Choir~0
~~~~~~~~~~~~~~~~Galaxy~0
~~~~~~~~~~~~~~~~Troop~1
~~~~~~~~~~~~~~~~Litter~0
~~~~~~~~~~~139~~~A …………………….. of sailors.~~Litter~0
~~~~~~~~~~~~~~~~Crew~1
~~~~~~~~~~~~~~~~Flock~0
~~~~~~~~~~~~~~~~Bunch~0
~~~~~~~~~~~140~~~A ……………………… of dancers.~~Troupe~1
~~~~~~~~~~~~~~~~Troop~0
~~~~~~~~~~~~~~~~Panel~0
~~~~~~~~~~~~~~~~Swarm~0
29~2017~7~english-07-t1-l04-ep29~29~1~4~A busy day~Possessive pronouns~You can gain a clear idea about what the possessive pronouns and possesive adjective are and the way they are used in sentences.~01:00:00~141~~~This classroom is …………….. . Let’s keep it clean.~~Us~0
~~~~~~~~~~~~~~~~We~0
~~~~~~~~~~~~~~~~Ours~1
~~~~~~~~~~~~~~~~Our~0
~~~~~~~~~~~142~~~This is his book but he likes ……………. .~~Me~0
~~~~~~~~~~~~~~~~My~0
~~~~~~~~~~~~~~~~Mine~1
~~~~~~~~~~~~~~~~I~0
~~~~~~~~~~~143~~~Is this van ……………..?~~You~0
~~~~~~~~~~~~~~~~Your~0
~~~~~~~~~~~~~~~~Yours~1
~~~~~~~~~~~~~~~~Yourself~0
~~~~~~~~~~~144~~~Is that Ushani’s coat? No, it isn’t ……………… .~~She~0
~~~~~~~~~~~~~~~~Hers~1
~~~~~~~~~~~~~~~~His~0
~~~~~~~~~~~~~~~~Her~0
~~~~~~~~~~~145~~~There is a bird in our garden. The nest is ………………. .~~Its~1
~~~~~~~~~~~~~~~~It’s~0
~~~~~~~~~~~~~~~~It~0
~~~~~~~~~~~~~~~~Itself~0
30~2017~7~english-07-t1-l04-ep30~30~1~4~ A busy day~Possessive pronouns (Contd.)~This episode further discusses about possessive pronouns. More and more possessive pronouns are given with some exercises.~01:00:00~156~~~Is that cup ……………?~~His~1
~~~~~~~~~~~~~~~~Him~0
~~~~~~~~~~~~~~~~He~0
~~~~~~~~~~~~~~~~Himself~0
~~~~~~~~~~~157~~~Kamal has his cap but Sunil hasn’t ………………. .~~His~1
~~~~~~~~~~~~~~~~Him~0
~~~~~~~~~~~~~~~~He~0
~~~~~~~~~~~~~~~~Himself~0
~~~~~~~~~~~158~~~Is this bicycle yours? Yes, it’s …………….. .~~Them~0
~~~~~~~~~~~~~~~~Mine~1
~~~~~~~~~~~~~~~~Her~0
~~~~~~~~~~~~~~~~My~0
~~~~~~~~~~~159~~~We don’t remember if this is ………………. .~~We~0
~~~~~~~~~~~~~~~~Our~0
~~~~~~~~~~~~~~~~Ours~1
~~~~~~~~~~~~~~~~Their~0
~~~~~~~~~~~160~~~When my brother saw my bike, he wanted one like ……………… .~~My~0
~~~~~~~~~~~~~~~~Mine~1
~~~~~~~~~~~~~~~~Me~0
~~~~~~~~~~~~~~~~Myself~0
31~2017~7~english-07-t2-l05-ep01~1~2~5~Once Upon a Time~Reading Comprehension~This episode gives you some facts about the way the world began. You can gain a good knowledge and it will be an interesting episode. You can learn new words too.~01:00:00~166~~~How many characters are there in the dialogue?~~One~0
~~~~~~~~~~~~~~~~Two~0
~~~~~~~~~~~~~~~~Three~1
~~~~~~~~~~~~~~~~Four~0
~~~~~~~~~~~167~~~Life first began in the …………….. as a bacterium.~~Land~0
~~~~~~~~~~~~~~~~Sea~1
~~~~~~~~~~~~~~~~Sky~0
~~~~~~~~~~~~~~~~Sand~0
~~~~~~~~~~~168~~~………………. appeared on Earth last.~~Humans~1
~~~~~~~~~~~~~~~~Amphibians~0
~~~~~~~~~~~~~~~~Reptiles~0
~~~~~~~~~~~~~~~~Dinosaurs~0
~~~~~~~~~~~169~~~Some ………………… believe that humans evolved from apes.~~Economists~0
~~~~~~~~~~~~~~~~Engineers~0
~~~~~~~~~~~~~~~~Scientists~1
~~~~~~~~~~~~~~~~Doctors~0
~~~~~~~~~~~170~~~Who has a book and a DVD on dinosaurs?~~Arjuna~0
~~~~~~~~~~~~~~~~Radhika~1
~~~~~~~~~~~~~~~~Mother~0
~~~~~~~~~~~~~~~~Father~0
32~2017~7~english-07-t2-l05-ep02~2~2~5~Once Upon a Time~Use of and, but, or~The correct way of using the conjunctions “and”, “but” and “or” is described. Interesting examples as well as exercises are included for your better understanding.~01:00:00~171~~~I don’t like red ……….. blue.~~And~0
~~~~~~~~~~~~~~~~But~0
~~~~~~~~~~~~~~~~Or~1
~~~~~~~~~~~~~~~~So~0
~~~~~~~~~~~172~~~He is good at Mathematics …………….. weak in English.~~And~0
~~~~~~~~~~~~~~~~But~1
~~~~~~~~~~~~~~~~Or~0
~~~~~~~~~~~~~~~~So~0
~~~~~~~~~~~173~~~I woke up late ……………. I went to school on time.~~And~0
~~~~~~~~~~~~~~~~But~1
~~~~~~~~~~~~~~~~Or~0
~~~~~~~~~~~~~~~~So~0
~~~~~~~~~~~174~~~Emili’s frock is short ……………. Suzan’s long.~~And~1
~~~~~~~~~~~~~~~~But~0
~~~~~~~~~~~~~~~~Or~0
~~~~~~~~~~~~~~~~So~0
~~~~~~~~~~~175~~~I like that dress ……………. I don’t have money to buy it.~~And~0
~~~~~~~~~~~~~~~~But~1
~~~~~~~~~~~~~~~~Or~0
~~~~~~~~~~~~~~~~So~0
33~2017~7~english-07-t2-l05-ep03~3~2~5~Once Upon a Time~Use of and, but, or (Contd.)~The way of using the conjunctions “and”, “but” and “or” is explained further. You can have more knowledge on these conjunctions and to combine sentences using them.~01:00:00~176~~~We can play tennis ………… we can watch a movie.~~And~0
~~~~~~~~~~~~~~~~But~0
~~~~~~~~~~~~~~~~Or~1
~~~~~~~~~~~~~~~~So~0
~~~~~~~~~~~177~~~I washed my face …………. brushed my teeth.~~And~1
~~~~~~~~~~~~~~~~But~0
~~~~~~~~~~~~~~~~Or~0
~~~~~~~~~~~~~~~~So~0
~~~~~~~~~~~178~~~Peter can play the violin …………. he can’t play the flute.~~And~0
~~~~~~~~~~~~~~~~But~1
~~~~~~~~~~~~~~~~Or~0
~~~~~~~~~~~~~~~~So~0
~~~~~~~~~~~179~~~John can sing well …………… he can’t dance.~~And~0
~~~~~~~~~~~~~~~~But~1
~~~~~~~~~~~~~~~~Or~0
~~~~~~~~~~~~~~~~So~0
~~~~~~~~~~~180~~~Do you want to study at my house ……….. shall I come to Visal’s?~~And~0
~~~~~~~~~~~~~~~~But~0
~~~~~~~~~~~~~~~~Or~1
~~~~~~~~~~~~~~~~So~0
34~2017~7~english-07-t2-l05-ep04~4~2~5~Once Upon a Time~Describing events~You will understand how to describe events in order and the evolution of man. It will be helpful for you to pay your attention towards some historical facts.~01:00:00~181~~~The early men were evolving from the ……………….. .~~Apes~1
~~~~~~~~~~~~~~~~Tigers~0
~~~~~~~~~~~~~~~~Lions~0
~~~~~~~~~~~~~~~~Reptiles~0
~~~~~~~~~~~182~~~They started using …………………. to hunt animals.~~Guns~0
~~~~~~~~~~~~~~~~Bombs~0
~~~~~~~~~~~~~~~~Bows and arrows~1
~~~~~~~~~~~~~~~~Imported weapons~0
~~~~~~~~~~~183~~~They hunted and gathered food using simple tools. Then they discovered …………….. .~~Bulb~0
~~~~~~~~~~~~~~~~Fire~1
~~~~~~~~~~~~~~~~Phone~0
~~~~~~~~~~~~~~~~Television~0
~~~~~~~~~~~184~~~Later their shelters changed into wattle and daub houses and there were ……………….. .~~Cities~0
~~~~~~~~~~~~~~~~Villages~1
~~~~~~~~~~~~~~~~Towns~0
~~~~~~~~~~~~~~~~Schools~0
~~~~~~~~~~~185~~~When they had free time after harvesting, they began to engage in ……………..…….…… .~~Watching movies~0
~~~~~~~~~~~~~~~~Collecting stamps~0
~~~~~~~~~~~~~~~~Dancing and music~1
~~~~~~~~~~~~~~~~Reading newspapers~0
35~2017~7~english-07-t2-l05-ep05~5~2~5~Once Upon a Time~Picture descriptions~You can have a better idea of describing pictures using the correct tense / tenses. You can add words to your vocabulary as well. It is going to be interesting.~01:00:00~186~~english-07-t2-l05-ep05-q-1.jpg~A man is ……………….. a bow and an arrow.~~Make~0
~~~~~~~~~~~~~~~~Making~1
~~~~~~~~~~~~~~~~Made~0
~~~~~~~~~~~~~~~~Makes~0
~~~~~~~~~~~187~~english-07-t2-l05-ep05-q-2.jpg~A woman ……………… cooking.~~Is~1
~~~~~~~~~~~~~~~~Are~0
~~~~~~~~~~~~~~~~Has~0
~~~~~~~~~~~~~~~~Have~0
~~~~~~~~~~~188~~english-07-t2-l05-ep05-q-3.jpg~A dog is walking ……………… the man.~~In~0
~~~~~~~~~~~~~~~~On~0
~~~~~~~~~~~~~~~~With~1
~~~~~~~~~~~~~~~~Until~0
~~~~~~~~~~~189~~english-07-t2-l05-ep05-q-4.jpg~A child is ……………… on the ground.~~Sit~0
~~~~~~~~~~~~~~~~Sat~0
~~~~~~~~~~~~~~~~Sitting~1
~~~~~~~~~~~~~~~~Sits~0
~~~~~~~~~~~190~~english-07-t2-l05-ep05-q-5.jpg~Some ……………….. are working with stone tools.~~Man~0
~~~~~~~~~~~~~~~~Men~1
~~~~~~~~~~~~~~~~Child~0
~~~~~~~~~~~~~~~~Boy~0
36~2017~7~english-07-t2-l05-ep06~6~2~5~Once Upon a Time~Reading comprehension~This episode is all about dinosaurs. You can learn many things about dinosaurs. Some questions related to dinosaurs are also included at the end.~01:00:00~191~~~The word dinosaur means ……………………….. in ancient Greek.~~‘terrible reptile’~1
~~~~~~~~~~~~~~~~‘terrible bird’~0
~~~~~~~~~~~~~~~~‘terrible mammal’~0
~~~~~~~~~~~~~~~~‘terrible amphibian’~0
~~~~~~~~~~~192~~~Dinosaurs first appeared on Earth about …………………… years ago.~~230 million~1
~~~~~~~~~~~~~~~~300 million~0
~~~~~~~~~~~~~~~~330 million~0
~~~~~~~~~~~~~~~~100 million~0
~~~~~~~~~~~193~~~The period in which ……………………. lived is called the Mesozoic Era.~~Reptiles~0
~~~~~~~~~~~~~~~~Amphibians~0
~~~~~~~~~~~~~~~~Mammals~0
~~~~~~~~~~~~~~~~Dinosaurs~1
~~~~~~~~~~~194~~~Tyrannosaurus Rex was the most …………………… .~~Beautiful~0
~~~~~~~~~~~~~~~~Dangerous~1
~~~~~~~~~~~~~~~~Friendly~0
~~~~~~~~~~~~~~~~Adorable~0
~~~~~~~~~~~195~~~Diplodocus and Stegosaurus were plant eaters or ………………….. .~~Omnivores~0
~~~~~~~~~~~~~~~~Carnivores~0
~~~~~~~~~~~~~~~~Herbivores~1
~~~~~~~~~~~~~~~~Meat eaters~0
37~2017~7~english-07-t2-l05-ep07~7~2~5~Once Upon a Time~Listening / Vocabulary~This episode will help you to broaden your vocabulary. This also tries to improve your listening skills. It will be an interesting episode for sure.~01:00:00~196~~~Find an adjective for “dinosaur”.~~Dangerous~1
~~~~~~~~~~~~~~~~Danger~0
~~~~~~~~~~~~~~~~Dangerously~0
~~~~~~~~~~~~~~~~Beautifully~0
~~~~~~~~~~~197~~~Find an adjective for “tail”.~~Long~1
~~~~~~~~~~~~~~~~Shortly~0
~~~~~~~~~~~~~~~~Highly~0
~~~~~~~~~~~~~~~~Beautifully~0
~~~~~~~~~~~198~~~………………….. means feeding on plants.~~Herbivorous~1
~~~~~~~~~~~~~~~~Carnivorous~0
~~~~~~~~~~~~~~~~Omnivorous~0
~~~~~~~~~~~~~~~~Meat eaters~0
~~~~~~~~~~~199~~~………………….. means feeding on flesh.~~Herbivorous~0
~~~~~~~~~~~~~~~~Carnivorous~1
~~~~~~~~~~~~~~~~Omnivorous~0
~~~~~~~~~~~~~~~~Plant eaters~0
~~~~~~~~~~~200~~~…………………. means feeding on all kinds of food.~~Herbivorous~0
~~~~~~~~~~~~~~~~Carnivorous~0
~~~~~~~~~~~~~~~~Omnivorous~1
~~~~~~~~~~~~~~~~Plant eaters~0
38~2017~7~english-07-t2-l05-ep08~8~2~5~Once Upon a Time~Use of when and while~After watching this episode you will have a thorough understanding about the way ‘when’ and ‘while’ are used in sentences. Clear examples as well as some interesting exercises are also given.~01:00:00~201~~~I was having dinner …………… my mother arrived.~~So~0
~~~~~~~~~~~~~~~~When~1
~~~~~~~~~~~~~~~~Therefore~0
~~~~~~~~~~~~~~~~Or~0
~~~~~~~~~~~202~~~………………. I visited the museum, I saw a skeleton of a whale.~~Or~0
~~~~~~~~~~~~~~~~But~0
~~~~~~~~~~~~~~~~When~1
~~~~~~~~~~~~~~~~So~0
~~~~~~~~~~~203~~~……………… I was looking at the sky, I saw a shooting star.~~So~0
~~~~~~~~~~~~~~~~But~0
~~~~~~~~~~~~~~~~While~1
~~~~~~~~~~~~~~~~And~0
~~~~~~~~~~~204~~~There were no humans on Earth ………………… dinosaurs lived on it.~~When~1
~~~~~~~~~~~~~~~~Who~0
~~~~~~~~~~~~~~~~Whose~0
~~~~~~~~~~~~~~~~Whom~0
~~~~~~~~~~~205~~~While I was ………………, I heard a strange noise.~~Study~0
~~~~~~~~~~~~~~~~Studying~1
~~~~~~~~~~~~~~~~Studies~0
~~~~~~~~~~~~~~~~Studied~0
39~2017~7~english-07-t2-l05-ep09~9~2~5~Once Upon a Time~Listening (Inventions)~This episode will help you to learn about some of the inventions first and after that you can get to know the way of writing a composition.~01:00:00~206~~~Who invented the telephone?~~Alexander Graham Bell~1
~~~~~~~~~~~~~~~~Charles Babbage~0
~~~~~~~~~~~~~~~~Guglielmo Marconi~0
~~~~~~~~~~~~~~~~The Wright brothers~0
~~~~~~~~~~~207~~~Who invented the Ferris wheel?~~George Washington~1
~~~~~~~~~~~~~~~~Charles Babbage~0
~~~~~~~~~~~~~~~~Guglielmo Marconi~0
~~~~~~~~~~~~~~~~Arthur Wynne~0
~~~~~~~~~~~208~~~Who invented the radio?~~Alexander Graham Bell~0
~~~~~~~~~~~~~~~~Charles Babbage~0
~~~~~~~~~~~~~~~~Guglielmo Marconi~1
~~~~~~~~~~~~~~~~The Wright brothers~0
~~~~~~~~~~~209~~~Who invented the Crossword puzzles?~~Arthur Wynne~1
~~~~~~~~~~~~~~~~Sir David Brewster~0
~~~~~~~~~~~~~~~~Guglielmo Marconi~0
~~~~~~~~~~~~~~~~The Wright brothers~0
~~~~~~~~~~~210~~~Fireworks invented in,~~Singapore~0
~~~~~~~~~~~~~~~~Japan~0
~~~~~~~~~~~~~~~~Malasia~0
~~~~~~~~~~~~~~~~China~1
40~2017~7~english-07-t2-l05-ep10~10~2~5~Once Upon a Time~Reading comprehension / writing~This includes facts about two well-known Sri Lankans. They are Munidasa kumaratunga and Siddi Lebbe. You can use those given facts to understand the way to write descriptions.~01:00:00~211~~~Munidasa Cumaratunga was born on 25th July …………. .~~1867~0
~~~~~~~~~~~~~~~~1877~0
~~~~~~~~~~~~~~~~1887~1
~~~~~~~~~~~~~~~~1897~0
~~~~~~~~~~~212~~~Munidasa Cumaratunga was not a,~~Writer~0
~~~~~~~~~~~~~~~~Journalist~0
~~~~~~~~~~~~~~~~Doctor~1
~~~~~~~~~~~~~~~~Poet~0
~~~~~~~~~~~213~~~Munidasa Cumaratunga didn’t write,~~Heenseraya~0
~~~~~~~~~~~~~~~~Hathpana~0
~~~~~~~~~~~~~~~~Madol Doowa~1
~~~~~~~~~~~~~~~~Kiyawana Nuwana~0
~~~~~~~~~~~214~~~Siddi Lebbe worked hard to uplift the lives of ………………… .~~Tamils~0
~~~~~~~~~~~~~~~~Muslims~1
~~~~~~~~~~~~~~~~Burghers~0
~~~~~~~~~~~~~~~~Englishmen~0
~~~~~~~~~~~215~~~Siddi Lebbe was a ………………. by profession.~~Lawyer~1
~~~~~~~~~~~~~~~~Doctor~0
~~~~~~~~~~~~~~~~Musician~0
~~~~~~~~~~~~~~~~Novelist~0
41~2017~7~english-07-t2-l06-ep11~11~2~6~Better safe than sorry~Reading comprehension~This episode tries to give you an advice regarding the food you eat. It highlights the importance of drinking clean water too.~01:00:00~216~~~Who is absent?~~Mufeeda~0
~~~~~~~~~~~~~~~~Suganya~1
~~~~~~~~~~~~~~~~Nisal~0
~~~~~~~~~~~~~~~~Iromi~0
~~~~~~~~~~~217~~~“She had food poisoning”; who said this?~~Mufeeda~1
~~~~~~~~~~~~~~~~Surandi~0
~~~~~~~~~~~~~~~~Nisal~0
~~~~~~~~~~~~~~~~Iromi~0
~~~~~~~~~~~218~~~You ……………….. be very careful about what you eat.~~Shouldn’t~0
~~~~~~~~~~~~~~~~Should~1
~~~~~~~~~~~~~~~~Mustn’t~0
~~~~~~~~~~~~~~~~Haven’t~0
~~~~~~~~~~~219~~~What are they going to make for Suganya?~~A Get Well card~1
~~~~~~~~~~~~~~~~A tasty food~0
~~~~~~~~~~~~~~~~A booklet~0
~~~~~~~~~~~~~~~~An artificial flower~0
~~~~~~~~~~~220~~~When are they going to see Suganya?~~Today~0
~~~~~~~~~~~~~~~~Tomorrow~1
~~~~~~~~~~~~~~~~Day after tomorrow~0
~~~~~~~~~~~~~~~~Next week~0
42~2017~7~english-07-t2-l06-ep12~12~2~6~Better safe than sorry~Use of must, should, would or can~This episode will give you a proper understanding about must, should, would and can. The way they are used is explained with the help of examples.~01:00:00~221~~~……………. you like another piece of cake?~~Can~0
~~~~~~~~~~~~~~~~Would~1
~~~~~~~~~~~~~~~~Should~0
~~~~~~~~~~~~~~~~Must~0
~~~~~~~~~~~222~~~…………….. I make you a cup of tea?~~Can~1
~~~~~~~~~~~~~~~~Am~0
~~~~~~~~~~~~~~~~Is~0
~~~~~~~~~~~~~~~~Are~0
~~~~~~~~~~~223~~~…………….. I borrow your pen?~~Am~0
~~~~~~~~~~~~~~~~Have~0
~~~~~~~~~~~~~~~~Can~1
~~~~~~~~~~~~~~~~Does~0
~~~~~~~~~~~224~~~……………….. you like another glass of milk?~~Would~1
~~~~~~~~~~~~~~~~Can~0
~~~~~~~~~~~~~~~~Can’t~0
~~~~~~~~~~~~~~~~Have~0
~~~~~~~~~~~225~~~We ………………… keep our environment clean.~~Have~0
~~~~~~~~~~~~~~~~Has~0
~~~~~~~~~~~~~~~~Should~1
~~~~~~~~~~~~~~~~Does~0
43~2017~7~english-07-t2-l06-ep13~13~2~6~Better safe than sorry~Writing / replying to a note / listening~You can have a good knowledge on writing notes through this episode. Apart from that, you can understand the way of identifying fresh food as well.~01:00:00~226~~~Whose birthday is it?~~Kamani’s~0
~~~~~~~~~~~~~~~~Amali‘s~1
~~~~~~~~~~~~~~~~Kamal’s~0
~~~~~~~~~~~~~~~~Amal’s~0
~~~~~~~~~~~227~~~Who is sending the wishes?~~Kamani~1
~~~~~~~~~~~~~~~~Amali~0
~~~~~~~~~~~~~~~~Kamal~0
~~~~~~~~~~~~~~~~Amal~0
~~~~~~~~~~~228~~~…………………. should sink to the bottom when put in a pot of cold water.~~Fresh green leaves~0
~~~~~~~~~~~~~~~~Fresh fruits~0
~~~~~~~~~~~~~~~~Fresh eggs~1
~~~~~~~~~~~~~~~~Fresh vegetables~0
~~~~~~~~~~~229~~~…………………. should be crisp and green.~~Fresh green leaves~1
~~~~~~~~~~~~~~~~Fresh fruits~0
~~~~~~~~~~~~~~~~Fresh eggs~0
~~~~~~~~~~~~~~~~Fresh vegetables~0
~~~~~~~~~~~230~~~………………… should be sweet smelling and not too soft.~~Fresh green leaves~0
~~~~~~~~~~~~~~~~Fresh fruits~1
~~~~~~~~~~~~~~~~Fresh eggs~0
~~~~~~~~~~~~~~~~Fresh meat~0
44~2017~7~english-07-t2-l06-ep14~14~2~6~Better safe than sorry~Reading comprehension~This episode carries details about some fruits and vegetables. Some questions are also included to sharpen your knowledge.~01:00:00~231~~~What nutrients does papaw contain?~~Vitamin A and D~0
~~~~~~~~~~~~~~~~Vitamin A and B~0
~~~~~~~~~~~~~~~~Vitamin B and D~0
~~~~~~~~~~~~~~~~Vitamin A and C~1
~~~~~~~~~~~232~~~Pick the orange-coloured vegetable.~~Potato~0
~~~~~~~~~~~~~~~~Carrot~1
~~~~~~~~~~~~~~~~Bitter-gourd~0
~~~~~~~~~~~~~~~~Brinjal~0
~~~~~~~~~~~233~~~………………. is oblong shaped.~~Papaya~1
~~~~~~~~~~~~~~~~Carrot~0
~~~~~~~~~~~~~~~~Potato~0
~~~~~~~~~~~~~~~~Pumpkin~0
~~~~~~~~~~~234~~~What is rich in vitamins A, B6, K and dietary fibre?~~Papaya~0
~~~~~~~~~~~~~~~~Carrot~1
~~~~~~~~~~~~~~~~Bitter-gourd~0
~~~~~~~~~~~~~~~~Brinjal~0
~~~~~~~~~~~235~~~“There are many small black seeds inside this fruit”; what is it?~~Papaya~1
~~~~~~~~~~~~~~~~Carrot~0
~~~~~~~~~~~~~~~~Bitter-gourd~0
~~~~~~~~~~~~~~~~Brinjal~0
45~2017~7~english-07-t2-l06-ep15~15~2~6~Better safe than sorry~Paragraph writing~The way of writing paragraphs is explained in this episode. It will be an important episode for you as paragraph writing is essential.~01:00:00~236~~~What is the fruit mentioned?~~Apple~0
~~~~~~~~~~~~~~~~Pineapple~0
~~~~~~~~~~~~~~~~Mango~1
~~~~~~~~~~~~~~~~Orange~0
~~~~~~~~~~~237~~~What is Kamani’s school?~~Nuwara Eliya M.V.~1
~~~~~~~~~~~~~~~~Kandy M.V.~0
~~~~~~~~~~~~~~~~Galle M.V.~0
~~~~~~~~~~~~~~~~Negambo M. V.~0
~~~~~~~~~~~238~~~How many days was Kamani absent?~~One~0
~~~~~~~~~~~~~~~~Two~0
~~~~~~~~~~~~~~~~Three~1
~~~~~~~~~~~~~~~~Four~0
~~~~~~~~~~~239~~~Kamani studies in grade …………… .~~Six~0
~~~~~~~~~~~~~~~~Seven~1
~~~~~~~~~~~~~~~~Eight~0
~~~~~~~~~~~~~~~~Nine~0
~~~~~~~~~~~240~~~The letter was written on …………. of May 2021.~~10th~0
~~~~~~~~~~~~~~~~15th~0
~~~~~~~~~~~~~~~~25th~1
~~~~~~~~~~~~~~~~30th~0
46~2017~7~english-07-t2-l06-ep16~16~2~6~Better safe than sorry~Writing / excuse letters~The correct way of writing excuse letters is explained. You will understand what you should include in the letter as well. This is also a very important episode as it talks about letters .You can get an idea about Write a short essay on “My hobby'. End of the episode you will learn how to answer the questions regarding the passage.~01:00:00~241~~~In the letter, there should be ………………………. first.~~Receiver’s address~0
~~~~~~~~~~~~~~~~Sender’s address~1
~~~~~~~~~~~~~~~~Date~0
~~~~~~~~~~~~~~~~Content~0
~~~~~~~~~~~242~~~You have to put the …………….. below the sender’s address.~~Content~0
~~~~~~~~~~~~~~~~Date~1
~~~~~~~~~~~~~~~~Sender’s name~0
~~~~~~~~~~~~~~~~Receiver’s name~0
~~~~~~~~~~~243~~~The letter was written in …………………. .~~May~0
~~~~~~~~~~~~~~~~June~0
~~~~~~~~~~~~~~~~October~1
~~~~~~~~~~~~~~~~July~0
~~~~~~~~~~~244~~~Kamal was suffering from ……………………… .~~Food poisoning~0
~~~~~~~~~~~~~~~~Stomachache~0
~~~~~~~~~~~~~~~~Fever~1
~~~~~~~~~~~~~~~~Asthma~0
~~~~~~~~~~~245~~~Kamal Perera lives in ……………… .~~Kandy~1
~~~~~~~~~~~~~~~~Colombo~0
~~~~~~~~~~~~~~~~Galle~0
~~~~~~~~~~~~~~~~Jaffna~0
47~2017~7~english-07-t2-l06-ep17~17~2~6~Better safe than sorry~Reading comprehension~This episode explains you the way that fruits and vegetables get their colours. Not only that, it also describes the advantages of eating different coloured fruits and vegetables. Can do some activities using the most suitable word.~01:00:00~246~~~……………………… fruits and vegetables help your memory.~~Blue~1
~~~~~~~~~~~~~~~~Red~0
~~~~~~~~~~~~~~~~Orange~0
~~~~~~~~~~~~~~~~Yellow~0
~~~~~~~~~~~247~~~…………………….. fruits and vegetables help keep you from getting sick.~~Blue~0
~~~~~~~~~~~~~~~~Red~0
~~~~~~~~~~~~~~~~Orange~0
~~~~~~~~~~~~~~~~Yellow~1
~~~~~~~~~~~248~~~…………………….. fruits and vegetables help keep your eyes healthy.~~Blue~0
~~~~~~~~~~~~~~~~Red~0
~~~~~~~~~~~~~~~~Orange~1
~~~~~~~~~~~~~~~~Yellow~0
~~~~~~~~~~~249~~~…………………….. fruits and vegetables help keep your heart strong.~~Blue~0
~~~~~~~~~~~~~~~~Red~1
~~~~~~~~~~~~~~~~Orange~0
~~~~~~~~~~~~~~~~Yellow~0
~~~~~~~~~~~250~~~…………………….. fruits and vegetables help make your bones and teeth strong.~~Blue~0
~~~~~~~~~~~~~~~~Red~0
~~~~~~~~~~~~~~~~Green~1
~~~~~~~~~~~~~~~~Yellow~0
48~2017~7~english-07-t2-l06-ep18~18~2~6~Better safe than sorry~Reading / writing~This episode talks about good health habits. It is always important for you to acquire more & more good health habits in order to be healthy.~01:00:00~251~~~Brush your teeth at least ……………….. a day.~~Once~0
~~~~~~~~~~~~~~~~Twice~1
~~~~~~~~~~~~~~~~Thrice~0
~~~~~~~~~~~~~~~~More than three times~0
~~~~~~~~~~~252~~~………………….. meat and fish from other food items when storing.~~Chill~0
~~~~~~~~~~~~~~~~Check~0
~~~~~~~~~~~~~~~~Separate~1
~~~~~~~~~~~~~~~~Wash~0
~~~~~~~~~~~253~~~………………….. food properly in the correct temperature.~~Chill~0
~~~~~~~~~~~~~~~~Cook~1
~~~~~~~~~~~~~~~~Separate~0
~~~~~~~~~~~~~~~~Wash~0
~~~~~~~~~~~254~~~…………………… fruit and vegetables for fruit worms before eating.~~Chill~0
~~~~~~~~~~~~~~~~Check~1
~~~~~~~~~~~~~~~~Separate~0
~~~~~~~~~~~~~~~~Wash~0
~~~~~~~~~~~255~~~…………………… leftover food quickly in a refrigerator.~~Chill~1
~~~~~~~~~~~~~~~~Check~0
~~~~~~~~~~~~~~~~Separate~0
~~~~~~~~~~~~~~~~Wash~0
49~2017~7~english-07-t2-l06-ep19~19~2~6~Better safe than sorry~Use of ‘after’ and ‘before’ / use of ‘because’~You can have a good understanding about the conjunctions, “after, before and because” through this episode. You can see the way of using them in sentences in order to give the correct meaning.  ~01:00:00~256~~~Let’s play outside ………………. it stops raining.~~Before~0
~~~~~~~~~~~~~~~~After~1
~~~~~~~~~~~~~~~~Because~0
~~~~~~~~~~~~~~~~So~0
~~~~~~~~~~~257~~~Our aunt will take us to the zoo ……………… she finishes her work.~~Before~0
~~~~~~~~~~~~~~~~After~1
~~~~~~~~~~~~~~~~Because~0
~~~~~~~~~~~~~~~~So~0
~~~~~~~~~~~258~~~They were sad ………………. they could not go on the trip.~~Before~0
~~~~~~~~~~~~~~~~After~0
~~~~~~~~~~~~~~~~Because~1
~~~~~~~~~~~~~~~~So~0
~~~~~~~~~~~259~~~I have my breakfast …………………. I go to school.~~Before~1
~~~~~~~~~~~~~~~~Which~0
~~~~~~~~~~~~~~~~Who~0
~~~~~~~~~~~~~~~~Whose~0
~~~~~~~~~~~260~~~Kusal passed the exam ……………….. he studied well.~~Before~0
~~~~~~~~~~~~~~~~After~0
~~~~~~~~~~~~~~~~Because~1
~~~~~~~~~~~~~~~~So~0
50~2017~7~english-07-t2-l06-ep20~20~2~6~Better safe than sorry~Reading comprehension~This episode conveys a good message. That is, “Prevention is better than cure”. You can add some more words to your vocabulary too.~01:00:00~261~~~Dogs and cats can transmit a disease called ………………. to people.~~“Rabies”~1
~~~~~~~~~~~~~~~~“Dengue”~0
~~~~~~~~~~~~~~~~“Malaria”~0
~~~~~~~~~~~~~~~~“Food poisoning”~0
~~~~~~~~~~~262~~~Mosquitoes spread diseases like dengue and ……………….. .~~Rabies~0
~~~~~~~~~~~~~~~~Typhoid~0
~~~~~~~~~~~~~~~~Malaria~1
~~~~~~~~~~~~~~~~Diarrhea~0
~~~~~~~~~~~263~~~Not a disease spread by houseflies.~~Typhoid~0
~~~~~~~~~~~~~~~~Rabies~1
~~~~~~~~~~~~~~~~Diarrhea~0
~~~~~~~~~~~~~~~~Malaria~0
~~~~~~~~~~~264~~~Find a synonym for “treatment”.~~Hazard~0
~~~~~~~~~~~~~~~~Venom~0
~~~~~~~~~~~~~~~~Cure~1
~~~~~~~~~~~~~~~~Ill~0
~~~~~~~~~~~265~~~Find a synonym for “sick”.~~Hazard~0
~~~~~~~~~~~~~~~~Venom~0
~~~~~~~~~~~~~~~~Cure~0
~~~~~~~~~~~~~~~~Ill~1
51~2017~7~english-07-t2-l06-ep21~21~2~6~Better safe than sorry~Paragraph writing / Listening~This episode will refresh your knowledge on paragraph writing and notes. Thus, it is going to be a very important episode for you.~01:00:00~266~~~Baby moths look like ……………… .~~Flies~0
~~~~~~~~~~~~~~~~Worms~1
~~~~~~~~~~~~~~~~Wasps~0
~~~~~~~~~~~~~~~~Eggs~0
~~~~~~~~~~~267~~~Moths are insects who look similar to ………………... .~~Birds~0
~~~~~~~~~~~~~~~~Butterflies~1
~~~~~~~~~~~~~~~~Cockroaches~0
~~~~~~~~~~~~~~~~Ants~0
~~~~~~~~~~~268~~~Who has written the note?~~Ajantha~0
~~~~~~~~~~~~~~~~Ramesh~1
~~~~~~~~~~~~~~~~Arjun~0
~~~~~~~~~~~~~~~~Rakesh~0
~~~~~~~~~~~269~~~To whom the note is written?~~Ajantha~1
~~~~~~~~~~~~~~~~Ramesh~0
~~~~~~~~~~~~~~~~Arjun~0
~~~~~~~~~~~~~~~~Rakesh~0
~~~~~~~~~~~270~~~Who won’t be able to come to school tomorrow?~~Ajantha~0
~~~~~~~~~~~~~~~~Ramesh~1
~~~~~~~~~~~~~~~~Arjun~0
~~~~~~~~~~~~~~~~Rakesh~0
52~2017~7~english-07-t2-l07-ep22~22~2~7~Around the Country~Reading comprehension~This episode is all about travelling. You can get to know the importance, benefits and the reasons of travelling through this episode.~01:00:00~271~~~Find a synonym for “well-known”.~~Famous~1
~~~~~~~~~~~~~~~~Attractive~0
~~~~~~~~~~~~~~~~Pleasant~0
~~~~~~~~~~~~~~~~Good~0
~~~~~~~~~~~272~~~Find a synonym for “appreciate”.~~Better~0
~~~~~~~~~~~~~~~~Admire~1
~~~~~~~~~~~~~~~~Attractive~0
~~~~~~~~~~~~~~~~Popular~0
~~~~~~~~~~~273~~~Pick the word which is not an adverb.~~Meaningfully~0
~~~~~~~~~~~~~~~~Enjoyably~0
~~~~~~~~~~~~~~~~Wonderful~1
~~~~~~~~~~~~~~~~Beautifully~0
~~~~~~~~~~~274~~~“The world is a book and those who do not travel read only ………………”.~~One page~1
~~~~~~~~~~~~~~~~Two pages~0
~~~~~~~~~~~~~~~~Three pages~0
~~~~~~~~~~~~~~~~Four pages~0
~~~~~~~~~~~275~~~Pick the word which is not an adjective.~~Meaningful~0
~~~~~~~~~~~~~~~~Enjoyable~0
~~~~~~~~~~~~~~~~Wonderfully~1
~~~~~~~~~~~~~~~~Beautiful~0
53~2017~7~english-07-t2-l07-ep23~23~2~7~Around the Country~Vocabulary / pronunciation~You can add more words to your vocabulary through this episode. Not only that, this episode will help you to improve your pronunciations as well. And also doing some extra exercices.~01:00:00~276~~~Find the word that ends with ‘f’ sound.~~Rough~1
~~~~~~~~~~~~~~~~Flag~0
~~~~~~~~~~~~~~~~Song~0
~~~~~~~~~~~~~~~~Face~0
~~~~~~~~~~~277~~~Find the word that begins with ‘f’ sound.~~Philosophy~1
~~~~~~~~~~~~~~~~Cliff~0
~~~~~~~~~~~~~~~~Trough~0
~~~~~~~~~~~~~~~~Calf~0
~~~~~~~~~~~278~~~Find the word that ends with ‘sh’ sound.~~Push~1
~~~~~~~~~~~~~~~~Pass~0
~~~~~~~~~~~~~~~~Shell~0
~~~~~~~~~~~~~~~~Shed~0
~~~~~~~~~~~279~~~………………… is a person who studies about the nature and meaning of life.~~Engineer~0
~~~~~~~~~~~~~~~~Philosopher~1
~~~~~~~~~~~~~~~~Pilot~0
~~~~~~~~~~~~~~~~Accountant~0
~~~~~~~~~~~280~~~………………… means belonging to the past.~~Historical  ~1
~~~~~~~~~~~~~~~~Academic~0
~~~~~~~~~~~~~~~~Aesthetic~0
~~~~~~~~~~~~~~~~Adventure~0
54~2017~7~english-07-t2-l07-ep24~24~2~7~Around the Country~Adjective, comparatives and superlatives~You can have a better understanding about comparing things after watching this episode. You will be able to improve your vocabulary as well.~01:00:00~281~~~What is the comparative form of “big”?~~Bigger~1
~~~~~~~~~~~~~~~~Biggest~0
~~~~~~~~~~~~~~~~More big~0
~~~~~~~~~~~~~~~~Most big~0
~~~~~~~~~~~282~~~What is the superlative form of “rich”?~~Richer~0
~~~~~~~~~~~~~~~~Richest~1
~~~~~~~~~~~~~~~~More rich~0
~~~~~~~~~~~~~~~~Most rich~0
~~~~~~~~~~~283~~~What is the comparative form of “poor”?~~Poorer~1
~~~~~~~~~~~~~~~~Poorest~0
~~~~~~~~~~~~~~~~More poor~0
~~~~~~~~~~~~~~~~Most poor~0
~~~~~~~~~~~284~~~What is the superlative form of “short”?~~Shorter~0
~~~~~~~~~~~~~~~~Shortest~1
~~~~~~~~~~~~~~~~More short~0
~~~~~~~~~~~~~~~~Most short~0
~~~~~~~~~~~285~~~What is the superlative form of “beautiful”?~~More beautiful~0
~~~~~~~~~~~~~~~~Most beautiful~1
~~~~~~~~~~~~~~~~Beauty~0
~~~~~~~~~~~~~~~~Beautify~0
55~2017~7~english-07-t2-l07-ep25~25~2~7~Around the Country~Reading comprehension, poem / listening  ~You  can enjoy a poem in this episode. Not only that, you can listen to a story as well. So it will be really interesting episode.~01:00:00~286~~~Pick a rhyming word for “no”.~~Too~0
~~~~~~~~~~~~~~~~Go~1
~~~~~~~~~~~~~~~~Pot~0
~~~~~~~~~~~~~~~~Tooth~0
~~~~~~~~~~~287~~~Pick a rhyming word for “tie”.~~Clay~0
~~~~~~~~~~~~~~~~Key~0
~~~~~~~~~~~~~~~~Sky~1
~~~~~~~~~~~~~~~~Play~0
~~~~~~~~~~~288~~~Find a pronoun.~~Tree~0
~~~~~~~~~~~~~~~~Me~1
~~~~~~~~~~~~~~~~Alone~0
~~~~~~~~~~~~~~~~Stone~0
~~~~~~~~~~~289~~~Tin Tan’s house is very ………….. .~~Big~1
~~~~~~~~~~~~~~~~Small~0
~~~~~~~~~~~~~~~~Unpleasant~0
~~~~~~~~~~~~~~~~Ugly~0
~~~~~~~~~~~290~~~Tin Tan’s dog is called ……………. .~~Jimmy~0
~~~~~~~~~~~~~~~~Broowy~1
~~~~~~~~~~~~~~~~Snowy~0
~~~~~~~~~~~~~~~~Leo~0
56~2017~7~english-07-t2-l07-ep26~26~2~7~Around the Country~Affixes~This episode is all about affixes. You can learn about the two types of affixes which are prefixes and suffixes. You will be able to clearly identify the difference between them through this episode.~01:00:00~291~~~Find a prefix for “like”.~~Dis~1
~~~~~~~~~~~~~~~~Mis~0
~~~~~~~~~~~~~~~~In~0
~~~~~~~~~~~~~~~~Ir~0
~~~~~~~~~~~292~~~Find a prefix for “understand”.~~Dis~0
~~~~~~~~~~~~~~~~Mis~1
~~~~~~~~~~~~~~~~In~0
~~~~~~~~~~~~~~~~Ir~0
~~~~~~~~~~~293~~~Find a prefix for “responsible”.~~Dis~0
~~~~~~~~~~~~~~~~Mis~0
~~~~~~~~~~~~~~~~Ir~1
~~~~~~~~~~~~~~~~Im~0
~~~~~~~~~~~294~~~Find a suffix for “develop”.~~Ment~1
~~~~~~~~~~~~~~~~Ness~0
~~~~~~~~~~~~~~~~Less~0
~~~~~~~~~~~~~~~~Tion~0
~~~~~~~~~~~295~~~Find a suffix for “kind”.~~Ment~0
~~~~~~~~~~~~~~~~Ness~1
~~~~~~~~~~~~~~~~Sion~0
~~~~~~~~~~~~~~~~Tion~0
57~2017~7~english-07-t2-l07-ep27~27~2~7~Around the Country~Reading comprehension / adverbs~“A trip to Jaffna” tries to give you a good understanding about adverbs. The way to form adverbs are explained together with some interesting exercises.~01:00:00~296~~~They enjoyed the journey …………………. .~~Happy~0
~~~~~~~~~~~~~~~~Happily~1
~~~~~~~~~~~~~~~~Happiness~0
~~~~~~~~~~~~~~~~Glad~0
~~~~~~~~~~~297~~~I did the exam ……………… .~~Good~0
~~~~~~~~~~~~~~~~Well~1
~~~~~~~~~~~~~~~~Success~0
~~~~~~~~~~~~~~~~Hardly~0
~~~~~~~~~~~298~~~It was raining ……………… .~~Heavily~1
~~~~~~~~~~~~~~~~Hardly~0
~~~~~~~~~~~~~~~~Good~0
~~~~~~~~~~~~~~~~Beautiful~0
~~~~~~~~~~~299~~~The train went …………….. .~~Fast~1
~~~~~~~~~~~~~~~~Quick~0
~~~~~~~~~~~~~~~~Careful~0
~~~~~~~~~~~~~~~~Hard~0
~~~~~~~~~~~300~~~They reached Galle ………………. .~~Highly~0
~~~~~~~~~~~~~~~~Neat~0
~~~~~~~~~~~~~~~~Safely~1
~~~~~~~~~~~~~~~~Warm~0
58~2017~7~english-07-t2-l07-ep28~28~2~7~Around the Country~Adverbs~You can have a thorough understanding about adverbs through this episode. More exercises are given in order to test your knowledge regarding adverbs.~01:00:00~301~~~She spoke to us ………………. .~~Angry~0
~~~~~~~~~~~~~~~~Angrily~1
~~~~~~~~~~~~~~~~Happy~0
~~~~~~~~~~~~~~~~Good~0
~~~~~~~~~~~302~~~He shouts ……………… .~~Loudly~1
~~~~~~~~~~~~~~~~Angry~0
~~~~~~~~~~~~~~~~Sad~0
~~~~~~~~~~~~~~~~Happy~0
~~~~~~~~~~~303~~~We ………………… returned to school after losing the match.~~Sadly~1
~~~~~~~~~~~~~~~~Sad~0
~~~~~~~~~~~~~~~~Happy~0
~~~~~~~~~~~~~~~~Angry~0
~~~~~~~~~~~304~~~The train reached the railway station ………………. .~~Slow~0
~~~~~~~~~~~~~~~~Slowly~1
~~~~~~~~~~~~~~~~Quick~0
~~~~~~~~~~~~~~~~Careful~0
~~~~~~~~~~~305~~~Find the word which its adjective and adverb are two different words.~~Hard~0
~~~~~~~~~~~~~~~~Fast~0
~~~~~~~~~~~~~~~~Good~1
~~~~~~~~~~~~~~~~Early~0
59~2017~7~english-07-t2-l07-ep29~29~2~7~Around the Country~Reading Comprehension~You are going to learn about some beautiful places in Sri Lanka through this episode. Mainly it talks about Neduntheev and Galle Fort.~01:00:00~306~~~“Neduntheev” is an island of the …………………. Province.~~Southern~0
~~~~~~~~~~~~~~~~Northern~1
~~~~~~~~~~~~~~~~Eastern~0
~~~~~~~~~~~~~~~~Western~0
~~~~~~~~~~~307~~~“Neduntheev” is also known as …………………. .~~Delft~1
~~~~~~~~~~~~~~~~Mannar~0
~~~~~~~~~~~~~~~~Chillaw~0
~~~~~~~~~~~~~~~~Trincomalee~0
~~~~~~~~~~~308~~~Delft should be reached by sea and it takes about …………… hour to reach the destination.~~One~1
~~~~~~~~~~~~~~~~Two~0
~~~~~~~~~~~~~~~~Three~0
~~~~~~~~~~~~~~~~Four~0
~~~~~~~~~~~309~~~Galle Fort was built first in …………….. .~~1488~0
~~~~~~~~~~~~~~~~1588~1
~~~~~~~~~~~~~~~~1688~0
~~~~~~~~~~~~~~~~1788~0
~~~~~~~~~~~310~~~Galle Fort was built first by the ………………. .~~British~0
~~~~~~~~~~~~~~~~Portuguese~1
~~~~~~~~~~~~~~~~Dutch~0
~~~~~~~~~~~~~~~~Indians~0
60~2017~7~english-07-t2-l07-ep30~30~2~7~Around the Country~Reading / writing~This episode will learn you to write correct answers that given questions by reading the letter.You can learn how to Write a  description about Sigiriya to your pen friend.~01:00:00~311~~~Where does Tony live?~~In USA~1
~~~~~~~~~~~~~~~~In India~0
~~~~~~~~~~~~~~~~In England~0
~~~~~~~~~~~~~~~~In Australia~0
~~~~~~~~~~~312~~~Who likes rock climbing?~~Rizwi~0
~~~~~~~~~~~~~~~~Tony~1
~~~~~~~~~~~~~~~~Richard~0
~~~~~~~~~~~~~~~~George~0
~~~~~~~~~~~313~~~Who received the letter?~~Rizwi~1
~~~~~~~~~~~~~~~~Tony~0
~~~~~~~~~~~~~~~~Richard~0
~~~~~~~~~~~~~~~~George~0
~~~~~~~~~~~314~~~Sigiriya is built by king ……………….. .~~Vijaya~0
~~~~~~~~~~~~~~~~Dutugemunu~0
~~~~~~~~~~~~~~~~Kashyapa~1
~~~~~~~~~~~~~~~~Parakramabahu~0
~~~~~~~~~~~315~~~Sigiriya is located in the ……………….. Province of Sri Lanka.~~Western~0
~~~~~~~~~~~~~~~~Eastern~0
~~~~~~~~~~~~~~~~Central~1
~~~~~~~~~~~~~~~~Northern~0
61~2017~7~english-07-t3-l08-ep01~1~3~8~Wonders around us~Reading comprehension~This is going to be a really interesting episode as it talks about the wonders around us. It carries a dialogue and you can test your knowledge by answering the questions given at the end.~01:00:00~316~~~Who likes to see the Taj Mahal?~~Hansana~1
~~~~~~~~~~~~~~~~Radha~0
~~~~~~~~~~~~~~~~Mohmed~0
~~~~~~~~~~~~~~~~Kasun~0
~~~~~~~~~~~317~~~What is the highest mountain peak in the world?~~Piduruthalagala~0
~~~~~~~~~~~~~~~~Adam’s Peak~0
~~~~~~~~~~~~~~~~Mt. Everest~1
~~~~~~~~~~~~~~~~Corcovado~0
~~~~~~~~~~~318~~~Who likes to see The Great Wall of China?~~Hansana~0
~~~~~~~~~~~~~~~~Radha~1
~~~~~~~~~~~~~~~~Mohmed~0
~~~~~~~~~~~~~~~~Kasun~0
~~~~~~~~~~~319~~~Who built the Taj Mahal?~~Mumtaz~0
~~~~~~~~~~~~~~~~Egyptians~0
~~~~~~~~~~~~~~~~Emperor Shah Jahan~1
~~~~~~~~~~~~~~~~King Kashyapa~0
~~~~~~~~~~~320~~~Taj Mahal is in ………………~~Sri Lanka~0
~~~~~~~~~~~~~~~~India~1
~~~~~~~~~~~~~~~~Bangladesh~0
~~~~~~~~~~~~~~~~China~0
62~2017~7~english-07-t3-l08-ep02~2~3~8~Wonders around us~Reading for specific information~You will get to know some specific information on several wonders around the world including The Great wall of China, Taj Mahal and Mayan Temple City through this episode.~01:00:00~321~~~……………………… is the largest man-made structure in the world.~~Mayan Temple~0
~~~~~~~~~~~~~~~~Taj Mahal~0
~~~~~~~~~~~~~~~~The Great Wall of China~1
~~~~~~~~~~~~~~~~Rome’s Colosseum~0
~~~~~~~~~~~322~~~…………………….. can be seen from the space.~~Mayan Temple~0
~~~~~~~~~~~~~~~~Taj Mahal~0
~~~~~~~~~~~~~~~~The Great Wall of China~1
~~~~~~~~~~~~~~~~Rome’s Colosseum~0
~~~~~~~~~~~323~~~Mayan Temple City is located in ………………… .~~India~0
~~~~~~~~~~~~~~~~Rome~0
~~~~~~~~~~~~~~~~Mexico~1
~~~~~~~~~~~~~~~~Australia~0
~~~~~~~~~~~324~~~The Statue of Christ, the Redeemer is ………………… metres tall.~~10~0
~~~~~~~~~~~~~~~~20~0
~~~~~~~~~~~~~~~~30~1
~~~~~~~~~~~~~~~~40~0
~~~~~~~~~~~325~~~The Statue of Christ is on the peak of the …………………. Mountain.~~Corcovado~1
~~~~~~~~~~~~~~~~Piduruthalagala~0
~~~~~~~~~~~~~~~~Everest~0
~~~~~~~~~~~~~~~~Samanala~0
63~2017~7~english-07-t3-l08-ep03~3~3~8~Wonders around us~Reading for specific information (Contd.)~This episode will help you to know the Seven Wonders of the World as well as the way they are selected. It will be interesting.~01:00:00~326~~~………………………........... is the owner of the organization that selects the seven wonders.~~Bernard Weber~1
~~~~~~~~~~~~~~~~Bill Gates~0
~~~~~~~~~~~~~~~~Mukesh Ambani~0
~~~~~~~~~~~~~~~~Mark Zuckerberg~0
~~~~~~~~~~~327~~~The campaign to name new wonders was launched in ……………… .~~1979~0
~~~~~~~~~~~~~~~~1989~0
~~~~~~~~~~~~~~~~1999~1
~~~~~~~~~~~~~~~~2009~0
~~~~~~~~~~~328~~~What is not among the Seven Wonders of the World?~~Sigiriya~1
~~~~~~~~~~~~~~~~Taj Mahal~0
~~~~~~~~~~~~~~~~The Great Wall of China~0
~~~~~~~~~~~~~~~~Rome’s Colosseum~0
~~~~~~~~~~~329~~~What is the method used to select the seven wonders?~~Filling coupons~0
~~~~~~~~~~~~~~~~Through phone calls~0
~~~~~~~~~~~~~~~~Conducting a poll through Internet and mobile text messages~1
~~~~~~~~~~~~~~~~By the word of mouth~0
~~~~~~~~~~~330~~~How many monuments were selected for the final round?~~10~0
~~~~~~~~~~~~~~~~14~0
~~~~~~~~~~~~~~~~21~1
~~~~~~~~~~~~~~~~25~0
64~2017~7~english-07-t3-l08-ep04~4~3~8~Wonders around us~Matching pictures / writing~You are going to identify some wonderful monuments through this episode also. You will get to know more and more facts about them. Apart from that, you can improve your vocabulary too.~01:00:00~331~~~Great amphitheater in the centre of Rome.~~Machu Picchu~0
~~~~~~~~~~~~~~~~Chichen Itza~0
~~~~~~~~~~~~~~~~Colosseum~1
~~~~~~~~~~~~~~~~Petra~0
~~~~~~~~~~~332~~~The last and greatest of all Mayan temples.~~Machu Picchu~0
~~~~~~~~~~~~~~~~Chichen Itza~1
~~~~~~~~~~~~~~~~Christ the Redeemer~0
~~~~~~~~~~~~~~~~Petra~0
~~~~~~~~~~~333~~~The glittering capital of the Nabataean empire of King Aretas IV.~~Machu Picchu~0
~~~~~~~~~~~~~~~~Chichen Itza~0
~~~~~~~~~~~~~~~~Christ the Redeemer~0
~~~~~~~~~~~~~~~~Petra~1
~~~~~~~~~~~334~~~A city in the clouds built around 1440 by the founder of the Inca Empire.~~Machu Picchu~1
~~~~~~~~~~~~~~~~Chichen Itza~0
~~~~~~~~~~~~~~~~Christ the Redeemer~0
~~~~~~~~~~~~~~~~Petra~0
~~~~~~~~~~~335~~~Stands 38 meters tall on top of the Corcovado Mountain.~~Machu Picchu~0
~~~~~~~~~~~~~~~~Chichen Itza~0
~~~~~~~~~~~~~~~~Christ the Redeemer~1
~~~~~~~~~~~~~~~~Petra~0
65~2017~7~english-07-t3-l08-ep05~5~3~8~Wonders around us~Past Continuous Tense~This is going to be a very important episode. Past continuous tense in active voice is explained here. You will know how and when to use past continuous tense.~01:00:00~336~~~Nimesha ………………….. (fly) a kite yesterday at 5.00 p.m.~~Fly~0
~~~~~~~~~~~~~~~~Are flying~0
~~~~~~~~~~~~~~~~Was flying~1
~~~~~~~~~~~~~~~~Were flying~0
~~~~~~~~~~~337~~~They ……………………. (do) their exam yesterday afternoon.~~Do~0
~~~~~~~~~~~~~~~~Is doing~0
~~~~~~~~~~~~~~~~Were doing~1
~~~~~~~~~~~~~~~~Was doing~0
~~~~~~~~~~~338~~~A guide ………………………. (explain) the history of the temple.~~Explain~0
~~~~~~~~~~~~~~~~Are explaining~0
~~~~~~~~~~~~~~~~Was explaining~1
~~~~~~~~~~~~~~~~Were explaining~0
~~~~~~~~~~~339~~~I ………………………(talk) about my children.~~Was not talking~1
~~~~~~~~~~~~~~~~Were talking~0
~~~~~~~~~~~~~~~~Are talking~0
~~~~~~~~~~~~~~~~Talk~0
~~~~~~~~~~~340~~~Alex ……………………... (smile) right now.~~Smile~0
~~~~~~~~~~~~~~~~Was not smiling~1
~~~~~~~~~~~~~~~~Were smiling~0
~~~~~~~~~~~~~~~~Are smiling~0
66~2017~7~english-07-t3-l08-ep06~6~3~8~Wonders around us~Past Continuous Tense (contd.) part 1~This episode will also try to broaden your knowledge on past continuous tense. You can understand the way of asking questions using past continuous tense as well.~01:00:00~341~~~………………. he ………………. (sing) at the party?~~Was , singing~1
~~~~~~~~~~~~~~~~Were , singing~0
~~~~~~~~~~~~~~~~Are , singing~0
~~~~~~~~~~~~~~~~Am , singing~0
~~~~~~~~~~~342~~~……………… you ……………… (shop) with your friends?~~Were , shopping~1
~~~~~~~~~~~~~~~~Was , shopping~0
~~~~~~~~~~~~~~~~Is,  shopping~0
~~~~~~~~~~~~~~~~Am , shopping~0
~~~~~~~~~~~343~~~……………… you ……………… (play) with your brother?~~Was , playing~0
~~~~~~~~~~~~~~~~Were , playing~1
~~~~~~~~~~~~~~~~Is , playing~0
~~~~~~~~~~~~~~~~Will , playing~0
~~~~~~~~~~~344~~~…………….. Sandun ……………….. (talk) during the lesson?~~Did , talking~0
~~~~~~~~~~~~~~~~Was , talking~1
~~~~~~~~~~~~~~~~Will , talking~0
~~~~~~~~~~~~~~~~Were , talking~0
~~~~~~~~~~~345~~~……………. Kamali cooking the dinner yesterday at 6.00 p.m.?~~Was~1
~~~~~~~~~~~~~~~~Were~0
~~~~~~~~~~~~~~~~Did~0
~~~~~~~~~~~~~~~~Will~0
67~2017~7~english-07-t3-l08-ep07~7~3~8~Wonders around us~Past Continuous Tense (contd.) part 2~Through this episode, you will learn to write negative sentences using past continuous tense. In addition, you will be able to describe pictures using past continuous tense too.~01:00:00~346~~~She ……………………………….. (talk) to me yesterday.~~Were not talking~0
~~~~~~~~~~~~~~~~Was not talking~1
~~~~~~~~~~~~~~~~Are not talking~0
~~~~~~~~~~~~~~~~Am not talking~0
~~~~~~~~~~~347~~~They ………………………...… (have) dinner at home last night.~~Were having~1
~~~~~~~~~~~~~~~~Wasn’t having~0
~~~~~~~~~~~~~~~~Are having~0
~~~~~~~~~~~~~~~~Isn’t having~0
~~~~~~~~~~~348~~~You ……………  doing your dancing practices yesterday evening.~~Was~0
~~~~~~~~~~~~~~~~Were~1
~~~~~~~~~~~~~~~~Are~0
~~~~~~~~~~~~~~~~Is~0
~~~~~~~~~~~349~~~Nimal wasn’t ………………. in the afternoon.~~Sleep~0
~~~~~~~~~~~~~~~~Sleeps~0
~~~~~~~~~~~~~~~~Sleeping~1
~~~~~~~~~~~~~~~~Not sleeping~0
~~~~~~~~~~~350~~~They …………………. singing with her friend in the morning.~~Was~0
~~~~~~~~~~~~~~~~Were~1
~~~~~~~~~~~~~~~~Aren’t~0
~~~~~~~~~~~~~~~~Don’t~0
68~2017~7~english-07-t3-l08-ep08~8~3~8~Wonders around us~Compound nouns~Compound nouns are explained in this episode. You will know the way of making compound nouns after going through this.~01:00:00~351~~~Stop the bicycle! The ………………… is red!~~Traffic light~1
~~~~~~~~~~~~~~~~Bus stop~0
~~~~~~~~~~~~~~~~Rush hour~0
~~~~~~~~~~~~~~~~Railway station~0
~~~~~~~~~~~352~~~I bought it from a ………………… .~~Bus stop~0
~~~~~~~~~~~~~~~~Rush hour~0
~~~~~~~~~~~~~~~~Book shop~1
~~~~~~~~~~~~~~~~Railway station~0
~~~~~~~~~~~353~~~5.00 p.m. to 6.00 p.m. is a ………………. .~~Rush hour~1
~~~~~~~~~~~~~~~~Book shop~0
~~~~~~~~~~~~~~~~Railway station~0
~~~~~~~~~~~~~~~~Bus stop~0
~~~~~~~~~~~354~~~We waited at the ……………….…. for an hour.~~Traffic light~0
~~~~~~~~~~~~~~~~Bus stop~1
~~~~~~~~~~~~~~~~Rush hour~0
~~~~~~~~~~~~~~~~Railway station~0
~~~~~~~~~~~355~~~The ……………………… was very big.~~Rush hour~0
~~~~~~~~~~~~~~~~Book shop~0
~~~~~~~~~~~~~~~~Railway station~1
~~~~~~~~~~~~~~~~Bus stop~0
69~2017~7~english-07-t3-l08-ep09~9~3~8~Wonders around us~Compound nouns (contd.)~This episode also tries to enhance your understanding on compound nouns. Some exercises are given at the end to test your knowledge on this lesson.~01:00:00~356~~~………………….. is formed combining two nouns.~~“Rainfall”~0
~~~~~~~~~~~~~~~~“Haircut”~0
~~~~~~~~~~~~~~~~“Bedroom”~1
~~~~~~~~~~~~~~~~“check in”~0
~~~~~~~~~~~357~~~………………… is formed combining a noun and a verb respectively.~~“Rainfall”~1
~~~~~~~~~~~~~~~~“sunflower”~0
~~~~~~~~~~~~~~~~“Bedroom”~0
~~~~~~~~~~~~~~~~“check in”~0
~~~~~~~~~~~358~~~……………….. is formed combining a noun and a preposition.~~“Rainfall”~0
~~~~~~~~~~~~~~~~“Passer-by”~1
~~~~~~~~~~~~~~~~“Bedroom”~0
~~~~~~~~~~~~~~~~“Sunflower”~0
~~~~~~~~~~~359~~~……………………. is formed combining a verb and a noun respectively.~~“Washing machine”~1
~~~~~~~~~~~~~~~~“Passer-by”~0
~~~~~~~~~~~~~~~~“Bedroom”~0
~~~~~~~~~~~~~~~~“Sunflower”~0
~~~~~~~~~~~360~~~………………… is not a compound noun.~~“Bedroom”~0
~~~~~~~~~~~~~~~~“Sunflower”~0
~~~~~~~~~~~~~~~~“Pen”~1
~~~~~~~~~~~~~~~~“Watermelon”~0
70~2017~7~english-07-t3-l08-ep10~10~3~8~Wonders around us~Compound nouns (contd.), reading / comprehension (poem)~Through this episode, you can refresh your knowledge on compound nouns while paying attention to a beautiful poem. You can learn more rhyming words too.~01:00:00~361~~~Find a rhyming word for “car”.~~Far~1
~~~~~~~~~~~~~~~~Fare~0
~~~~~~~~~~~~~~~~Care~0
~~~~~~~~~~~~~~~~Pay~0
~~~~~~~~~~~362~~~Find the compound noun of the jumbled word, “btutrefyl”.~~Butter~0
~~~~~~~~~~~~~~~~Butterfly~1
~~~~~~~~~~~~~~~~Fly~0
~~~~~~~~~~~~~~~~Backpack~0
~~~~~~~~~~~363~~~………………….. was playing the guitar.~~Max~1
~~~~~~~~~~~~~~~~Jane~0
~~~~~~~~~~~~~~~~Mark~0
~~~~~~~~~~~~~~~~Parrot Paul~0
~~~~~~~~~~~364~~~…………………… was sitting at the piano.~~Max~0
~~~~~~~~~~~~~~~~Jane~0
~~~~~~~~~~~~~~~~Mark~1
~~~~~~~~~~~~~~~~Parrot Paul~0
~~~~~~~~~~~365~~~…………………… was sleeping under the table.~~Max~0
~~~~~~~~~~~~~~~~Bob~1
~~~~~~~~~~~~~~~~Mark~0
~~~~~~~~~~~~~~~~Parrot Paul~0
71~2017~7~english-07-t3-l09-ep11~11~3~9~Our Beautiful World~Prepositions~This will be a very important episode for you as it mainly talks about prepositions. You can learn a lot about prepositions including when and how they are used. You can enjoy a poem as well.~01:00:00~366~~~My mother wakes up early ……….. the morning.~~On~0
~~~~~~~~~~~~~~~~In~1
~~~~~~~~~~~~~~~~At~0
~~~~~~~~~~~~~~~~With~0
~~~~~~~~~~~367~~~They are going to the playground ……….. Monday.~~On~1
~~~~~~~~~~~~~~~~In~0
~~~~~~~~~~~~~~~~At~0
~~~~~~~~~~~~~~~~With~0
~~~~~~~~~~~368~~~The school starts ……………. at 7.30 a.m.~~On~0
~~~~~~~~~~~~~~~~In~0
~~~~~~~~~~~~~~~~At~1
~~~~~~~~~~~~~~~~With~0
~~~~~~~~~~~369~~~Anil went to Galle …………….. his family.~~On~0
~~~~~~~~~~~~~~~~With~1
~~~~~~~~~~~~~~~~At~0
~~~~~~~~~~~~~~~~With~0
~~~~~~~~~~~370~~~I live ………….. Sri Lanka.~~On~0
~~~~~~~~~~~~~~~~In~1
~~~~~~~~~~~~~~~~At~0
~~~~~~~~~~~~~~~~With~0
72~2017~7~english-07-t3-l09-ep12~12~3~9~Our Beautiful World~Prepositions (Contd.) part 1~This episode will also try to give more understanding on different types of prepositions. It will really help you to understand the way of using prepositions in a sentence.~01:00:00~371~~~The cat jumped ......................................... the wall to the other side.~~To~0
~~~~~~~~~~~~~~~~Of~0
~~~~~~~~~~~~~~~~Over~1
~~~~~~~~~~~~~~~~Below~0
~~~~~~~~~~~372~~~The postman is standing ............................... the post box.~~Down~0
~~~~~~~~~~~~~~~~Near~1
~~~~~~~~~~~~~~~~Over~0
~~~~~~~~~~~~~~~~Into~0
~~~~~~~~~~~373~~~The girl sat .......................... a tree and read a book.~~Under~1
~~~~~~~~~~~~~~~~Through~0
~~~~~~~~~~~~~~~~Over~0
~~~~~~~~~~~~~~~~Into~0
~~~~~~~~~~~374~~~We went ................................ the jungle in search of water.~~Through~1
~~~~~~~~~~~~~~~~Above~0
~~~~~~~~~~~~~~~~Next to~0
~~~~~~~~~~~~~~~~Below~0
~~~~~~~~~~~375~~~It was my first trip .................................... Canada.~~Above~0
~~~~~~~~~~~~~~~~Next to~0
~~~~~~~~~~~~~~~~To~1
~~~~~~~~~~~~~~~~Behind~0
73~2017~7~english-07-t3-l09-ep13~13~3~9~Our Beautiful World~Prepositions (Contd.) part 2~More and more prepositions are taught in this episode too. You will know how to describe a picture using the correct prepositions as well. Some exercises are also given.~01:00:00~376~~~They were walking .................................... the road.~~Along~1
~~~~~~~~~~~~~~~~Of~0
~~~~~~~~~~~~~~~~Under~0
~~~~~~~~~~~~~~~~With~0
~~~~~~~~~~~377~~~I received this postcard ................................ my aunt.~~Under~0
~~~~~~~~~~~~~~~~With~0
~~~~~~~~~~~~~~~~From~1
~~~~~~~~~~~~~~~~To~0
~~~~~~~~~~~378~~~The little girl was sitting ………………………. her sister.~~From~0
~~~~~~~~~~~~~~~~To~0
~~~~~~~~~~~~~~~~Beside~1
~~~~~~~~~~~~~~~~Of~0
~~~~~~~~~~~379~~~I go to school ........................ my brother.~~Of~0
~~~~~~~~~~~~~~~~In~0
~~~~~~~~~~~~~~~~With~1
~~~~~~~~~~~~~~~~At~0
~~~~~~~~~~~380~~~The girl is hiding  .................................. the door.~~Behind~1
~~~~~~~~~~~~~~~~Into~0
~~~~~~~~~~~~~~~~To~0
~~~~~~~~~~~~~~~~For~0
74~2017~7~english-07-t3-l09-ep14~14~3~9~Our Beautiful World~Reading comprehension~Through this episode, it is possible for you to know the greatest artist of all. There’s a beautiful story and you have some questions to answer at the end.~01:00:00~381~~~This story is from ……………...............~~Australia~0
~~~~~~~~~~~~~~~~Pakistan~0
~~~~~~~~~~~~~~~~China~1
~~~~~~~~~~~~~~~~Italy~0
~~~~~~~~~~~382~~~The artist became ………… about his work.~~Proud~1
~~~~~~~~~~~~~~~~Unhappy~0
~~~~~~~~~~~~~~~~Careless~0
~~~~~~~~~~~~~~~~Lazy~0
~~~~~~~~~~~383~~~The artist travelled to the banks of the …………….. river.~~Si~0
~~~~~~~~~~~~~~~~Li~1
~~~~~~~~~~~~~~~~Ki~0
~~~~~~~~~~~~~~~~Gi~0
~~~~~~~~~~~384~~~The artist was …………… by the natural beauty of the surroundings.~~Amazed~1
~~~~~~~~~~~~~~~~Not amazed~0
~~~~~~~~~~~~~~~~Unhappy~0
~~~~~~~~~~~~~~~~Not surprised~0
~~~~~~~~~~~385~~~The artist felt ……………… of thinking that he knew everything about art at the end.~~Good~0
~~~~~~~~~~~~~~~~Ashamed~1
~~~~~~~~~~~~~~~~Happy~0
~~~~~~~~~~~~~~~~Proud~0
75~2017~7~english-07-t3-l09-ep15~15~3~9~Our Beautiful World~Plurals~You can refresh your knowledge on plurals after watching this episode. The different ways of making plurals are explained using examples.~01:00:00~386~~~The plural of studio is,~~Studioes~0
~~~~~~~~~~~~~~~~Studios~1
~~~~~~~~~~~~~~~~Studio~0
~~~~~~~~~~~~~~~~Studiose~0
~~~~~~~~~~~387~~~. ………………… is the plural of box.~~Boxes~1
~~~~~~~~~~~~~~~~Boxs~0
~~~~~~~~~~~~~~~~Boxies~0
~~~~~~~~~~~~~~~~Boxse~0
~~~~~~~~~~~388~~~The plural of baby is,~~Babys~0
~~~~~~~~~~~~~~~~Babyes~0
~~~~~~~~~~~~~~~~Babies~1
~~~~~~~~~~~~~~~~Babyse~0
~~~~~~~~~~~389~~~…………………… is the plural of knife.~~Knifes~0
~~~~~~~~~~~~~~~~Knifies~0
~~~~~~~~~~~~~~~~Knives~1
~~~~~~~~~~~~~~~~Knivse~0
~~~~~~~~~~~390~~~…………………… is the plural of child.~~Childs~0
~~~~~~~~~~~~~~~~Children~1
~~~~~~~~~~~~~~~~Childes~0
~~~~~~~~~~~~~~~~Childies~0
76~2017~7~english-07-t3-l09-ep16~16~3~9~Our Beautiful World~Plurals (Contd.) / poem reading~You will be able to know more about plurals including the way of writing plural sentences. Apart from that, there’s an interesting poem too.~01:00:00~391~~~What is the plural of match?~~Matchs~0
~~~~~~~~~~~~~~~~Matches~1
~~~~~~~~~~~~~~~~Matchies~0
~~~~~~~~~~~~~~~~Matchse~0
~~~~~~~~~~~392~~~…………………. is the plural of family.~~Familys~0
~~~~~~~~~~~~~~~~Familes~0
~~~~~~~~~~~~~~~~Families~1
~~~~~~~~~~~~~~~~Familise~0
~~~~~~~~~~~393~~~The title “I Wonder” means the speaker is:~~Curious~1
~~~~~~~~~~~~~~~~Happy~0
~~~~~~~~~~~~~~~~Sad~0
~~~~~~~~~~~~~~~~Impatient~0
~~~~~~~~~~~394~~~The person who speaks in this poem is a:~~Man~0
~~~~~~~~~~~~~~~~Woman~0
~~~~~~~~~~~~~~~~Child~1
~~~~~~~~~~~~~~~~Policeman~0
~~~~~~~~~~~395~~~The name of the poet is,~~Jeannie Kirby~1
~~~~~~~~~~~~~~~~Jane Kingly~0
~~~~~~~~~~~~~~~~Jasmine Kiara~0
~~~~~~~~~~~~~~~~Joanna Keagan~0
77~2017~7~english-07-t3-l09-ep17~17~3~9~Our Beautiful World~Simple past tense vs. present perfect tense~This a very important episode as it pays attention towards the Simple past tense and present perfect tense. You can clearly understand the difference between the two after going through this episode.~01:00:00~396~~~He …………………… (start) a new job.~~Have started~0
~~~~~~~~~~~~~~~~Has started~1
~~~~~~~~~~~~~~~~Have start~0
~~~~~~~~~~~~~~~~Has start~0
~~~~~~~~~~~397~~~I …………………….. (be) to China.~~Has been~0
~~~~~~~~~~~~~~~~Have been~1
~~~~~~~~~~~~~~~~Have being~0
~~~~~~~~~~~~~~~~Has being~0
~~~~~~~~~~~398~~~My sister ……………………. (write) a letter.~~has written~1
~~~~~~~~~~~~~~~~have written~0
~~~~~~~~~~~~~~~~has wrote~0
~~~~~~~~~~~~~~~~have write~0
~~~~~~~~~~~399~~~He ……………….. (go) to Kandy last month.~~Goes~0
~~~~~~~~~~~~~~~~Go~0
~~~~~~~~~~~~~~~~Went~1
~~~~~~~~~~~~~~~~Have gone~0
~~~~~~~~~~~400~~~I ………………….. (do) my homework yesterday.~~Did~1
~~~~~~~~~~~~~~~~Do~0
~~~~~~~~~~~~~~~~Does~0
~~~~~~~~~~~~~~~~Has done~0
78~2017~7~english-07-t3-l09-ep18~18~3~9~Our Beautiful World~Reading comprehension~This episode is all about oceans. You can get to know a lot about oceans through this episode. you have some questions to answer at the end.~01:00:00~401~~~What is the largest ocean?~~Pacific Ocean~1
~~~~~~~~~~~~~~~~Indian Ocean~0
~~~~~~~~~~~~~~~~Atlantic Ocean~0
~~~~~~~~~~~~~~~~Arctic Ocean~0
~~~~~~~~~~~402~~~What is the warmest ocean?~~Pacific Ocean~0
~~~~~~~~~~~~~~~~Indian Ocean~1
~~~~~~~~~~~~~~~~Atlantic Ocean~0
~~~~~~~~~~~~~~~~Arctic Ocean~0
~~~~~~~~~~~403~~~Find another name for Southern Ocean.~~Pacific Ocean~0
~~~~~~~~~~~~~~~~Antarctic Ocean~1
~~~~~~~~~~~~~~~~Atlantic Ocean~0
~~~~~~~~~~~~~~~~Arctic Ocean~0
~~~~~~~~~~~404~~~What is the smallest ocean?~~Pacific Ocean~0
~~~~~~~~~~~~~~~~Indian Ocean~0
~~~~~~~~~~~~~~~~Atlantic Ocean~0
~~~~~~~~~~~~~~~~Arctic Ocean~1
~~~~~~~~~~~405~~~What is the shallowest ocean?~~Pacific Ocean~0
~~~~~~~~~~~~~~~~Indian Ocean~0
~~~~~~~~~~~~~~~~Atlantic Ocean~0
~~~~~~~~~~~~~~~~Arctic Ocean~1
79~2017~7~english-07-t3-l09-ep19~19~3~9~Our Beautiful World~Adjectives, comparatives and superlatives / listening~This episode will help you to compare things. You will know the comparative form and the superlative form of adjectives. It will be interesting.~01:00:00~406~~~What is the comparative form of “happy”?~~Happily~0
~~~~~~~~~~~~~~~~Happier~1
~~~~~~~~~~~~~~~~Happiest~0
~~~~~~~~~~~~~~~~Happiness~0
~~~~~~~~~~~407~~~What is the superlative form of “young”?~~Younger~0
~~~~~~~~~~~~~~~~Youngest~1
~~~~~~~~~~~~~~~~More young~0
~~~~~~~~~~~~~~~~Most young~0
~~~~~~~~~~~408~~~Amali is …………………. (short) than Kamali.~~Shorter~1
~~~~~~~~~~~~~~~~Shortest~0
~~~~~~~~~~~~~~~~More short~0
~~~~~~~~~~~~~~~~Most short~0
~~~~~~~~~~~409~~~John is the …………………… (tall) student in the class.~~Taller~0
~~~~~~~~~~~~~~~~Tallest~1
~~~~~~~~~~~~~~~~More tall~0
~~~~~~~~~~~~~~~~Most tall~0
~~~~~~~~~~~410~~~Nuwara Eliya is ……………….. (cold) than Kandy.~~Colder~1
~~~~~~~~~~~~~~~~Coldest~0
~~~~~~~~~~~~~~~~More cold~0
~~~~~~~~~~~~~~~~Most cold~0
80~2017~7~english-07-t3-l09-ep20~20~3~9~Our Beautiful World~Adjectives, comparatives and superlatives / matching~This episode will also talk more about comparing things. Later, the attention will be given to flowers. You can get to know about the different kinds of flowers and what they are used for.~01:00:00~411~~~The Pacific Ocean is ………………… (large) than the Arctic Ocean.~~Larger~1
~~~~~~~~~~~~~~~~Largest~0
~~~~~~~~~~~~~~~~More large~0
~~~~~~~~~~~~~~~~Most large~0
~~~~~~~~~~~412~~~He is the ………………….. (clever) student in the class.~~Cleverer~0
~~~~~~~~~~~~~~~~Cleverest~1
~~~~~~~~~~~~~~~~More clever~0
~~~~~~~~~~~~~~~~Most clever~0
~~~~~~~~~~~413~~~I am the …………………….. (strong) person in the village.~~Stronger~0
~~~~~~~~~~~~~~~~Strongest~1
~~~~~~~~~~~~~~~~More strong~0
~~~~~~~~~~~~~~~~Most strong~0
~~~~~~~~~~~414~~~The …………… Lotus is the National Flower of India.~~White~0
~~~~~~~~~~~~~~~~Blue~0
~~~~~~~~~~~~~~~~Pink~1
~~~~~~~~~~~~~~~~Red~0
~~~~~~~~~~~415~~~Find the flower that blooms at night.~~Jasmine~0
~~~~~~~~~~~~~~~~Queen of the night~1
~~~~~~~~~~~~~~~~Lotus~0
~~~~~~~~~~~~~~~~Temple flower~0
81~2017~7~english-07-t3-l10-ep21~21~3~10~Future~Future~This episode will help you in understanding the predictions about future. Future is uncertain but it is good to have an idea about the possible changes. There's a poem too. You can read the poam and answer the questions.~01:00:00~416~~~There will be ………….. for nature.~~Museums~1
~~~~~~~~~~~~~~~~Houses~0
~~~~~~~~~~~~~~~~Libraries~0
~~~~~~~~~~~~~~~~Companies~0
~~~~~~~~~~~417~~~People will speak only ………………. languages.~~One~0
~~~~~~~~~~~~~~~~Two~0
~~~~~~~~~~~~~~~~Three~1
~~~~~~~~~~~~~~~~Four~0
~~~~~~~~~~~418~~~People will start to use ……………… worldwide currency.~~One~1
~~~~~~~~~~~~~~~~Two~0
~~~~~~~~~~~~~~~~Three~0
~~~~~~~~~~~~~~~~Four~0
~~~~~~~~~~~419~~~Ian Pearson and Patrick Tucker are,~~Ornithologists~0
~~~~~~~~~~~~~~~~Futurologists~1
~~~~~~~~~~~~~~~~Artists~0
~~~~~~~~~~~~~~~~Actors~0
~~~~~~~~~~~420~~~BBC stands for,~~British Broadcasting Corporation~1
~~~~~~~~~~~~~~~~Bangladesh Broadcasting Corporation~0
~~~~~~~~~~~~~~~~British Broadcasting Cooperative~0
~~~~~~~~~~~~~~~~Bangladesh Broadcasting Cooperative~0
82~2017~7~english-07-t3-l10-ep22~22~3~10~Future~Vocabulary~This episode will help you in understanding the meanings of different words. You can improve your vocabulary through this. There are some exercises to test your knowledge.~01:00:00~421~~~Customers’ desire for goods and services.~~Language~0
~~~~~~~~~~~~~~~~Demand~1
~~~~~~~~~~~~~~~~Technology~0
~~~~~~~~~~~~~~~~Device~0
~~~~~~~~~~~422~~~State of the atmosphere with reference to sunshine, rain and wind.~~Weather~1
~~~~~~~~~~~~~~~~Cloud~0
~~~~~~~~~~~~~~~~Ocean~0
~~~~~~~~~~~~~~~~Energy~0
~~~~~~~~~~~423~~~Something helpful, favourable or profitable.~~Disadvantage~0
~~~~~~~~~~~~~~~~Loss~0
~~~~~~~~~~~~~~~~Benefit~1
~~~~~~~~~~~~~~~~Idea~0
~~~~~~~~~~~424~~~Sudden great misfortune.~~Nature~0
~~~~~~~~~~~~~~~~Disaster~1
~~~~~~~~~~~~~~~~Commence~0
~~~~~~~~~~~~~~~~Resource~0
~~~~~~~~~~~425~~~Greatest part of a group.~~Minority~0
~~~~~~~~~~~~~~~~People~0
~~~~~~~~~~~~~~~~Majority~1
~~~~~~~~~~~~~~~~Tourists~0
83~2017~7~english-07-t3-l10-ep23~23~3~10~Future~Simple Future Tense~Simple future tense has been explained in this episode. You will have a clear understanding about its theory and the applications of it. Some exercises are given to test the knowledge as well.~01:00:00~426~~~Tharushi ……………………………  (visit) her cousins next month.~~Visited~0
~~~~~~~~~~~~~~~~Will be visited~0
~~~~~~~~~~~~~~~~Had visited~0
~~~~~~~~~~~~~~~~Will visit~1
~~~~~~~~~~~427~~~The students ………………………..  (paint) their classroom tomorrow.~~Will paint~1
~~~~~~~~~~~~~~~~Will be painted~0
~~~~~~~~~~~~~~~~Painted~0
~~~~~~~~~~~~~~~~Had painted~0
~~~~~~~~~~~428~~~The principal ………………… (deliver) a speech at the “English Day”.~~Will be not delivered~0
~~~~~~~~~~~~~~~~Have not delivered~0
~~~~~~~~~~~~~~~~Will not deliver~1
~~~~~~~~~~~~~~~~Was not delivered~0
~~~~~~~~~~~429~~~Robots ……………….. (do) most of our work in the future.~~Will be done~0
~~~~~~~~~~~~~~~~Did~0
~~~~~~~~~~~~~~~~Does~0
~~~~~~~~~~~~~~~~Will do~1
~~~~~~~~~~~430~~~He ……………not ………… (bring) some flowers tomorrow.~~Bring~0
~~~~~~~~~~~~~~~~Brought~0
~~~~~~~~~~~~~~~~Will , bring~1
~~~~~~~~~~~~~~~~Will be , brought~0
84~2017~7~english-07-t3-l10-ep24~24~3~10~Future~Filling out Forms~It will be possible to gain a good understanding about filling out forms. You will have no problem in filling out application forms hereafter. And also you can answer the questions by reading magazine.~01:00:00~431~~~Pick the name with initials.~~Rashen Sanjaya Godage~0
~~~~~~~~~~~~~~~~Rashen Sanjaya~0
~~~~~~~~~~~~~~~~R. S. Godage~1
~~~~~~~~~~~~~~~~Rashen~0
~~~~~~~~~~~432~~~Pick the full name.~~Rashen Sanjaya Godage~1
~~~~~~~~~~~~~~~~Rashen Sanjaya~0
~~~~~~~~~~~~~~~~R. S. Godage~0
~~~~~~~~~~~~~~~~Rashen~0
~~~~~~~~~~~433~~~What is the correct address?~~85/1, Bandaragama Rd, Nelumvila.~1
~~~~~~~~~~~~~~~~Nelumvila, Bandaragama Rd, 85/1.~0
~~~~~~~~~~~~~~~~Nelumvila, 85/1, Bandaragama.~0
~~~~~~~~~~~~~~~~85/1, Nelumvila, Bandaragama Rd.~0
~~~~~~~~~~~434~~~What cannot be identified as a language?~~English~0
~~~~~~~~~~~~~~~~Sinhala~0
~~~~~~~~~~~~~~~~History~1
~~~~~~~~~~~~~~~~Tamil~0
~~~~~~~~~~~435~~~Underline the correct word.~~Stoodio~0
~~~~~~~~~~~~~~~~Studiyo~0
~~~~~~~~~~~~~~~~Studeio~0
~~~~~~~~~~~~~~~~Studio~1
85~2017~7~english-07-t3-l10-ep25~25~3~10~Future~Future Continuous Tense~You will be able to understand the theory and the applications of future continuous tense. Further, some exercises are also given to test the knowledge. Moreover, it is possible to know the way it is used in questions as well as in negative sentences.~01:00:00~436~~~Sunil ……………………..…. (deliver) a lecture tomorrow at 10.00 a.m.~~will be delivering~1
~~~~~~~~~~~~~~~~will be delivered~0
~~~~~~~~~~~~~~~~delivered~0
~~~~~~~~~~~~~~~~will delivering~0
~~~~~~~~~~~437~~~She …………………  (listen) to the news tonight at 8 O’ clock.~~will be listening~1
~~~~~~~~~~~~~~~~will listening~0
~~~~~~~~~~~~~~~~listen~0
~~~~~~~~~~~~~~~~will be listened~0
~~~~~~~~~~~438~~~My sister …………………. (read) story books anymore.~~will be read~0
~~~~~~~~~~~~~~~~read~0
~~~~~~~~~~~~~~~~won’t be reading~1
~~~~~~~~~~~~~~~~will not reading~0
~~~~~~~~~~~439~~~Where …………………   (he/play) his next match?~~will he be playing~1
~~~~~~~~~~~~~~~~will be he playing~0
~~~~~~~~~~~~~~~~he will be playing~0
~~~~~~~~~~~~~~~~he will playing be~0
~~~~~~~~~~~440~~~Kathy …………………. (visit) the national art museum at this time tomorrow.~~will visiting~0
~~~~~~~~~~~~~~~~will be visited~0
~~~~~~~~~~~~~~~~will be visiting~1
~~~~~~~~~~~~~~~~visit~0
86~2017~7~english-07-t3-l10-ep26~26~3~10~Future~Future Continuous Tense (Contd.)~Future continuous tense has been described in this episode too. More and more exercises are given to refresh your knowledge regarding future continuous tense.~01:00:00~441~~~What …………………. (your cousin / do) next week?~~will your cousin be doing~1
~~~~~~~~~~~~~~~~your cousin will be doing~0
~~~~~~~~~~~~~~~~will be your cousin doing~0
~~~~~~~~~~~~~~~~will your cousin be do~0
~~~~~~~~~~~442~~~They ………………… (have) dinner at 8.00 p.m.~~Will be have~0
~~~~~~~~~~~~~~~~Will be having~1
~~~~~~~~~~~~~~~~Will having~0
~~~~~~~~~~~~~~~~Will had~0
~~~~~~~~~~~443~~~She …………………….. (make) a kite next Friday.~~will be made~0
~~~~~~~~~~~~~~~~will be making~1
~~~~~~~~~~~~~~~~will made~0
~~~~~~~~~~~~~~~~will making~0
~~~~~~~~~~~444~~~Peter ……………………. (not / attend) lectures tomorrow morning.~~will not be attending~1
~~~~~~~~~~~~~~~~will not attending~0
~~~~~~~~~~~~~~~~will attending~0
~~~~~~~~~~~~~~~~won’t be attend~0
~~~~~~~~~~~445~~~Mahesh …………………. (not / sing) that song at the concert.~~Will not singing~0
~~~~~~~~~~~~~~~~Will not sung~0
~~~~~~~~~~~~~~~~Won’t be singing~1
~~~~~~~~~~~~~~~~Won’t sang~0
87~2017~7~english-07-t3-l10-ep27~27~3~10~Future~Descriptions using Future Tenses~This episode will help you to write descriptions by using future tense and understand the way of talking about future using future tenses. Attention is paid towards the topics, “Nature is in danger” and “Food in future” as well.. There are more exercises to test your knowledge too.~01:00:00~446~~~Forests may turn into ………………. .~~Deserts~1
~~~~~~~~~~~~~~~~Desserts~0
~~~~~~~~~~~~~~~~Dessets~0
~~~~~~~~~~~~~~~~Desets~0
~~~~~~~~~~~447~~~………………… will be polluted.~~Envirenment~0
~~~~~~~~~~~~~~~~Environmant~0
~~~~~~~~~~~~~~~~Environment~1
~~~~~~~~~~~~~~~~Enviranment~0
~~~~~~~~~~~448~~~The …………………….. , smell and taste of food will change.~~Appiarance~0
~~~~~~~~~~~~~~~~Appearance~1
~~~~~~~~~~~~~~~~Appearence~0
~~~~~~~~~~~~~~~~Appearanse~0
~~~~~~~~~~~449~~~Natural ………………….. will be in danger.~~Resorces~0
~~~~~~~~~~~~~~~~Resources~1
~~~~~~~~~~~~~~~~Resourses~0
~~~~~~~~~~~~~~~~Recources~0
~~~~~~~~~~~450~~~There will be an …………………. in cutting trees.~~Increase~1
~~~~~~~~~~~~~~~~Increace~0
~~~~~~~~~~~~~~~~Increise~0
~~~~~~~~~~~~~~~~Incraese~0
88~2017~7~english-07-t3-l10-ep28~28~3~10~Future~Future through comics~The stories in comics had predicted future. You will have an understanding of such predictions they made long ago and make a comparison with the real world today.~01:00:00~451~~~Neil Armstrong landed on the moon in ……………. .~~1949~0
~~~~~~~~~~~~~~~~1959~0
~~~~~~~~~~~~~~~~1969~1
~~~~~~~~~~~~~~~~1979~0
~~~~~~~~~~~452~~~The “Moon Strollers” comic was published in ………….. .~~1929~1
~~~~~~~~~~~~~~~~1939~0
~~~~~~~~~~~~~~~~1928~0
~~~~~~~~~~~~~~~~1938~0
~~~~~~~~~~~453~~~The adventures of Tintin – Destination Moon” in ……………. .~~1952~0
~~~~~~~~~~~~~~~~1953~1
~~~~~~~~~~~~~~~~1954~0
~~~~~~~~~~~~~~~~1955~0
~~~~~~~~~~~454~~~Special ……………………… could read the mind of a human according to some of the comics.~~Robots~1
~~~~~~~~~~~~~~~~Birds  ~0
~~~~~~~~~~~~~~~~People~0
~~~~~~~~~~~~~~~~Mammals~0
~~~~~~~~~~~455~~~“Marvel” and “Amazing Stories” were published between …………………………… .~~1915 and 1925~0
~~~~~~~~~~~~~~~~1945 and 1955~0
~~~~~~~~~~~~~~~~1929 and 1939~1
~~~~~~~~~~~~~~~~1910 and 1920~0
89~2017~7~english-07-t3-l10-ep29~29~3~10~Future~Getting Ready for a Journey~This episode tries to give an idea about the changes that may have happened in the future. The different ways of talking about future are also examined. And there are some general knowledge questions  too.~01:00:00~456~~~David’s father works in …………………… .~~Mars~0
~~~~~~~~~~~~~~~~Jupiter~1
~~~~~~~~~~~~~~~~Venus~0
~~~~~~~~~~~~~~~~Saturn~0
~~~~~~~~~~~457~~~Robot ……………….. is their assistant.~~George~0
~~~~~~~~~~~~~~~~David~0
~~~~~~~~~~~~~~~~Tony~1
~~~~~~~~~~~~~~~~John~0
~~~~~~~~~~~458~~~David’s father works for …………………. .~~Animals~0
~~~~~~~~~~~~~~~~Aliens~1
~~~~~~~~~~~~~~~~People~0
~~~~~~~~~~~~~~~~Gods~0
~~~~~~~~~~~459~~~They should have a Space …………………. to travel in space.~~License~1
~~~~~~~~~~~~~~~~Lorry~0
~~~~~~~~~~~~~~~~Book~0
~~~~~~~~~~~~~~~~Magazine~0
~~~~~~~~~~~460~~~They can memorize anything with the help of the …………………. .~~Magic stone~0
~~~~~~~~~~~~~~~~Pills~0
~~~~~~~~~~~~~~~~Memory chip~1
~~~~~~~~~~~~~~~~Brain cap~0
90~2017~7~english-07-t3-l10-ep30~30~3~10~Future~The Alien - poem~This episode includes a poem about an alien, some quotes about future and many other activities. These quotes will be valuable for your future. End of the episode there are some exerscise as well.~01:00:00~461~~~The alien’s hair was …………….. .~~Green~0
~~~~~~~~~~~~~~~~Blue~0
~~~~~~~~~~~~~~~~Pink~1
~~~~~~~~~~~~~~~~Red~0
~~~~~~~~~~~462~~~The alien’s knees were …………………..~~Green~1
~~~~~~~~~~~~~~~~Blue~0
~~~~~~~~~~~~~~~~Pink~0
~~~~~~~~~~~~~~~~Red~0
~~~~~~~~~~~463~~~The alien had ……………. Legs.~~Two~0
~~~~~~~~~~~~~~~~Three~0
~~~~~~~~~~~~~~~~Four~0
~~~~~~~~~~~~~~~~Five~1
~~~~~~~~~~~464~~~The alien looked at the poet and ………………….~~Cried~0
~~~~~~~~~~~~~~~~Laughed~1
~~~~~~~~~~~~~~~~Spoke~0
~~~~~~~~~~~~~~~~Shouted~0
~~~~~~~~~~~465~~~The alien’s spacecraft was ………………….~~Ugly~0
~~~~~~~~~~~~~~~~Familiar~0
~~~~~~~~~~~~~~~~Strange~1
~~~~~~~~~~~~~~~~Beautiful~0
