1~2017~7~maths-07-t1-l01-ep01~1~1~1~සමමිතිය~ද්විපාර්ශවික සමමිතිය සහිත තල රූප හඳුනා ගැනීම,සමමිතික අක්‍ෂ ඇඳීම -1~ද්වීපාර්ශවික තලරූප සහ ද්වීපාර්ශවික තලරූපවල අක්ෂ හඳුනාගෙන , එම තලරූප මත ඇඳි සමමිතික අක්ෂ, ප්‍රායෝගික අභ්‍යාස මඟින් අධ්‍යනය කිරීම.  ක්‍රියාකාරකම් මඟින් ලැබූ දැනුම උපයෝගි කරගනිමින් සමමිතික අක්ෂ ලකුණු කිරීම.~1:00:00~1~~~ද්වීපාර්ශ්වික සමමිතිය සහිත තල රූපයක එම තලරූපය සමපාත කරනුලබන රේඛාව හඳුන්වනු ලබන්නේ,~~සමමිතිය ලෙසයි.~0
~~~~~~~~~~~~~~~~මධ්‍ය රේඛාව ලෙසයි.~0
~~~~~~~~~~~~~~~~සමමිති අක්ෂයක් ලෙසයි.~1
~~~~~~~~~~~~~~~~කඩඉරි රේඛාව ලෙසයි.~0
~~~~~~~~~~~2~~~ ද්වීපාර්ශ්වික සමමිතිය සහිත තල රූපයක්,~~එකනෙක සමාන කොටස් දෙකකට බෙදිය හැක.~1
~~~~~~~~~~~~~~~~සමමිතික රේඛාවෙන් බෙදූවිට එක්පසක් අනෙක සමඟ සමපාත නොවේ.~0
~~~~~~~~~~~~~~~~ද්විිපාර්ශ්වික සමමිතිය සඳහා තලරූපය හරිමැදින් බෙදිය යුතු නොවේ.~0
~~~~~~~~~~~~~~~~කුමන හෝ අයුරකින් හරි මැදින් බෙදූ විට එම කොටස් දෙක එකිනෙකට සමමිතික වේ.~0
~~~~~~~~~~~3~~~ ද්වීපාර්ශ්වික සමමිතිය සඳහා උදාහරණයක් නොවන්නේ,~~සමනලයෙක්~0
~~~~~~~~~~~~~~~~බුලත් කොළයක්~0
~~~~~~~~~~~~~~~~සමචතුරස්‍රයක්~0
~~~~~~~~~~~~~~~~පොල් ගසක්~1
~~~~~~~~~~~4~~~ වෘත්තයක් බෙදිය හැකි සමමිතික කොටස් ගණන,~~2කි.~0
~~~~~~~~~~~~~~~~4කි.~0
~~~~~~~~~~~~~~~~අනන්තයි.~1
~~~~~~~~~~~~~~~~5කි.~0
~~~~~~~~~~~5~~~ ෂඩාශ්‍රයක් ද්වීපාර්ශ්වික සමමිතියක් ලැබෙන සේ ආකාර කීයකට සමමිතිය අක්ෂයකින්  බෙදා වෙන්කළ හැකි ද?~~ආකාර 2කට~0
~~~~~~~~~~~~~~~~ආකාර 4කට~0
~~~~~~~~~~~~~~~~ආකාර 5කට~0
~~~~~~~~~~~~~~~~ආකාර 6කට~1
2~2017~7~maths-07-t1-l01-ep02~2~1~1~සමමිතිය~සමමිතික අක්‍ෂ ඇඳීම -2, කොටු කඩදාසි මත රූප නිර්මණය කිරීම~දී ඇති ලක්ෂ්‍ය ආධාරයෙන් ශීර්ෂ වන සේ ද්වීපාර්ශවික තලරූප කොටු කඩදාසි මත ඇඳ, අක්ෂ ලකුණු කිරීම. එක් එක් අභ්‍යාස මඟින් දී ඇති තලරූප වල සමමිතික අක්ෂ හඳුනාගෙන, එහි ශීර්ෂ අඳිමින් , එම තලරූපයෙහි ඇති රේඛා වලට සමාන කොටස් ලියා දැක්වීම.~1:00:00~6~~~තලරූපයක් යම් රේඛාවක් ඔස්සේ නැමීමේ දී ලැබෙන කොටස් දෙකේ වර්ගඵල සමාන නමුත්  එම කොටස් දෙක එකිනෙක සමපාත නොවේ නම්, එම රේඛාව තල රූපයේ,~~සමමිති අක්ෂය වේ.~0
~~~~~~~~~~~~~~~~සමමිති අක්ෂය නොවේ.~1
~~~~~~~~~~~~~~~~සමමිති අක්ෂය වීමේ සම්භාවිතාව ඉහළය.~0
~~~~~~~~~~~~~~~~සමමිති අක්ෂයදැයි නිගමනය කළ නොහැක.~0
~~~~~~~~~~~7~~~ද්වීපාර්ශ්වික සමමිතික තලරූපයක්,~~එකිනෙක සමපාත වන කොටස් දෙකකට බෙදේ.~1
~~~~~~~~~~~~~~~~සමමිති අක්ෂ 1කට වඩා වැඩි ප්‍රමාණයක් ඇත.~0
~~~~~~~~~~~~        ~~~~සෑම තලරූපයක්ම ද්වීපාර්ශ්විය සමමිතික වේ.~0
~~~~~~~~~~~~~~~~එකිනෙක සමමිතික වීම අනිවාර්ය වූවක් නොවේ.~0
~~~~~~~~~~~8~~~සමනලයා ද්වීපාර්ශ්වීය සමමිතියට උදාහරණයකි. මෙම කියමන,~~නිවැරදියි.~1
~~~~~~~~~~~~~~~~වැරදියි.~0
~~~~~~~~~~~~~~~~විය හැකිය.~0
~~~~~~~~~~~~~~~~කිව නොහැක.~0
~~~~~~~~~~~9~~~සරල රේඛීය තලරූපයක එම සරල රේඛා ඛණ්ඩ හමුවන ස්ථානය එම තලරූපයේ,~~සමමිති අක්ෂය ලෙස හැඳින්වේ.~0
~~~~~~~~~~~~~~~~ශීර්ෂ ලෙස හැඳින්වේ.~1
~~~~~~~~~~~~~~~~කඩඉරි රේඛා ලෙස හැඳින්වේ.~0
~~~~~~~~~~~~~~~~ඉහත කිසිවක් නොවේ.~0
~~~~~~~~~~~10~~~ද්වීපාර්ශ්වික සමමිතික තලරූපයක,~~දෙපස පිහිටි හැඩයන් පමණක් සමානවීම ප්‍රමාණවත්ය.~0
~~~~~~~~~~~~~~~~දෙපස පිහිටි කොටස් වල වර්ගඵල සමාන වීම ප්‍රමාණවත්ය.~0
~~~~~~~~~~~~~~~~දෙපස පිහිටි කොටස් හැඩයෙන් සහ වර්ගඵලයෙන් සමාන වියයුතු වේ.~1
~~~~~~~~~~~~~~~~කුමන හෝ ලෙසක කොටස් දෙකකට බෙදීම ප්‍රමාණවත් ය.~0
3~2017~7~maths-07-t1-l02-ep03~3~1~2~කුලක~කුලක හඳුනා ගැනීම, අවයව ලියා දැක්වීමෙන් කුලකය ලිවීම~දී ඇති සංඛ්‍යා, ද්‍රව්‍ය වර්ග කිරීම මඟින් කුලක පිලිබඳ මූලික අවබෝධය ලබාදීම.  එක් එක් උදාහරණ මඟින් කුලක හා එහි ඇති අවයව හඳුනාගැනීම  සහ අවයව ලියා දැක්වීම.~1:00:00~11~~~කුලක යනු,~~නිශ්චිතවම හඳුනාගත් දේ වල එකතුවකි.~1
~~~~~~~~~~~~~~~~අදාල කරගන්නා දෙය නිශ්චිත වියයුතු නොවේ.~0
~~~~~~~~~~~~~~~~ඕනෑම දෙයක් කුලකයකින් නිරූපණය කල හැක.~0
~~~~~~~~~~~~~~~~කුලකයකින් නිරූපණය කරන දෙයක සීමාවක් පැවතිය යුතු නොවේ.~0
~~~~~~~~~~~12~~~කුලකයට අයත් දේ එම කුලකයේ,~~කොටස් ලෙස හැඳින්වේ.~0
~~~~~~~~~~~~~~~~අවයව ලෙස හැඳින්වේ.~1
~~~~~~~~~~~~~~~~සංඛ්‍යා ලෙස හැඳින්වේ.~0
~~~~~~~~~~~~~~~~උපකුලකය ලෙස හැඳින්වේ.~0
~~~~~~~~~~~13~~~මින් කුලකයක් නොවන්නේ,~~ඉංග්‍රීසි හෝඩියේ ස්වර අකුරු~0
~~~~~~~~~~~~~~~~ශ්‍රී ලංකාවේ දිස්ත්‍රික්ක~0
~~~~~~~~~~~~~~~~අහිංසක මිනිස්සු~1
~~~~~~~~~~~~~~~~1 සිට 10 තෙක් ඔත්තේ සංඛ්‍යා~0
~~~~~~~~~~~14~~~කුලකයක් නම් කිරීමට,~~ඉංග්‍රීසි කැපිටල් අක්ෂර භාවිත කරයි.~1
~~~~~~~~~~~~~~~~ඉංග්‍රීසි සිම්පල් අක්ෂර භාවිත කරයි.~0
~~~~~~~~~~~~~~~~සංඛ්‍යාවක් භාවිිත කරයි.~0
~~~~~~~~~~~~~~~~නිශ්චිත භාවිතයක් නොමැත.~0
~~~~~~~~~~~15~~~වෙන්රූප සටහනක් යනු,~~අදාල අවයව සඟල වරහනක් තුල දැක්වීමය.~0
~~~~~~~~~~~~~~~~අදාල අවයව වරහනක් තුල දැක්වීමය.~0
~~~~~~~~~~~~~~~~අදාල අවයව සංවෘත රූපයක් තුල දැක්වීමය.~1
~~~~~~~~~~~~~~~~අදාල අවයව කොමා මගින් වෙන්කර දැක්වීමය.~0
4~2017~7~maths-07-t1-l02-ep04    ~4~1~2~කුලක~අවයව හඳුනාගත හැකි පොදු ලක්‍ෂණ, වෙන් රූප සටහන්~කුලක ලියා දැක්වීමේ ක්‍රමවේද හඳුනාගෙන , වෙන් රූප සටහන් මඟින් කුලක ආශ්‍රිත අභ්‍යාස සිදු කිරීම. කුලකයේ අවයව නිශ්චිතව හඳුනාගත හැකි පොදු ලක්ෂණයක් මඟින් කුලක ලියා දැක්වීම.~1:00:00~16~~~කුලකයක අවයව ලියා දැක්වීමේ දී,~~එකම අවයවය කිහිපවරක් දැක්විය හැකිය.~0
~~~~~~~~~~~~~~~~එක් අවයක් දැක්විය හැක්කේ එක්වරක් පමණි.~1
~~~~~~~~~~~~~~~~සඟල වරහන් තුළ හෝ සංවෘත රූපතුළ දැක්වීම අනිවාර්ය නොවේ.~0
~~~~~~~~~~~~~~~~සඟල වරයන් තුළ දැක්වීමේ දී කොමා මගින් වෙන්කර දැක්වීම අනිවාර්ය නොවේ.~0
~~~~~~~~~~~17~~~ 1 සිට 10 තෙක් ඔත්තේ සංඛ්‍යා කුලකයක දැක්වීමේ නිවැරදි ක්‍රමය වන්නේ,~~B = {1, 5, 7, 9 }~0
~~~~~~~~~~~~~~~~B = { 1 3 5 7 9 }~0
~~~~~~~~~~~~~~~~B = { 1, 3, 5, 7, 9}~1
~~~~~~~~~~~~~~~~B={ 1, 3, 5, 7, 9 }~0
~~~~~~~~~~~18~~~ “මහරගම” නිවැරදි කුලක නිරූපණය වන්නේ,~~A= { ම ,හ, ර, ග, ම }~0
~~~~~~~~~~~~~~~~A= { ම ,හ, ර, ග }~1
~~~~~~~~~~~~~~~~A= { ම ,හ, ර, ග, ම }~0
~~~~~~~~~~~~~~~~a= { ම ,හ, ර, ග, ම }~0
~~~~~~~~~~~19~~~යම් නිශ්චිත කුලකයක අවයව කිහිපයක් නිරූපණය කර අවසානයේ තිත් පේලි තුනක් යෙදීම මගින් නිරූපණය කරනු ලබන්නේ,~~කුලකයේ අවයව නිරූපණය කර අවසන් බවයි.~0
~~~~~~~~~~~~~~~~කුලකයේ ඉදිරියට නිරූපණය කිරීමට තවත් අවයව තුනක් පවතින බවයි.~0
~~~~~~~~~~~~~~~~කුලකයේ ඉදිරියට නිරූපණය කිරීමට තවත් අවයව කිහිපයක් පවතින බවයි.~1
~~~~~~~~~~~~~~~~ඉහත කිසිවක් නොවේ.~0
~~~~~~~~~~~20~~~කුලකයක් නිරූපණය කළ හැකි ආකාරයක් නොවන්නේ,~~කුලකයක අවයව සඟල වරහනක් තුළ දැක්වීමෙන්~0
~~~~~~~~~~~~~~~~කුලකයක අවයව වෙන් රූපයක් තුළ දැක්වීමෙන්~0
~~~~~~~~~~~~~~~~කුලකයක අවයව විවෘත රූපයක් තුළ දැක්වීමෙන්~1
~~~~~~~~~~~~~~~~කුලකයක අදාල පොදු ලක්ෂණ සඟල වරහන් තුළ ලියා දැක්වීමෙන්~0
5~2017~7~maths-07-t1-l03-ep05~5~1~3~පූර්ණ සංඛ්‍යා මත ගණිත කර්ම~සුළු කිරීම් සිදුකරන සම්මත පටිපාටිය, සංඛ්‍යාත්මක ප්‍රකාශන සුළු කිරීම~පූර්ණ සංඛ්‍යා දෙකක් අතර එක් ගණිත කර්මයක් එක් වාරයක් පමණක් යෙදී ඇති පිළිවෙළ හා සංඛ්‍යාත්මක ප්‍රකාශනයක ගණිත කර්ම යෙදී ඇති පිළිවෙළ එම ගණිත කර්ම උපයෝගී කර ගනිමින් සංඛ්‍යාත්මක ප්‍රකාශන එකතු කිරීම හා ගුණ කිරීම.~1:00:00~21~~~යම් සංඛ්‍යාත්මක ප්‍රකාශනයක එකතු කිරීමක් හෝ ගුණකිරීමක් පමණක් ඇතිවිට,~~කවර ආකාරයකට සුළු කිරීම සිදු කළ ද එකම පිළිතුර ලැබේ.~0
~~~~~~~~~~~~~~~~මුළ සිට අගට සුළුකිරීම් සිදුකළ යුතුය.~0
~~~~~~~~~~~~~~~~අග සිට මුළට සුළුකිරීම් සිදුකළ යුතුය.~0
~~~~~~~~~~~~~~~~පවත්නා පිළිවෙළටම සුළුකිරීම් සිදුකළ යුතුය.~1
~~~~~~~~~~~22~~~ පූර්ණ සංඛ්‍යා දෙකක් අතර එක් ගණිතකර්මයක්,~~එක් වරක් පමණක් යෙදේ.~1
~~~~~~~~~~~~~~~~දෙවරක් යෙදේ.~0
~~~~~~~~~~~~~~~~කිහිපවරක් යෙදේ.~0
~~~~~~~~~~~~~~~~කිව නොහැක.~0
~~~~~~~~~~~23~~~ 5 × 6 × 2 සුළු කරන්න.~~30~0
~~~~~~~~~~~~~~~~60~1
~~~~~~~~~~~~~~~~16~0
~~~~~~~~~~~~~~~~32~0
~~~~~~~~~~~24~~~4 ¬ 3 ¬ 10 ¬ 20~~35~0
~~~~~~~~~~~~~~~~38~0
~~~~~~~~~~~~~~~~37~1
~~~~~~~~~~~~~~~~40~0
~~~~~~~~~~~25~~~ 5 × 3 × 4හි ගණිත කර්ම අනුපිළිවෙළ වෙනස් කළ විට,~~පිළිතුර වෙනස් වේ.~0
~~~~~~~~~~~~~~~~පිළිතුරේ කිසිඳු වෙනසක් සිදු නොවේ.~1
~~~~~~~~~~~~~~~~කිව නොහැක.~0
~~~~~~~~~~~~~~~~ඇතැම් විට වෙනස් විය හැක.~0
6~2017~7~maths-07-t1-l03-ep06~6~1~3~පූර්ණ සංඛ්‍යා මත ගණිත කර්ම~සුළු කිරීම් තව දුරටත්, වරහන් ඇතුළත් ප්‍රකාශන සුලු කිරීම~ගණිත කර්ම දෙකක් හෝ කිහිපයක් යෙදී ඇති සංඛ්‍යාත්මක ප්‍රකාශනයක් සුළු කිරීමේ දී ගණිත කර්ම සිදු කරන පටිපාටිය පිළිබඳව උදාහරණ මඟින් සාකච්ඡා කිරීම. සංඛ්‍යාත්මක ප්‍රකාශනයක ගණිත කර්ම යෙදී ඇති පිළිවෙළ අධ්‍යනය කරමින්, එකතු කිරීම, අඩු  කිරීම, බෙදීම, ගුණ කිරීම සහ වරහන් ඇතුළත් පූර්ණ සංඛ්‍යා සහිත ප්‍රකාශන සුළු කිරීම.~1:00:00~26~~~5 × 3 − 5¬2 හි ගණිත කර්ම අනුපිළිවෙළ දැක්වෙන්නේ,~~« − ¬~1
~~~~~~~~~~~~~~~~− « ¬ ¿~0
~~~~~~~~~~~~~~~~¬ − «~0
~~~~~~~~~~~~~~~~− ¬ « − ¬ @~0
~~~~~~~~~~~27~~~8 ¬ 2 « 5 සුළු කරන්න.~~50~0
~~~~~~~~~~~~~~~~80~0
~~~~~~~~~~~~~~~~18~1
~~~~~~~~~~~~~~~~42~0
~~~~~~~~~~~28~~~මිනිසෙක් පොල් ගස් 8කින් පොල් ගෙඩි 10 බැගින් කඩන ලදී. එම කඩන ලද පොල් ගෙඩි ප්‍රමාණය 20 දෙනෙකු අතර බෙදා දියයුතුව ඇත. එය සංඛ්‍යත්මක ප්‍රකාශනයකින් දක්වන්න.~~10 « 20 − 8~0
~~~~~~~~~~~~~~~~8 « 10 − 20~1
~~~~~~~~~~~~~~~~8 − 10 « 20~0
~~~~~~~~~~~~~~~~8 « 10 « 20~0
~~~~~~~~~~~29~~~ගණිතකර්ම දෙකක් හෝ කිහිපයක් වරහන් තුළ ඇති සංඛාත්මක ප්‍රකාශනයක් සුළු කිරීමේ දී අදාල නොවන්නේ~~වරහන් කොටස සුළු කිරීම~0
~~~~~~~~~~~~~~~~බෙදීම් සහ ගුණකිරීම් දකුණුපස සිට වම්පසට සිදු කිරීම.~1
~~~~~~~~~~~~~~~~බෙදීම් සහ ගුණකිරීම් වම්පස සිට දකුණුපසට සිදු කිරීම.~0
~~~~~~~~~~~~~~~~එකතු කිරීම් සහ අඩු කිරීම් වම්පස සිට දකුණුපසට සිදු කිරීම.~0
~~~~~~~~~~~30~~~10 + 8 « 5 සුළු කරන්න.~~50~1
~~~~~~~~~~~~~~~~90~0
~~~~~~~~~~~~~~~~58~0
~~~~~~~~~~~~~~~~23~0
7~2017~7~maths-07-t1-l04-ep07~7~1~4~සාධක හා ගුණාකාර~ඉලක්කම් දර්ශකය, භාජ්‍යතා රීති~භාජ්‍යතාවය හා භාජ්‍යතා රීති හඳුනාගෙන උදාහරණ සාකච්ඡා කරමින්, අභ්‍යාස සිදු කිරීම.~1:00:00~31~~~ භාජ්‍යතාවයේ දී,~~පූර්ණ සංඛ්‍යාවක් තවත් පූර්ණ සංඛ්‍යාවකින් ඉතිරි නැතිව බෙදේ.~0
~~~~~~~~~~~~~~~~පූර්ණ සංඛ්‍යාවක් කුමන හෝ සංඛ්‍යාවකින් ඉතිරි නැතිව බෙදීම.~1
~~~~~~~~~~~~~~~~පූර්ණ සංඛ්‍යාවක් තවත් සංඛ්‍යාවකින් බෙදීමේදී ඉතිරිවීමක් සිදුවිය හැකිය.~0
~~~~~~~~~~~~~~~~දශම සංඛ්‍යාවක් පූර්ණ සංඛ්‍යාවකින් ඉතිරි නැතිව බෙදේ.~0
~~~~~~~~~~~32~~~ 2න් බෙදෙන සෑම සංබ්‍යාවක්ම,~~ඔත්තේ සංඛ්‍යාවකි.~0
~~~~~~~~~~~~~~~~ඉරට්ටේ සංඛ්‍යාවකි.~1
~~~~~~~~~~~~~~~~පූර්ණ සංඛ්‍යාවකි.~0
~~~~~~~~~~~~~~~~දශම සංඛ්‍යාවකි.~0
~~~~~~~~~~~33~~~ 5න් බෙදෙන සංඛ්‍යා,~~එකස්ථානයේ 5 තිබෙන සංඛ්‍යා 5න් බෙදේ.~0
~~~~~~~~~~~~~~~~එකස්ථානයේ 0 තිබෙන සංඛ්‍යා 5න් බෙදේ.~0
~~~~~~~~~~~~~~~~එකස්ථානයේ 0 හා 5 තිබෙන සංඛ්‍යා 5න් බෙදේ.~1
~~~~~~~~~~~~~~~~එකස්ථානය ඔත්තේ වන සංඛ්‍යා 5න් බෙදේ.~0
~~~~~~~~~~~34~~~ ඉලක්කම් දර්ශකය යනු,~~සංඛ්‍යාවක පවතින සංඛ්‍යා 1 සිට 10 තෙක් අගයක් ලැබෙන තෙක් එකතු කිරීම.~0
~~~~~~~~~~~~~~~~සංඛ්‍යාවක පවතින සංඛ්‍යා 0 සිට 10 තෙක් අගයක් ලැබෙන තෙක් එකතු කිරීම.~0
~~~~~~~~~~~~~~~~සංඛ්‍යාවක පවතින සංඛ්‍යා 1 සිට 9 තෙක් අගයක් ලැබෙන තෙක් එකතු කිරීම.~1
~~~~~~~~~~~~~~~~සංඛ්‍යාවක පවතින සංඛ්‍යා 0 සිට 9 තෙක් අගයක් ලැබෙන තෙක් එකතු කිරීම.~0
~~~~~~~~~~~35~~~ 9න් බෙදෙන සංඛ්‍යා~~එකස්ථානය 9 වන සංඛ්‍යා 9න් බෙදේ.~0
~~~~~~~~~~~~~~~~එකස්ථානය 3, 6 වන සංඛ්‍යා 9න් බෙදේ.~0
~~~~~~~~~~~~~~~~සංඛ්‍යා දර්ශකය 3,6 වන සංඛ්‍යා 9න් බෙදේ.~0
~~~~~~~~~~~~~~~~සංඛ්‍යා දර්ශකය 9 වන සංඛ්‍යා 9න් බෙදේ.~1
8~2017~7~maths-07-t1-l04-ep08~8~1~4~සාධක හා ගුණාකාර~සාධක හා ගුණාකාර, ප්‍රථමක සාධක~පූර්ණ සංඛ්‍යාවක සාධක හා ගුණාකාර සහ ප්‍රථමක සාධක සෙවීම.  එක් එක් අභ්‍යාස මඟින් සාධක හා ගුණාකාර සහ ප්‍රථමක සාධක ආශ්‍රිත ගැටළු සාකච්ඡා කිරීම.~1:00:00~36~~~0 යන්න,~~සෑම පූර්ණ සංඛ්‍යාවකම සාධකවේ.~0
~~~~~~~~~~~~~~~~සෑම ඉරට්ටේ සංඛ්‍යාවකම සාධකවේ.~0
~~~~~~~~~~~~~~~~සෑම ඔත්තේ සංඛ්‍යාවකම සාධකවේ.~0
~~~~~~~~~~~~~~~~කිසි සංඛ්‍යාවක සාධක නොවේ.~1
~~~~~~~~~~~37~~~ ප්‍රථමක සංඛ්‍යා,~~සාධක දෙකක් පමණක් ඇති සංඛ්‍යා වේ.~1
~~~~~~~~~~~~~~~~සාධක දෙකක් හෝ දෙකකට වැඩි සංඛ්‍යාවක් ඇති සංඛ්‍යා වේ.~0
~~~~~~~~~~~~~~~~සාධක එකක් පමණක් ඇති සංඛ්‍යා වේ.~0
~~~~~~~~~~~~~~~~ඉරට්ටේ සංඛ්‍යා වේ.~0
~~~~~~~~~~~38~~~329,108,144,180,198 මෙහි 9 සාධක නොවන්නේ,~~329~1
~~~~~~~~~~~~~~~~144~0
~~~~~~~~~~~~~~~~108~0
~~~~~~~~~~~~~~~~198~0
~~~~~~~~~~~39~~~ 60 ප්‍රථමක සාධක වන්නේ,~~3, 2, 5~1
~~~~~~~~~~~~~~~~3, 2, 5, 2~0
~~~~~~~~~~~~~~~~10, 3, 2~0
~~~~~~~~~~~~~~~~20, 3~0
~~~~~~~~~~~40~~~ 84 සාධක ඇතුළත් පිළිතුර වන්නේ,~~12, 7~0
~~~~~~~~~~~~~~~~21,4~0
~~~~~~~~~~~~~~~~2,2,3,7~0
~~~~~~~~~~~~~~~~2,2,21~1
9~2017~7~maths-07-t1-l04-ep09~9~1~4~සාධක හා ගුණාකාර~ප%ථමක සාධක ඇසුරෙන් සාධක සෙවීම, මහ පොදු සාධකය - I කොටස~ප්‍රථමක සාධක ඇසුරෙන් සංඛ්‍යාවක සාධක ලබා ගැනීම.  මහාපොදු සාධකය (ම.පො.සා) හඳුනා ගැනීම සහ උදාහරණ මඟින් සාකච්ඡා කිරීම.~1:00:00~41~~~මහා පොදු සාධකය යනු,~~සංඛ්‍යා දෙකක හෝ කිහිපයක සාධක අතරින් විශාලම පොදු සාධකය මහා පොදු සාධකයයි.~0
~~~~~~~~~~~~~~~~සංඛ්‍යා දෙකක හෝ කිහිපයක සාධක අතරින් කුඩාම පොදු සාධකය මහා පොදු සාධකයයි.~1
~~~~~~~~~~~~~~~~සංඛ්‍යා දෙකක හෝ කිහිපයක පවත්නා සියලුම සාධක මහා පොදු සාධකයයි.~0
~~~~~~~~~~~~~~~~සංඛ්‍යාවකට පවත්නා සෑම සාධකයක්ම මහා පොදු සාධකයකි.~0
~~~~~~~~~~~42~~~ 6, 12, 18 යන සංඛ්‍යා වල මහා පොදු සාධකය වන්නේ,~~2~0
~~~~~~~~~~~~~~~~3~0
~~~~~~~~~~~~~~~~6~1
~~~~~~~~~~~~~~~~18~0
~~~~~~~~~~~43~~~ඕනෑම ප්‍රථමක සංඛ්‍යාවක මහා පොදු සාධකය~~ඔත්තේ සංඛ්‍යාවම වේ.~1
~~~~~~~~~~~~~~~~ඉරට්ටේ සංඛ්‍යාවක් වේ.~0
~~~~~~~~~~~~~~~~0 වේ.~0
~~~~~~~~~~~~~~~~1 වේ.~0
~~~~~~~~~~~44~~~ පැනසල් 72ක්, මකන 12ක්, පොත් 24ක් පන්තියක සිටින ළමුන්ගෙන් කීදෙනෙකු අතර සමසේ බෙදිය හැකි ද?~~3 දෙනෙකු අතර~0
~~~~~~~~~~~~~~~~4 දෙනෙකු අතර~0
~~~~~~~~~~~~~~~~6 දෙනෙකු අතර~0
~~~~~~~~~~~~~~~~12 දෙනෙකු අතර~1
~~~~~~~~~~~45~~~සංඛ්‍යා කිහිපයක මහා පොදු සාධකය~~එම  සංඛ්‍යා ඉතිරි නැතිව බෙදෙන විශාලම සංඛ්‍යාවයි.~1
~~~~~~~~~~~~~~~~එම  සංඛ්‍යා ඉතිරි නැතිව බෙදෙන කුඩාම සංඛ්‍යාවයි.~0
~~~~~~~~~~~~~~~~එම  සංඛ්‍යා ඉතිරි නැතිව බෙදෙන ප්‍රථමක සංඛ්‍යාවයි.~0
~~~~~~~~~~~~~~~~එම  සංඛ්‍යා ඉතිරි නැතිව බෙදෙන විශාලම ඉරට්ටේ සංඛ්‍යාවයි.~0
10~2017~7~maths-07-t1-l04-ep10~10~1~4~සාධක හා ගුණාකාර~ප%ථමක සාධක වල ගුණිතයක් ලෙස ලිවීමෙන්, ම.පො.සා. - II කොටස, බෙදීමේ ක%මයෙන් ම.පො.සා. III - කොටස~ප්‍රථමක සාධකවල ගුණිතයක් ලෙස ලිවීමෙන් සංඛ්‍යා කිහිපයක මහා පොදු සාධකය සෙවීම. සංඛ්‍යා කිහිපයක මහා පොදු සාධක සෙවීමේ ක්‍රම අධ්‍යනය කරමින් එම ආකාර තුනෙන්ම මහා පොදු සාධකය (ම.පො.සා)  සෙවීම.~1:00:00~46~~~සංඛ්‍යා කිහිපයක මහාපොදු සාධකය සෙවීමේ ක්‍රමයක් නොවන්නේ,~~පොදු සාධක ලිවීමෙන්~0
~~~~~~~~~~~~~~~~බෙදීමේ ක්‍රමයෙන්~0
~~~~~~~~~~~~~~~~ප්‍රථමක සාධකවල ගුණිතයක් ලෙස ලිවීමෙන්~0
~~~~~~~~~~~~~~~~සංඛ්‍යා ගුණ කිරීමෙන්~1
~~~~~~~~~~~47~~~24 ප්‍රථමක සාධක වල ගුණිතයක් ලෙස දක්වන්න.~~2 « 2 « 2 « 3~1
~~~~~~~~~~~~~~~~4 « 3 « 2~0
~~~~~~~~~~~~~~~~6 « 2~0
~~~~~~~~~~~~~~~~2 « 2 « 6~0
~~~~~~~~~~~48~~~45, 15, 9 පොදු සාධක වන්නේ,~~3, 9~0
~~~~~~~~~~~~~~~~3, 6~0
~~~~~~~~~~~~~~~~3, 5~1
~~~~~~~~~~~~~~~~5, 9~0
~~~~~~~~~~~49~~~ 12, 16, 18 හි ප්‍රථමක සාධක වන්නේ,~~2, 3~1
~~~~~~~~~~~~~~~~4, 2~0
~~~~~~~~~~~~~~~~8, 3~0
~~~~~~~~~~~~~~~~3, 4~0
~~~~~~~~~~~50~~~45 සාධක වල ගුණිතයක් ලෙස දක්වන්න.~~3 « 3 « 5~1
~~~~~~~~~~~~~~~~9 « 5~0
~~~~~~~~~~~~~~~~15 « 3~0
~~~~~~~~~~~~~~~~1 « 3 « 3 « 5~0
11~2017~7~maths-07-t1-l04-ep11~11~1~4~සාධක හා ගුණාකාර~කුඩා පොදු ගුණාකාරය, බෙදීමේ ක්‍රමයෙන් කු.පො.ගු. සෙවීම~කුඩාම පොදු ගුණාකාරය (කු.පො.ගු.) හඳුනා ගැනීම සහ උදාහරණ මඟින් සාකච්චා කිරීම. ප්‍රථමක සාධක ඇසුරෙන් සංඛ්‍යා කිහිපයක කුඩාම පොදු ගුණාකාරය සෙවීම හා   ප්‍රථමක සංඛ්‍යා වලින් බෙදීමේ ක්‍රමයෙන් කුඩාම පොදු ගුණාකාරය සෙවීම.~1:00:00~51~~~කුඩා පොදු ගුණාකාරය යනු,~~සංඛ්‍යා කිහිපයකට පොදු වූ ගුණාකාරයකි.~0
~~~~~~~~~~~~~~~~සංඛ්‍යා කිහිපයකට පොදු වූ කුඩාම ගුණාකාරයයි.~1
~~~~~~~~~~~~~~~~සංඛ්‍යා කිහිපයකට පොදු වූ කවර හෝ සාධකයකි.~0
~~~~~~~~~~~~~~~~සංඛ්‍යා කිහිපයකට පොදු වූ විශාලම ගුණාකාරයයි.~0
~~~~~~~~~~~52~~~2. 5, 6, 7 යන සංඛ්‍යා වල කුඩා පොදු ගුණාකාරය වන්නේ,~~210~1
~~~~~~~~~~~~~~~~30~0
~~~~~~~~~~~~~~~~42~0
~~~~~~~~~~~~~~~~35~0
~~~~~~~~~~~53~~~සංඛ්‍යා කිහිපයක මහා පොදු සාධකය ඒවා අතරින් -----------------~~කුඩාම සංඛ්‍යාවට වඩා විශාල හෝ සමාන වේ.~0
~~~~~~~~~~~~~~~~කුඩාම සංඛ්‍යාවට කුඩා හෝ සමාන වේ.~0
~~~~~~~~~~~~~~~~විශාලම සංඛ්‍යාවට කුඩා හෝ සමාන වේ.~1
~~~~~~~~~~~~~~~~විශාලම සංඛ්‍යාවට වඩා විශාල හෝ සමාන වේ.~0
~~~~~~~~~~~54~~~සංඛ්‍යා කිහිපයක කුඩා පොදු ගුණාකාරය ඒවා අතරින් -----------------~~කුඩාම සංඛ්‍යාවට වඩා විශාල හෝ සමාන වේ.~0
~~~~~~~~~~~~~~~~කුඩාම සංඛ්‍යාවට කුඩා හෝ සමාන වේ.~0
~~~~~~~~~~~~~~~~විශාලම සංඛ්‍යාවට කුඩා හෝ සමාන වේ.~0
~~~~~~~~~~~~~~~~විශාලම සංඛ්‍යාවට වඩා විශාල හෝ සමාන වේ.~1
~~~~~~~~~~~55~~~කිසියම් සංඛ්‍යා දෙකක මහා පොදු සාධකය එම සංඛ්‍යා දෙකේ කුඩා පොදු ගුණාකාරයට -------------------------~~වඩා විශාල වේ.~0
~~~~~~~~~~~~~~~~වඩා කුඩා වේ.~1
~~~~~~~~~~~~~~~~සමාන වේ.~0
~~~~~~~~~~~~~~~~සම්බන්ධයක් නොමැත.~0
12~2017~7~maths-07-t1-l04-ep12~12~1~4~සාධක හා ගුණාකාර~ගැටලු විසඳීම්~භාජ්‍යතා රීති, ඉලක්කම් දර්ශකය, සාධක , මහාපොදු සාධකය (ම.පො.සා),  කුඩාම පොදු ගුණාකාරය (කු.පො.ගු.) පිළිබඳ ඇති දැනුම ආශ්‍රයෙන් අභ්‍යාස සිදු කිරීම.~1:00:00~56~~~ දර්ශක යනු,~~සංඛ්‍යාවක ඇති ඉලක්කම් සියල්ල එකතු කිරීමයි.~0
~~~~~~~~~~~~~~~~සංඛ්‍යාවක ඇති ඉලක්කම් සියල්ල 0 සිට 9 තෙක් අගයක් ලැබෙන තෙක් එකතුකර ලබාගන්නා ප්‍රතිඵලයයි.~0
~~~~~~~~~~~~~~~~සංඛ්‍යාවක පවත්නා ඉලක්කම් ගණනයි.~0
~~~~~~~~~~~~~~~~සංඛ්‍යාවකට පවත්නා සාධක ප්‍රමාණයයි.~1
~~~~~~~~~~~57~~~2. 9 සාධකයක් වන සංඛ්‍යාවක,~~සංඛ්‍යා දර්ශකය 9 වේ.~1
~~~~~~~~~~~~~~~~සංඛ්‍යා දර්ශකය 3 වේ.~0
~~~~~~~~~~~~~~~~සංඛ්‍යා දර්ශකය 6 වේ.~0
~~~~~~~~~~~~~~~~සංඛ්‍යා දර්ශකය 2 වේ.~0
~~~~~~~~~~~58~~~698 ඉලක්කම් දර්ශකය වන්නේ,~~8~0
~~~~~~~~~~~~~~~~18~0
~~~~~~~~~~~~~~~~5~1
~~~~~~~~~~~~~~~~7~0
~~~~~~~~~~~59~~~543 යන සංඛ්‍යාව,~~3 සාධක වේ.~1
~~~~~~~~~~~~~~~~12 දර්ශකය වේ.~0
~~~~~~~~~~~~~~~~ඉරට්ටේ සංඛ්‍යාවකි.~0
~~~~~~~~~~~~~~~~9 දර්ශක වේ.~0
~~~~~~~~~~~60~~~28 ප්‍රථමක සංඛයා  වල ගුණිතයක් ලෙස,~~2 « 2 « 7~1
~~~~~~~~~~~~~~~~4 « 7~0
~~~~~~~~~~~~~~~~2 « 14~0
~~~~~~~~~~~~~~~~2 « 8~0
13~2017~7~maths-07-t1-l05-ep13~13~1~5~දර්ශක~දර්ශක හැඳින්වීම, පාද ප්‍රථමක සංඛ්‍යා වූ දර්ශක~දර්ශක , ගුණිතය, දර්ශක අංකනය හා දර්ශක කියවීමේ ආකාරය  හඳුනා ගැනීම සහ  ඒ හා සම්බන්ධ  අභ්‍යාස සිදු කිරීම. පාද ප්‍රථමක සංඛ්‍යාවක් වූ දර්ශක අධ්‍යනය කරමින් ගැටලු විසඳීම.~1:00:00~61~~~3^2 « 5 අගය සොයන්න.~~30~0
~~~~~~~~~~~~~~~~14~0
~~~~~~~~~~~~~~~~45~1
~~~~~~~~~~~~~~~~18~0
~~~~~~~~~~~62~~~5^4 ගුණිතයක් ලෙස දක්වන්න.~~4 « 4 « 4 « 4~0
~~~~~~~~~~~~~~~~5 « 4~0
~~~~~~~~~~~~~~~~4 « 5~0
~~~~~~~~~~~~~~~~5 « 5 « 5 « 5~1
~~~~~~~~~~~63~~~8 දර්ශක අංකනයෙන් දක්වන්න.~~8^1~0
~~~~~~~~~~~~~~~~2^2~0
~~~~~~~~~~~~~~~~2^3~1
~~~~~~~~~~~~~~~~4^2~0
~~~~~~~~~~~64~~~60 දර්ශක අංකනයෙන් දක්වන්න.~~2^2 « 3 « 5~1
~~~~~~~~~~~~~~~~2^2 « 15~0
~~~~~~~~~~~~~~~~5 « 3 « 5~0
~~~~~~~~~~~~~~~~4 « 15~0
~~~~~~~~~~~65~~~5 ^ 4අගය සොයන්න.~~125~0
~~~~~~~~~~~~~~~~20~0
~~~~~~~~~~~~~~~~625~1
~~~~~~~~~~~~~~~~256~0
14~2017~7~maths-07-t1-l05-ep14~14~1~5~දර්ශක~පාද වීජීය සංකේත වූ දර්ශක, ආදේශය මගින් අගය සෙවීම~පාදය වීජීය සංකේතයක් වූ දර්ශක අංකනය ආශ්‍රයෙන් අභ්‍යාස සිදු කිරීම. ආදේශය මඟින් ප්‍රකාශන වල අගය සෙවීම.~1:00:00~66~a=2    b=3  c=5 ලෙස ගෙන පහත ප්‍රකාශන වල අගය සොයන්න.~~ A^2 b^2 අගය සොයන්න.~~36~1
~~~~~~~~~~~~~~~~10~0
~~~~~~~~~~~~~~~~13~0
~~~~~~~~~~~~~~~~30~0
~~~~~~~~~~~67~~~2 abc^ 2~~450~0
~~~~~~~~~~~~~~~~120~0
~~~~~~~~~~~~~~~~300~1
~~~~~~~~~~~~~~~~180~0
~~~~~~~~~~~68~~~a^3 c^2~~200~1
~~~~~~~~~~~~~~~~80~0
~~~~~~~~~~~~~~~~100~0
~~~~~~~~~~~~~~~~150~0
~~~~~~~~~~~69~~~2 cc ^2~~40~0
~~~~~~~~~~~~~~~~14~0
~~~~~~~~~~~~~~~~100~0
~~~~~~~~~~~~~~~~250~1
~~~~~~~~~~~70~~~2 b a^2~~24~1
~~~~~~~~~~~~~~~~16~0
~~~~~~~~~~~~~~~~40~0
~~~~~~~~~~~~~~~~12~0
15~2017~7~maths-07-t1-l05-ep15~15~1~5~දර්ශක~ගැටලු විසඳීම්~දර්ශක , ප්‍රථමක සාධක වල ගුණිතය, පාදය වීජීය සංකේතයක් වූ දර්ශක, පාද ප්‍රථමක සංඛ්‍යාවක් වූ දර්ශක සම්බන්ධයෙන්  එක් එක් අභ්‍යාස සිදු කිරීම.~1:00:00~71~~~ 2^5 දර්ශකය හා පාදය මාරු කළ විට අගය සොයන්න.~~32~0
~~~~~~~~~~~~~~~~225~0
~~~~~~~~~~~~~~~~25~1
~~~~~~~~~~~~~~~~10~0
~~~~~~~~~~~72~~~108 ප්‍රථමක සංඛ්‍යා වල බලවල ගුණිතයක් ලෙස දැක්වෙනනේ,~~4 ^3 ^3~0
~~~~~~~~~~~~~~~~2^3 « ^3~0
~~~~~~~~~~~~~~~~2^2 3^3~1
~~~~~~~~~~~~~~~~2^3 « 4~0
~~~~~~~~~~~73~~~ 2^5 විහිදුවා ලියන්න.~~2 « 2 « 2 « 2 « 2~1
~~~~~~~~~~~~~~~~5 « 5~0
~~~~~~~~~~~~~~~~2 « 5~0
~~~~~~~~~~~~~~~~2 « 2 « 2 « 2~0
~~~~~~~~~~~74~~~2^2 3^2 අගය සොයන්න.~~24~0
~~~~~~~~~~~~~~~~36~1
~~~~~~~~~~~~~~~~12~0
~~~~~~~~~~~~~~~~18~0
~~~~~~~~~~~75~~~x = 5 නම් x^3 අගය සොයන්න.~~25~0
~~~~~~~~~~~~~~~~225~1
~~~~~~~~~~~~~~~~125~0
~~~~~~~~~~~~~~~~15~0
16~2017~7~maths-07-t1-l06-ep16~16~1~6~කාලය~කාලය මනින ඒකක, අධික අවුරුද්ද~කාලය මනින ඒකක, මාස සහ අවුරුදු, එක් එක් මාසයන්හි ඇති දින ගණන, ක්‍රිස්තු පූර්ව , ක්‍රිස්තු වර්ෂ, අධික අවුරුද්ද  උදාහරණ සමඟින් පෙන්වා දීම.~1:00:00~76~~~කාලය මනින ඒකකයක් නොවන්නේ,~~තත්පර~0
~~~~~~~~~~~~~~~~දින~0
~~~~~~~~~~~~~~~~මීටර්~1
~~~~~~~~~~~~~~~~මිනිත්තු~0
~~~~~~~~~~~77~~~ සහස්‍රකයක් යනු,~~වසර 10 කි.~0
~~~~~~~~~~~~~~~~වසර 100 කි.~0
~~~~~~~~~~~~~~~~වසර 1000 කි.~1
~~~~~~~~~~~~~~~~වසර 10000 කි.~0
~~~~~~~~~~~78~~~ ක්‍රිස්තු වර්ෂ දින දර්ශනයට අනුව 2022 අයත් වන්නේ,~~පළමු සහස්‍රකයටයි.~0
~~~~~~~~~~~~~~~~දෙවන සහස්‍රකයටයි.~0
~~~~~~~~~~~~~~~~තෙවන සහස්‍රකයටයි.~1
~~~~~~~~~~~~~~~~සව්වන සහස්‍රකයටයි.~0
~~~~~~~~~~~79~~~ අධික අවුරුද්දකට,~~දින 365 කි.~0
~~~~~~~~~~~~~~~~දින 366 කි.~1
~~~~~~~~~~~~~~~~පෙබරවාරි මාසයට දින 28 කි.~0
~~~~~~~~~~~~~~~~ඉහත කිසිවක් අදාල නොවේ.~0
~~~~~~~~~~~80~~~ නිවැරදි අනුපිළිවෙල වන්නේ,~~අවුරුදු, දශක, සියවස්, සහස්‍රක~1
~~~~~~~~~~~~~~~~අවුරුදු, දශක , සහස්‍රක, සියවස්~0
~~~~~~~~~~~~~~~~අවුරුදු, දශක, සහස්‍රක, සියවස්~0
~~~~~~~~~~~~~~~~දශක, සියවස්, සහස්‍රක අවුරුදු,~0
17~2017~7~maths-07-t1-l06-ep17~17~1~6~කාලය~ඒකක අතර සම්බන්ධතාව ගණනය කිරීම්~කාලය මනින ඒකක අතර සම්බන්ධතා විමසා බැලීම. දින මාස සහ අවුරුදු උදාහරණ සමඟින් පෙන්වා දී ගණනය කිරීම. කාලය ආශ්‍රිත ගණන් සිදුකිරීම.~1:00:00~81~~~අවුරුදු 20කට ඇති මාස ගණන කීය ද?~~මාස 240කි.~1
~~~~~~~~~~~~~~~~මාස 120කි.~0
~~~~~~~~~~~~~~~~මාස 150කි.~0
~~~~~~~~~~~~~~~~මාස 200කි.~0
~~~~~~~~~~~82~~~ ඖෂධ ලබා ගැනීම සඳහා ළදරුවකු රැගෙන රෝහලට පැමිණි මවක් පැවසුවේ මෙම මස 31 වන දිනට දරුවාට දින 62 ක් සම්පූර්ණ වන බවයි. දරුවා උපත ලැබුවේ යම් මාසයක 1 වන දා නම් දරුවා උපන් මාසය හා මෙම මාසය විය හැක්කේ ?~~ජනවාරි හා මාර්තු~0
~~~~~~~~~~~~~~~~දෙසැම්බර් හා මාර්තු~0
~~~~~~~~~~~~~~~~ජුලි හා අගෝස්තු~1
~~~~~~~~~~~~~~~~දෙසැම්බර් හා ජුලි~0
~~~~~~~~~~~83~~~ වසර 10කට ඇති දින ගණන කීයද?~~දින 4250~0
~~~~~~~~~~~~~~~~දින 3600~0
~~~~~~~~~~~~~~~~දින 3650~1
~~~~~~~~~~~~~~~~දින 3655~0
~~~~~~~~~~~84~~~ 1998.12.22 උපත ලද අයකුගේ වයස 2005.10.12 දිනට කීයද?~~අවුරුදු 06 මාස 09 දින 20~1
~~~~~~~~~~~~~~~~අවුරුදු 06 මාස 02 දින 05~0
~~~~~~~~~~~~~~~~අවුරුදු 05 මාස 02 දින 20~0
~~~~~~~~~~~~~~~~අවුරුදු 06 මාස 08 දින 10~0
~~~~~~~~~~~85~~~ දින 172 මාස හා දින ගණන කොපමණ ද?~~මාස 06 දින 03~0
~~~~~~~~~~~~~~~~මාස 06 දින 09~0
~~~~~~~~~~~~~~~~මාස 05 දින 22~1
~~~~~~~~~~~~~~~~මාස 05 දින 52~0
18~2017~7~maths-07-t1-l06-ep18~18~1~6~කාලය~ගැටලු විසඳීම්~දශකය, සියවස , සහස්‍රකය  පැහැදිලි කිරීම සහ අධික අවුරුද්ද , අවුරුද්ද ගණනය කිරීමට අවශ්‍ය වන සාධක ඉගැන්වීම. වේලාව සම්බන්ධ ගැටලු සාකච්චා  කිරීම. දශකය, ශතක සම්බන්ධ අභ්‍යාස සිදුකිරීම.  දිනල මාස සහ අවුරුදු සම්බන්ධ වගන්ති ගණන් සහ සුළු කිරීම්  සිදුකිරීම.~1:00:00~86~~~පහත සඳහන් වර්ෂ වලින් අධික අවුරුද්දක් වන්නේ,~~1984~1
~~~~~~~~~~~~~~~~2021~0
~~~~~~~~~~~~~~~~2005~0
~~~~~~~~~~~~~~~~1999~0
~~~~~~~~~~~87~~~ 1811 අයත් දශකය වන්නේ,~~181 වන දශකය~0
~~~~~~~~~~~~~~~~180 වන දශකය~0
~~~~~~~~~~~~~~~~182 වන දශකය~1
~~~~~~~~~~~~~~~~183 වන දශකය~0
~~~~~~~~~~~88~~~21 වන ශතකයට අයත් වර්ෂයක් වන්නේ,~~1995~0
~~~~~~~~~~~~~~~~1990~0
~~~~~~~~~~~~~~~~1015~0
~~~~~~~~~~~~~~~~2001~1
~~~~~~~~~~~89~~~ සතියකට ඇති පැය ගණන කීය ද?~~160~0
~~~~~~~~~~~~~~~~152~0
~~~~~~~~~~~~~~~~168~1
~~~~~~~~~~~~~~~~150~0
~~~~~~~~~~~90~~~ ගොවියෙක් පැළ තවාන් 5කට දවසට දෙවරක් එක් තවානකට වතුර බාල්දිය බැගින් දමයි. සතියක කාලය තුළ දැමියයුතු වතුර බාල්දි ගණන කීය ද?~~වතුර බාල්දි 60 යි.~0
~~~~~~~~~~~~~~~~වතුර බාල්දි 70 යි.~1
~~~~~~~~~~~~~~~~වතුර බාල්දි 80 යි.~0
~~~~~~~~~~~~~~~~වතුර බාල්දි 65 යි.~0
19~2017~7~maths-07-t1-l07-ep19~19~1~7~සමාන්තර සරල රේඛා~සමාන්තර සරල රේඛා හඳුනා ගැනීම හා ලම්භ දුර~සරල දාරය , විහිත චතුරස්‍රය හඳුන්වා දීම. සමාන්තර සරල රේඛාවක් යනු කුමක්දැයි උදාහරණ සමඟින් පැහැදිලි කරමින්, සරල රේඛාවක් හෝ සරල රේඛා කිහිපයක් සමාන්තර වන්නේ කෙසේදැයි විමසා බැලීම. ලම්බ දුර හඳුන්වාදීම හා විහිත චතුරස්‍රය ආධාරයන් සරල රේඛා ඇඳීම.~1:00:00~91~පහත දැක්වෙන රූපය ඇසුරෙන් පිළිතුරු සපයන්න.~maths-07-t1-l07-ep19-q-1.png~ABE ත්‍රිකෝණයේ AB g ලම්බ රේඛාව වන්නේ,~~EC~0
~~~~~~~~~~~~~~~~EA~0
~~~~~~~~~~~~~~~~ED~1
~~~~~~~~~~~~~~~~EB~0
~~~~~~~~~~~92~~~EDB ට සමාන කෝණයක් වන්නේ,~~ECD කෝණය~0
~~~~~~~~~~~~~~~~EDA කෝණය~1
~~~~~~~~~~~~~~~~ECA කෝණය~0
~~~~~~~~~~~~~~~~EBD කෝණය~0
~~~~~~~~~~~93~~~ED පාදයට සමාන පාදයක නම් කරන්න.~~EB~0
~~~~~~~~~~~~~~~~EA~0
~~~~~~~~~~~~~~~~EC~0
~~~~~~~~~~~~~~~~DB~1
~~~~~~~~~~~94~~~EB පාදයට සමාන පාදයක නම් කරන්න.~~ED~0
~~~~~~~~~~~~~~~~EA~1
~~~~~~~~~~~~~~~~EC~0
~~~~~~~~~~~~~~~~DB~0
~~~~~~~~~~~95~~~ඍජුකෝණි ත්‍රිකෝණයක් නම් කරන්න.~~AEC කෝණය~0
~~~~~~~~~~~~~~~~EDB කෝණය~1
~~~~~~~~~~~~~~~~ACE කෝණය~0
~~~~~~~~~~~~~~~~EBD කෝණය~0
20~2017~7~maths-07-t1-l07-ep20~20~1~7~සමාන්තර සරල රේඛා~විහිත චතුරස්‍රය භාවිතයෙන් සරල රේඛා ඇදීම~සමාන්තර සරල රේඛා දෙකක් අතර ලම්බ දුර හඳුන්වාදීම හා විස්තර කිරීම. පරිසරයේ සමාන්තර දාර යොදා ගන්නා අවස්ථා  විමසා බැලීම. සරල දාරය , විහිත චතුරස්‍රය භාවිතයෙන් සමාන්තර සරල රේඛා අඳිමින්  අභ්‍යාස සිදුකිරීම.~1:00:00~96~~maths-07-t1-l07-ep20-q-1.png~AQ පාදයට සමාන්තර රේඛාවක් වන්නේ,~~CP පාදය~1
~~~~~~~~~~~~~~~~CA පාදය~0
~~~~~~~~~~~~~~~~DB පාදය~0
~~~~~~~~~~~~~~~~QB පාදය~0
~~~~~~~~~~~97~~~AC පාදයට සමාන රේඛාවක් වන්නේ,~~BQ~0
~~~~~~~~~~~~~~~~DP~1
~~~~~~~~~~~~~~~~DB~0
~~~~~~~~~~~~~~~~PD~0
~~~~~~~~~~~98~~~CDA කෝණයට සමාන කෝණයක් වන්නේ,~~DCA කෝණය~0
~~~~~~~~~~~~~~~~DAB කෝණය~1
~~~~~~~~~~~~~~~~ABD කෝණය~0
~~~~~~~~~~~~~~~~CDB කෝණය~0
~~~~~~~~~~~99~~~CDA ත්‍රිකෝණය,~~සමපාද ත්‍රිකෝණයකි.~0
~~~~~~~~~~~~~~~~සමද්විපාද ත්‍රිකෝණයකි.~0
~~~~~~~~~~~~~~~~විෂමපාද ත්‍රිකෝණයකි.~0
~~~~~~~~~~~~~~~~කිවනොහැක.~1
~~~~~~~~~~~100~~~CDA කෝණය හා DAB කෝණය,~~ප්‍රතිමුඛ කෝණ වේ.~0
~~~~~~~~~~~~~~~~ඒකාන්තර කෝණ වේ.~1
~~~~~~~~~~~~~~~~සම්මුඛ කෝණ වේ.~0
~~~~~~~~~~~~~~~~අනුපූරකබද්ද කෝණ වේ.~0
21~2017~7~maths-07-t1-l07-ep21~21~1~7~සමාන්තර සරල රේඛා~සරල රේඛා දෙකක් සමාන්තර දැයි බැලීම, තල රූප ඇඳීම~සරල රේඛා දෙකක්  සමාන්තර දැයි පිරික්සීම. සරල දාරය හා විහිත චතුරස්‍රය භාවිතයෙන්  සරල රේඛීය තලරූප ඇඳීම. ඒ හා සම්බන්ධ අභ්‍යාස සිදුකිරීම.~1:00:00~101~~maths-07-t1-l07-ep21-q-1.png~ඉහත දැක්වෙන්නේ,~~සමචතුරස්‍රයකි.~0
~~~~~~~~~~~~~~~~සෘජුකෝණාස්‍රයකි.~0
~~~~~~~~~~~~~~~~සමාන්තරාස්‍රයකි.~0
~~~~~~~~~~~~~~~~රොම්බසයකි.~1
~~~~~~~~~~~102~~~මෙහි අභ්‍යන්තර කෝණ වල ඓක්‍යය වන්නේ,~~අංශක 360කි.~1
~~~~~~~~~~~~~~~~අංශක 180කි.~0
~~~~~~~~~~~~~~~~අංශක 90කි.~0
~~~~~~~~~~~~~~~~ඉහත කිසිවක් නොවේ.~0
~~~~~~~~~~~103~~~මෙහි ADB කෝණ වල ඓක්‍යය වන්නේ,~~අංශක 360කි.~0
~~~~~~~~~~~~~~~~අංශක 180කි.~1
~~~~~~~~~~~~~~~~අංශක 90කි.~0
~~~~~~~~~~~~~~~~ඉහත කිසිවක් නොවේ.~0
~~~~~~~~~~~104~~~DAB කෝණයට සමාන කෝණයක් වන්නේ,~~BCD කෝණය~1
~~~~~~~~~~~~~~~~BDA කෝණය~0
~~~~~~~~~~~~~~~~ABD කෝණය~0
~~~~~~~~~~~~~~~~BDC කෝණය~0
~~~~~~~~~~~105~~~AD පාදයට සමාන්තර පාදයක් නම් කරන්න.~~BD~0
~~~~~~~~~~~~~~~~BC~1
~~~~~~~~~~~~~~~~BC~0
~~~~~~~~~~~~~~~~AB~0
22~2017~7~maths-07-t1-l08-ep22~22~1~8~සදීශ සංඛ්‍යා~සදීශ සංඛ්‍යා හඳුනා ගැනීම, නිඛිල දෙකක එකතුව~සදිශ සංඛ්‍යා උදාහරණ සමඟින් හඳුන්වාදීම.  සංඛ්‍යා රේඛාව භාවිතයෙන් ධන නිඛිල දෙකක් එකතු කිරීම. ඒ හා සම්බන්ධ අභ්‍යාස සිදුකිරීම.~1:00:00~106~~maths-07-t1-l08-ep22-q-1.png~A මගින් නිරූපනය වන්නේ,~~සෘණ නිඛිල~1
~~~~~~~~~~~~~~~~ධන නිඛිල~0
~~~~~~~~~~~~~~~~දශම සංඛ්‍යා~0
~~~~~~~~~~~~~~~~ඉහත කිසිවක් නොවේ.~0
~~~~~~~~~~~107~~~B මගින් නිරූපනය වන්නේ,~~සෘණ නිඛිල~0
~~~~~~~~~~~~~~~~ධන නිඛිල~1
~~~~~~~~~~~~~~~~දශම සංඛ්‍යා~0
~~~~~~~~~~~~~~~~ඉහත කිසිවක් නොවේ.~0
~~~~~~~~~~~108~~~(-3) + (+2) ඉහත සංඛ්‍යා රේඛාව ඇසුරින් අගය සොයන්න.~~0~0
~~~~~~~~~~~~~~~~-2~0
~~~~~~~~~~~~~~~~(+1)~0
~~~~~~~~~~~~~~~~-1~1
~~~~~~~~~~~109~~~(+1) + (+2) ඉහත සංඛ්‍යා රේඛාව ඇසුරින් අගය සොයන්න.~~(+3)~1
~~~~~~~~~~~~~~~~(+4)~0
~~~~~~~~~~~~~~~~(+1)~0
~~~~~~~~~~~~~~~~-1~0
~~~~~~~~~~~110~~~(-4) + (+2) ඉහත සංඛ්‍යා රේඛාව ඇසුරින් අගය සොයන්න.~~-6~0
~~~~~~~~~~~~~~~~-2~1
~~~~~~~~~~~~~~~~(+2)~0
~~~~~~~~~~~~~~~~(+6)~0
23~2017~7~maths-07-t1-l08-ep23~23~1~8~සදීශ සංඛ්‍යා~නිඛිල දෙකක එකතුව, ඍණ නිඛිල දෙකක එකතුව~සංඛ්‍යා රේඛාව භාවිතයෙන් ධන හා ධන නිඛිල, ඍණ හා ඍණ  නිඛිල එකතු කිරීම. සංඛ්‍යා රේඛාව භාවිතයෙන් ධන හා ඍණ නිඛිල, ඍණ හා  ධන නිඛිල එකතු කිරීම අභ්‍යාස සිදුකිරීම.~1:00:00~111~ඉහත සංඛ්‍යා රේඛාව ඇසුරින් අගය සොයන්න.~maths-07-t1-l08-ep23-q-1.png~(+4) + (-5)~~-1~1
~~~~~~~~~~~~~~~~(+1)~0
~~~~~~~~~~~~~~~~(+9)~0
~~~~~~~~~~~~~~~~-9~0
~~~~~~~~~~~112~~~(+4) + (+2)~~(+6)~1
~~~~~~~~~~~~~~~~-6~0
~~~~~~~~~~~~~~~~(+6)~0
~~~~~~~~~~~~~~~~(+4)~0
~~~~~~~~~~~113~~~(+3) + (-5)~~-1~0
~~~~~~~~~~~~~~~~(+1)~0
~~~~~~~~~~~~~~~~(+2)~0
~~~~~~~~~~~~~~~~-2~1
~~~~~~~~~~~114~~~(-2) + (-1)~~-1~0
~~~~~~~~~~~~~~~~(+1)~0
~~~~~~~~~~~~~~~~(+3)~0
~~~~~~~~~~~~~~~~-3~1
~~~~~~~~~~~115~~~(-1) + (+3)~~-4~0
~~~~~~~~~~~~~~~~(+4)~0
~~~~~~~~~~~~~~~~(+2)~1
~~~~~~~~~~~~~~~~-2~0
24~2017~7~maths-07-t1-l08-ep24~24~1~8~සදීශ සංඛ්‍යා~සංඛ්‍යා රේඛාව නැතිව නිඛිල එකතුව, ලකුණු වෙනස් නිඛිලවල එකතුව~සංඛ්‍යා රේඛාව භාවිතයෙන් තොරව ධන හා  ධන නිඛිල,  ඍණ හා ඍණ නිඛිල  එකතු කිරීමත්, ධන හා ඍණ නිඛිල ඍණ හා  ධන නිඛිල එකතු කිරීමත්, අභ්‍යාස මඟින්  ගැටලු සාකච්චා කිරීම.~1:00:00~116~~~පුද්ගලයකු සතුව රුපියල් 50ක් ඇත. ඉන් රුපියල් 10ක් වැයකර ඔහු සබන්කැටයක් මිලදීගනී. ඉතිරි මුදල කීය ද?~~රුපියල් 10 යි.~0
~~~~~~~~~~~~~~~~රුපියල් 40 යි.~1
~~~~~~~~~~~~~~~~රුපියල් 20 යි.~0
~~~~~~~~~~~~~~~~රුපියල් 30 යි.~0
~~~~~~~~~~~117~~~ ගුරුවරයෙකුට වාරයකට ඉගැන්වීමට පාඩම් 10ක් ඇත. ඉගැන්වීමට තවත් පාඩම් 6ක් ඇත්නම් උගන්වා ඇති පාඩම් ගණන වන්නේ?~~පාඩම් 6කි.~0
~~~~~~~~~~~~~~~~පාඩම් 7කි.~0
~~~~~~~~~~~~~~~~පාඩම් 4කි.~1
~~~~~~~~~~~~~~~~පාඩම් 2කි.~0
~~~~~~~~~~~118~~~ළමයකු සතුව රුපියල් 10ක් ඇත. ඔහුට මව තවත් රුපියල් 15ක් දෙන ලදී. ඔහු සතු මුලු මුදල වන්නේ?~~රුපියල් 10 යි.~0
~~~~~~~~~~~~~~~~රුපියල් 15 යි.~0
~~~~~~~~~~~~~~~~රුපියල් 25 යි.~1
~~~~~~~~~~~~~~~~රුපියල් 5 යි.~0
~~~~~~~~~~~119~~~පන්තියක ළමුන් 10ක් සිටී. එම පන්තිකාමරයට තවත් ළමුන් 7 දෙනෙකු පැමිණි අතර දැන් පන්තියේ සිටින ළමයි ගණන කොපමණ ද?~~ළමුන් 17 යි.~1
~~~~~~~~~~~~~~~~ළමුන් 7 යි.~0
~~~~~~~~~~~~~~~~ළමුන් 10යි.~0
~~~~~~~~~~~~~~~~ළමුන් 18 යි.~0
~~~~~~~~~~~120~~~ අත්තක කුරුල්ලන් 08 දෙනෙකු ඇත. එකවරම ඉන් 5 දෙනෙකු පියඹා යයි. අත්තේ ඉතිරිව සිටින කුරුල්ලන් ගණන කීය ද?~~කුරුල්ලන් 13 කි.~0
~~~~~~~~~~~~~~~~කුරුල්ලන් 3 කි.~1
~~~~~~~~~~~~~~~~කුරුල්ලන් 5 කි.~0
~~~~~~~~~~~~~~~~කුරුල්ලන් 6කි.~0
25~2017~7~maths-07-t1-l08-ep25~25~1~8~සදීශ සංඛ්‍යා~සදීශ සංඛ්‍යා සුළු කිරීම~සදිශ සංඛ්‍යා එකතු කිරීම සහ අඩු කිරීම . සදිශ සංඛ්‍යා සම්බන්ධ විවිධ අභ්‍යාස සිදුකිරීම.~1:00:00~121~~~(+54)  +  (+6 ) = ………….~~(+48)~0
~~~~~~~~~~~~~~~~-48~0
~~~~~~~~~~~~~~~~(+60)~1
~~~~~~~~~~~~~~~~(+56)~0
~~~~~~~~~~~122~~~(+88)  +  (-56 ) = ………….~~-32~0
~~~~~~~~~~~~~~~~(+32)~1
~~~~~~~~~~~~~~~~(+50)~0
~~~~~~~~~~~~~~~~(+95)~0
~~~~~~~~~~~123~~~(+54)  +  (+6 ) = ………….~~(+48)~0
~~~~~~~~~~~~~~~~-48~0
~~~~~~~~~~~~~~~~(+60)~1
~~~~~~~~~~~~~~~~(+56)~0
~~~~~~~~~~~124~~~(-14) + (-6 ) = ………….~~(+20)~0
~~~~~~~~~~~~~~~~-8~0
~~~~~~~~~~~~~~~~(+8)~0
~~~~~~~~~~~~~~~~-20~1
~~~~~~~~~~~125~~~(-16) + (+6 ) = ………….~~(+22)~0
~~~~~~~~~~~~~~~~-22~0
~~~~~~~~~~~~~~~~(+10)~0
~~~~~~~~~~~~~~~~-10~1
26~2017~7~maths-07-t1-l09-ep26~26~1~9~කෝණ~කෝණයක ස්වභාවය, ගතික ස්ථිතික ස්වභාවය~කෝණයක් යනු කුමක්දැයි සහ කෝණයේ ශීර්ෂය ,කෝණයෙ බාහු හඳුන්වාදීම. එක් එක් කෝණ උදාහරණ මඟින් පෙන්වා දීම. කෝණයක ස්ථිතික ස්වභාවය හා කෝණයක ගතික  ස්වභාවය උදාහරණ මඟින් පැහැදිලි කිරීම.~1:00:00~126~~~සුළු කෝණයක ඓක්‍යය,~~අංශක 180 කි.~0
~~~~~~~~~~~~~~~~අංශක 90ට වැඩි අගයක් ගනී.~0
~~~~~~~~~~~~~~~~අංශක 90ට අඩු අගයක් ගනී.~1
~~~~~~~~~~~~~~~~අංශක 180 කි.~0
~~~~~~~~~~~127~~~සරල කෝණ,~~ඓක්‍යය අංශක 170 කි.~0
~~~~~~~~~~~~~~~~සෘජුකෝණී ත්‍රිකෝණ දෙකක ඓක්‍යට සමාන වේ.~1
~~~~~~~~~~~~~~~~ඓක්‍යය අංශක 90කි.~0
~~~~~~~~~~~~~~~~මහා කෝණයක ඓක්‍යට වඩා විශාල වේ.~0
~~~~~~~~~~~128~~~ මහාකෝණ යනු,~~සෑම විටම සුළු කෝණ දෙකක එකතුවෙන් නිර්මාණය වේ.~0
~~~~~~~~~~~~~~~~සෘජුකෝණ දෙකක එකතුවෙන් නිර්මාණය වේ.~0
~~~~~~~~~~~~~~~~ඓක්‍යය අංශක 180 කි.~0
~~~~~~~~~~~~~~~~සරල කෝණයට වඩා විශාලත්වය අඩුවේ.~1
~~~~~~~~~~~129~~~පරාවර්ත කෝණ,~~ඓක්‍යය  අංශක 360 කි.~0
~~~~~~~~~~~~~~~~සරල කෝණයට වඩා විශාල වේ.~1
~~~~~~~~~~~~~~~~සරල කෝණය හැඳින්වීමට යොදන තවත් නමකි.~0
~~~~~~~~~~~~~~~~සරල කෝණයට වඩා කුඩා වේ.~0
~~~~~~~~~~~130~~~ අංශක 180 ඓක්‍ය සහිත වන්නේ,~~සරල කෝණ~1
~~~~~~~~~~~~~~~~මහා කෝණ~0
~~~~~~~~~~~~~~~~සෘජු කෝණ~0
~~~~~~~~~~~~~~~~පරාවර්ත කෝණ~0
27~2017~7~maths-07-t1-l09-ep27~27~1~9~කෝණ~කෝණ නම් කිරීම~කෝණ නම් කරමින් අගය සෙවීම. ඒ හා සම්භන්ධ අභ්‍යාස සිදුකිරීම.~1:00:00~131~~~කෝණයක සරල රේඛා ඛණ්ඩ යනු,~~මධ්‍ය ලක්ෂ වේ.~0
~~~~~~~~~~~~~~~~බාහු වේ.~1
~~~~~~~~~~~~~~~~ශීර්ෂ වේ.~0
~~~~~~~~~~~~~~~~කෝණ සමච්චේදකය වේ.~0
~~~~~~~~~~~132~~maths-07-t1-l09-ep27-q-2.png~ABD කෝණය,~~සෘජුකෝණයකි.~0
~~~~~~~~~~~~~~~~මහාකෝණයකි.~1
~~~~~~~~~~~~~~~~සුළු කෝණයකි.~0
~~~~~~~~~~~~~~~~ඉහත කිසිවක් නොවේ.~0
~~~~~~~~~~~133~~~ABC කෝණයේ අගය,~~අංශක 90 කි.~1
~~~~~~~~~~~~~~~~අංශක 75 කි.~0
~~~~~~~~~~~~~~~~අංශක 50 කි.~0
~~~~~~~~~~~~~~~~අංශක 60 කි.~0
~~~~~~~~~~~134~~~ABC කෝණය,~~සෘජුකෝණයකි.~1
~~~~~~~~~~~~~~~~මහාකෝණයකි.~0
~~~~~~~~~~~~~~~~සුළු කෝණයකි.~0
~~~~~~~~~~~~~~~~පරාවර්ත කෝණයකි.~0
~~~~~~~~~~~135~~~ABD භාහිර කෝණය,~~සෘජුකෝණයකි.~0
~~~~~~~~~~~~~~~~මහාකෝණයකි.~0
~~~~~~~~~~~~~~~~සුළු කෝණයකි.~0
~~~~~~~~~~~~~~~~පරාවර්ත කෝණයකි.~1
28~2017~7~maths-07-t1-l09-ep28~28~1~9~කෝණ~කෝණ මැනීම, කෝණ ඇඳීම~කෝණ මනින සම්මත ඒකකය , කෝණමානය හඳුන්වාදීම. කෝණමානය ඇසුරෙන් කෝණමැනීම, කෝණ ඇඳීම අභ්‍යාස සිදුකරමින් ඉගැන්වීම.~1:00:00~136~~~යම් කෝණයක ඓක්‍ය මනින සම්මත ඒකකය වන්නේ,~~මීටර්~0
~~~~~~~~~~~~~~~~තත්පර~0
~~~~~~~~~~~~~~~~අංශක~1
~~~~~~~~~~~~~~~~ග්‍රෑම්~0
~~~~~~~~~~~137~~~ යම් ලක්ෂයක් වටා සරලරේඛා කණ්ඩයක් සම්පූර්ණයෙන් භ්‍රමණය වූ විට සෑදෙන කෝණයේ ඓක්‍යය~~අංශක 180 කි.~0
~~~~~~~~~~~~~~~~අංශක 360කි.~1
~~~~~~~~~~~~~~~~අංශක 90කි.~0
~~~~~~~~~~~~~~~~අංශක 60කි.~0
~~~~~~~~~~~138~~~ කෝණ මැනීම සඳහා යොදා ගන්නා උපකරණය වන්නේ,~~විහිත චතුරස්‍රය~0
~~~~~~~~~~~~~~~~කෝණමානය~1
~~~~~~~~~~~~~~~~මීටර් කෝදුව~0
~~~~~~~~~~~~~~~~ඉහත කිසිවක් නොවේ~0
~~~~~~~~~~~139~~~ යම් ලක්ෂයක් වටා සරල රේඛා කණ්ඩයක් සම්පූර්ණ දුරින් අඩක් භ්‍රමණය වූ විට සෑදෙන කෝණයේ ඓක්‍යය,~~අංශක 180 කි.~1
~~~~~~~~~~~~~~~~අංශක 360කි.~0
~~~~~~~~~~~~~~~~අංශක 90කි.~0
~~~~~~~~~~~~~~~~අංශක 60කි.~0
~~~~~~~~~~~140~~~යම් ලක්ෂයක් වටා සරල රේඛා කණ්ඩයක් සම්පූර්ණ දුරින් භ්‍රමණය වූ විට සෑදෙන ¼ කෝණයේ ඓක්‍යය,~~අංශක 180 කි.~0
~~~~~~~~~~~~~~~~අංශක 360කි.~0
~~~~~~~~~~~~~~~~අංශක 90කි.~1
~~~~~~~~~~~~~~~~අංශක 60කි.~0
29~2017~7~maths-07-t1-l09-ep29~29~1~9~කෝණ~කෝණ වර්ගීකරණය, පරාවර්තන කෝණ~කෝණ වර්ගීකරණය කිරීම. පරාවර්ත කෝණ ක්‍රම දෙකකින් කෝණමානය භාවිතයෙන් ඇඳීම ඉගැන්වීම. පරාවර්ත කෝණවල අගය අභ්‍යාස සිදුකරමින් සෙවීම.~1:00:00~141~~maths-07-t1-l09-ep29-q-1.png~BCD කෝණයේ අගය වන්නේ,~~180º~0
~~~~~~~~~~~~~~~~90º~0
~~~~~~~~~~~~~~~~120º~1
~~~~~~~~~~~~~~~~150º~0
~~~~~~~~~~~142~~~CAB කෝණයේ අගය වන්නේ,~~50º~0
~~~~~~~~~~~~~~~~60º~1
~~~~~~~~~~~~~~~~120º~0
~~~~~~~~~~~~~~~~45º~0
~~~~~~~~~~~143~~~CDE කෝණයේ අගය වන්නේ,~~180º~1
~~~~~~~~~~~~~~~~110º~0
~~~~~~~~~~~~~~~~120º~0
~~~~~~~~~~~~~~~~75º~0
~~~~~~~~~~~144~~~ABC කෝණයේ ඓක්‍යට සමාන කෝණයක් වන්නේ,~~CAB කෝණය~0
~~~~~~~~~~~~~~~~BCD කෝණය~1
~~~~~~~~~~~~~~~~CDB කෝණය~0
~~~~~~~~~~~~~~~~BDE කෝණය~0
~~~~~~~~~~~145~~~CB පාදයට සමාන පාදයක් වන්නේ,~~CD~0
~~~~~~~~~~~~~~~~AB~0
~~~~~~~~~~~~~~~~AC~0
~~~~~~~~~~~~~~~~තොරතුරු ප්‍රමාණවත් නැත~1
30~2017~7~maths-07-t2-l10-ep01~1~2~10~භාග~භාග හැඳින්වීම, මිශ්‍ර සංඛ්‍යා~හරය සහ ලවය යන්න හඳුනා ගැනීම. නියම භාග,ඒකක භාග,තුල්‍ය භාග,මිශ්‍ර සංඛ්‍යා උදාහරණ  සහිතව හඳුනා දී , අභ්‍යාස සිදු කිරීම.~1:00:00~146~~~භාගයක් සංඛ්‍යාත්මක ව ලියූ විට ඉරට යටින් ලියා ඇති සංඛ්‍යාව,~~හරය ලෙස හඳූන්වයි.~1
~~~~~~~~~~~~~~~~ලවය ලෙස හඳූන්වයි.~0
~~~~~~~~~~~~~~~~මිශ්‍ර සංඛ්‍යා ලෙස හඳූන්වයි.~0
~~~~~~~~~~~~~~~~විෂම භාග ලෙස හඳූන්වයි.~0
~~~~~~~~~~~147~~~ භාගයක් සංඛ්‍යාත්මක ව ලියූ විට ඉරට ඉහළින් ලියා ඇති සංඛ්‍යාව,~~හරය ලෙස හඳූන්වයි.~0
~~~~~~~~~~~~~~~~ලවය ලෙස හඳූන්වයි.~1
~~~~~~~~~~~~~~~~මිශ්‍ර සංඛ්‍යා ලෙස හඳූන්වයි.~0
~~~~~~~~~~~~~~~~විෂම භාග ලෙස හඳූන්වයි.~0
~~~~~~~~~~~148~~~නියම භාග ඇතුළත් පිළිතුර වන්නේ,~maths-07-t2-l10-ep01-q-3-a-1.png~~0
~~~~~~~~~~~~~~~maths-07-t2-l10-ep01-q-3-a-2.png~~0
~~~~~~~~~~~~~~~maths-07-t2-l10-ep01-q-3-a-3.png~~1
~~~~~~~~~~~~~~~maths-07-t2-l10-ep01-q-3-a-4.png~~0
~~~~~~~~~~~149~~~ ඒකක භාග යනු,~~ ලවය 1 සහිත භාග වේ.~1
~~~~~~~~~~~~~~~~ හරය 1  සහිත භාග වේ.~0
~~~~~~~~~~~~~~~~ලවය 2ට වඩා වැඩි භාග වේ.~0
~~~~~~~~~~~~~~~~හරය 2ට වඩා වැඩිි භාග වේ.~0
~~~~~~~~~~~150~~~මිශ්‍ර සංඛ්‍යාවක් යනු,~~පූර්ණ සංඛ්‍යා දෙකක එකතුව දැක්වෙන සංඛ්‍යාවක් වේ.~0
~~~~~~~~~~~~~~~~භාග දෙකක එකතුව දැක්වෙන සංඛ්‍යාවක් වේ.~0
~~~~~~~~~~~~~~~~පූර්ණ සංඛ්‍යාවක හා තත්‍ය භාගයක එකතුව දැක්වෙන සංඛ්‍යාවක් වේ.~1
~~~~~~~~~~~~~~~~ඉහත කිසිවක් නොවේ.~0
31~2017~7~maths-07-t2-l10-ep02~2~2~10~භාග~විශම භාග~විෂම භාග හඳුන්වාදීම. මිශ්‍ර සංඛ්‍යාවක් විෂම භාගයක් ලෙස දැක්වීම, ඒ හා සම්භන්ධ අභ්‍යාස සිදුකිරීම. විෂම භාගයක් මිශ්‍ර සංඛ්‍යාවක් ලෙස දැක්වීම  අභ්‍යාස සිදු කිරීම.~1:00:00~151~~~විෂම භාගයක් යනු,~~ලවය හරයට වඩා විශාල හෝ සමාන හෝ වන භාග~1
~~~~~~~~~~~~~~~~හරය ලවයට වඩා විශාල හෝ සමාන හෝ වන භාග~0
~~~~~~~~~~~~~~~~පූුර්ණ සංඛ්‍යා සහිත භාග~0
~~~~~~~~~~~~~~~~ඉහත කිසිවක් නොවේ~0
~~~~~~~~~~~152~~~2 4/3 විෂම භාගයක් ලෙස දැක්වූ විට,~maths-07-t2-l10-ep02-q-2-a-1.png~~0
~~~~~~~~~~~~~~~maths-07-t2-l10-ep02-q-2-a-2.png~~0
~~~~~~~~~~~~~~~maths-07-t2-l10-ep02-q-2-a-3.png~~1
~~~~~~~~~~~~~~~maths-07-t2-l10-ep02-q-2-a-4.png~~0
~~~~~~~~~~~153~~~5/23 මිශ්‍ර සංඛ්‍යාවක් ලෙස දැක්වූ විට,~maths-07-t2-l10-ep02-q-3-a-1.png~~0
~~~~~~~~~~~~~~~maths-07-t2-l10-ep02-q-3-a-2.png~~0
~~~~~~~~~~~~~~~maths-07-t2-l10-ep02-q-3-a-3.png~~0
~~~~~~~~~~~~~~~maths-07-t2-l10-ep02-q-3-a-4.png~~1
~~~~~~~~~~~154~~~විෂම භාග පමණක් අඩංගු පිළතුර වන්නේ,~maths-07-t2-l10-ep02-q-4-a-1.png~~1
~~~~~~~~~~~~~~~maths-07-t2-l10-ep02-q-4-a-2.png~~0
~~~~~~~~~~~~~~~maths-07-t2-l10-ep02-q-4-a-3.png~~0
~~~~~~~~~~~~~~~maths-07-t2-l10-ep02-q-4-a-4.png~~0
~~~~~~~~~~~155~~maths-07-t2-l10-ep02-q-5.png~මෙම පිංතූරය මිශ්‍ර සංඛ්‍යාවක් ලෙස දැක්වූ විට,~maths-07-t2-l10-ep02-q-5-a-1.png~~0
~~~~~~~~~~~~~~~maths-07-t2-l10-ep02-q-5-a-2.png~~0
~~~~~~~~~~~~~~~maths-07-t2-l10-ep02-q-5-a-3.png~~1
~~~~~~~~~~~~~~~maths-07-t2-l10-ep02-q-5-a-4.png~~0
32~2017~7~maths-07-t2-l10-ep03~3~2~10~භාග~භාග සංසන්දනය~හරය සමාන භාග සංසන්දනය ,හරය සමාන නොවන භාග සංසන්දනය කරමින් අභ්‍යාස මඟින් ගැටලු සාකච්චා කිරීම.~1:00:00~156~~~1/10 , 2/5, 3/2 ආරෝහණ පිළිවෙලට සකස් කරන්න.~~1/10, 2/5, 3/2~0
~~~~~~~~~~~~~~~~2/5, 1/10, 3/2~0
~~~~~~~~~~~~~~~~2/5, 3/2, 1/10~0
~~~~~~~~~~~~~~~~3/2, 2/5, 1/10~1
~~~~~~~~~~~157~~~1/3, 1/5, 15/7, 12/11, 2/6 යන භාග සංඛ්‍යා වල විශාලම භාගය තෝරන්න.~~15/7~1
~~~~~~~~~~~~~~~~12/11~0
~~~~~~~~~~~~~~~~2/6~0
~~~~~~~~~~~~~~~~1/3~0
~~~~~~~~~~~158~~~කුඩාම භාගය තෝරන්න.~~1/3~0
~~~~~~~~~~~~~~~~1/5~1
~~~~~~~~~~~~~~~~2/6~0
~~~~~~~~~~~~~~~~12/11~0
~~~~~~~~~~~159~~~තුල්‍ය භාග තෝරන්න.~~1/3, 1/5~0
~~~~~~~~~~~~~~~~15/7, 12/11~0
~~~~~~~~~~~~~~~~1/3, 2/6~1
~~~~~~~~~~~~~~~~1/5, 15/7~0
~~~~~~~~~~~160~~~ඒකක භාගය සහිත පිළිතුර වන්නේ,~~1/5, 1/3~1
~~~~~~~~~~~~~~~~2/6, 1/3~0
~~~~~~~~~~~~~~~~2/6, 1/5~0
~~~~~~~~~~~~~~~~1/5, 2/6~0
33~2017~7~maths-07-t2-l10-ep04~4~2~10~භාග~මිශ්‍ර සංඛ්‍යා සංසන්දනය~පූර්ණ සංඛ්‍යා කොටස් අසමාන වන මිශ්‍ර සංඛ්‍යා හඳුනා ගනිමින්, මිශ්‍ර සංඛ්‍යා සංසන්දනය. පූර්ණ සංඛ්‍යා කොටස් සමාන මිශ්‍ර සංඛ්‍යා හඳුනාගෙන, ක්‍රම දෙකක් මඟින් මිශ්‍ර සංඛ්‍යා සංසන්දනය කිරීම. ගැටලු විසඳීම.~1:00:00~161~~~දී ඇති මිශ්‍ර සංඛ්‍යා ආශ්‍රිතව නිවැරදි පිළිතුර යටින් ඉරක් අඳින්න.~~4 1/3 < 5 1/3~1
~~~~~~~~~~~~~~~~2 ½  < 2 1/3~0
~~~~~~~~~~~~~~~~3 3/5 >  4 3/5~0
~~~~~~~~~~~~~~~~6 1/6 > 6 1/6~0
~~~~~~~~~~~162~~~මිශ්‍ර සංඛ්‍යා විශම භාග ලෙස ප්‍රකාශ කිරීමේ දී,~~හරයන් එක සමාන විය යුතු වේ~1
~~~~~~~~~~~~~~~~හරයන් වෙනස් විය යුතු වේ~0
~~~~~~~~~~~~~~~~හරය 1ට වඩා විශාල අගයක් විය යුතුය~0
~~~~~~~~~~~~~~~~ඉහත සියල්ල වැරදියි~0
~~~~~~~~~~~163~~~විශම භාගයක් මිශ්‍ර සංඛ්‍යාවක් ලෙස ප්‍රකාශ කිරීමේ දී,~~විශම භාගයේ ලවය හරයෙන් බෙදිය යුතු වේ~1
~~~~~~~~~~~~~~~~විශම භාගයේ හරය ලවයෙන් බෙදිය යුතු වේ~0
~~~~~~~~~~~~~~~~මිශ්‍ර සංඛ්‍යාවේ හරය ලෙස 5ට වැඩි සංඛ්‍යාවක් සෑම විටම වැඩි කල යුතු වේ~0
~~~~~~~~~~~~~~~~මිශ්‍ර සංඛ්‍යාවේ ලවය ලෙස 5ට වැඩි සංඛ්‍යාවක් සෑම විටම අඩු කල යුතු වේ~0
~~~~~~~~~~~164~~~  6 2/5 විශම භාගයක් ලෙස දැක්වූ විට,~~65/5~0
~~~~~~~~~~~~~~~~52/6~0
~~~~~~~~~~~~~~~~2/65~0
~~~~~~~~~~~~~~~~32/5~1
~~~~~~~~~~~165~~~43/5 මිශ්‍ර සංඛ්‍යාවක් ලෙස දැක්වූ විට,~~4 3/5~0
~~~~~~~~~~~~~~~~5    ~0
~~~~~~~~~~~~~~~~8 3/5~1
~~~~~~~~~~~~~~~~6 3/5~0
34~2017~7~maths-07-t2-l10-ep05~5~2~10~භාග~භාග එකතු කිරීම~හරය සමාන භාග එකතු කිරීම, හරය අසමාන භාග එකතු කිරීම.මිශ්‍ර සංඛ්‍යා එකතු කිරීම, හරය අසමාන මිශ්‍ර සංඛ්‍යා එකතු කිරීම සහ අභ්‍යාස මඟින් ගැටලු සාකච්චා කිරීම.~1:00:00~166~~~හරය සමාන භාග එකතු කිරීමේ දී,~~හරයන් වල එකතුව පිළිතුරෙහි හරයට ලැබේ.~0
~~~~~~~~~~~~~~~~එම හරයම පිළිතුරෙහි හරයට ලැබේ.~1
~~~~~~~~~~~~~~~~හරය කැමති පරිදි ලිවීමට අවස්ථාව ඇත.~0
~~~~~~~~~~~~~~~~හරයන් සහ ලවයන් සියල්ලම එකතු කර පිළිතුර ලබා ගනියි.~0
~~~~~~~~~~~167~~~3/7 + 1/7 හි පිළිතුර වන්නේ,~~4/7~1
~~~~~~~~~~~~~~~~4/14~0
~~~~~~~~~~~~~~~~31/7~0
~~~~~~~~~~~~~~~~31/14~0
~~~~~~~~~~~168~~~හරය අසමාන භාග එකතු කිරීමේ දී,~~හරයන් වල එකතුව පිළිතුරෙහි හරයට ලැබේ.~0
~~~~~~~~~~~~~~~~එම හරයන් දෙකෙන් කැමති හරයක් තෝරාගෙන පිළිතුරට ලිවිය හැක.~0
~~~~~~~~~~~~~~~~හරයන් කු.පො.ගු. මගින් සමාන කර ගත යුතුය.~1
~~~~~~~~~~~~~~~~ඉහත සියල්ලම වැරදිය.~0
~~~~~~~~~~~169~~~1/10 + 2/5 හි පිළිතුර වන්නේ,~~3/10~0
~~~~~~~~~~~~~~~~3 /5~0
~~~~~~~~~~~~~~~~5/10~1
~~~~~~~~~~~~~~~~5 / 5~0
~~~~~~~~~~~170~~~2/6 + 2/8 හි එකතුව වන්නේ,~~4/6~0
~~~~~~~~~~~~~~~~4/8~0
~~~~~~~~~~~~~~~~14/48~0
~~~~~~~~~~~~~~~~14/24~1
35~2017~7~maths-07-t2-l10-ep06~6~2~10~භාග~භාග අඩු කිරීම~අසමාන හරයන් සහිත භාග අඩු කිරීම. මිශ්‍ර සංඛ්‍යා අඩු කිරීම, අගය අභ්‍යාස සිදුකරමින් සෙවීම.~1:00:00~171~~~හරය සමාන භාග අඩු කිරීමේ දී,~~පළමු හරයෙන් දෙවෙනි හරය අඩුකර පිළිතුර ලබා ගනියි~0
~~~~~~~~~~~~~~~~හරය එකතු කර, ලවය එකතු කර පිළිතුර ලබා ගනියි~0
~~~~~~~~~~~~~~~~එම හරයම පිළිතුරෙහි හරයට ගෙන ලවය පමණක් අඩු කරනු ලැබේ~1
~~~~~~~~~~~~~~~~සියල්ල වැරදිය~0
~~~~~~~~~~~172~~~10/20 – 5/20 හි පිළිතුර වන්නේ,~~5/1~0
~~~~~~~~~~~~~~~~5/40~0
~~~~~~~~~~~~~~~~15/20~0
~~~~~~~~~~~~~~~~5/20~1
~~~~~~~~~~~173~~~15/40 – 5/20 හි පිළිතුර වන්නේ,~~10/40~0
~~~~~~~~~~~~~~~~5/40~1
~~~~~~~~~~~~~~~~10/20~0
~~~~~~~~~~~~~~~~½~0
~~~~~~~~~~~174~~~මිශ්‍ර සංඛ්‍යා අඩු කිරීමේ දී,~~පූර්ණ සංඛ්‍යා කොටස් වෙනම ද, භාගික කොටස් වෙනමද සුළු කරනු ලැබේ~0
~~~~~~~~~~~~~~~~මිශ්‍ර සංඛ්‍යා විශම භාග ලෙස සකස් කර අගය සෙවිය හැක~0
~~~~~~~~~~~~~~~~පූර්ණ සංඛ්‍යා කොටස් අඩු කිරීමෙන් පසු, භාගික කොටස් වල හරය සමාන කර සුළු කරනු ලැබේ~0
~~~~~~~~~~~~~~~~සියල්ල නිවැරදි වේ~1
~~~~~~~~~~~175~~~3 2/3 – 1 1/3 හි පිළිතුර වන්නේ,~~2 1/3~1
~~~~~~~~~~~~~~~~3 1/3~0
~~~~~~~~~~~~~~~~2 2/3~0
~~~~~~~~~~~~~~~~3 2/3~0
36~2017~7~maths-07-t2-l11-ep07~7~2~11~දශම~තත්‍ය භාග, දශම~හරය දහයේ බලයක් වන භාගයක් දශම සංඛ්‍යාවක් ලෙස ලිවීම , අභ්‍යාස සිදු කිරීම. ගණක රාමුවකින් නිරූපණය කිරීම. හරය දහයේ බලයක් නොවන තත්‍ය භාගයක් දශම සංඛ්‍යාවක් ලෙස ලිවීම ගැටලු සාකච්චා කිරීම.~1:00:00~176~~maths-07-t2-l11-ep07-q-1.png~මෙම පින්තූරයේ අඳුරු කල කොටස භාගයක් ලෙස දැක්වූ විට,~~1/6~1
~~~~~~~~~~~~~~~~01/05/22~0
~~~~~~~~~~~~~~~~1/3~0
~~~~~~~~~~~~~~~~¼~0
~~~~~~~~~~~177~~maths-07-t2-l11-ep07-q-2.png~රූපයේ අඳුරු කල කොටස දශම සංඛ්‍යාවක් ලෙස නිරූපනය කල විට,~~0.4~1
~~~~~~~~~~~~~~~~4.6~0
~~~~~~~~~~~~~~~~6.4~0
~~~~~~~~~~~~~~~~10.4~0
~~~~~~~~~~~178~~~0.002 භාගයක් ලෙස නිරූපනය කල විට ලැබෙන පිළිතුර වන්නේ,~~2/100~0
~~~~~~~~~~~~~~~~2/1000~1
~~~~~~~~~~~~~~~~2/10~0
~~~~~~~~~~~~~~~~2/10000~0
~~~~~~~~~~~179~~~8/1000 යනු 1/1000 ඒවා,~~1 කි~0
~~~~~~~~~~~~~~~~1000 කි~0
~~~~~~~~~~~~~~~~8 කි~1
~~~~~~~~~~~~~~~~0.008 කි~0
~~~~~~~~~~~180~~maths-07-t2-l11-ep07-q-5.png~පහත දක්වා ඇති ඝනකරාමුවෙන් නිරූපිත අගය වන්නේ,~~1.203~1
~~~~~~~~~~~~~~~~1.23~0
~~~~~~~~~~~~~~~~1203~0
~~~~~~~~~~~~~~~~123~0
37~2017~7~maths-07-t2-l11-ep08~8~2~11~දශම~මිශ්‍ර සංඛ්‍යා, දශම~මිශ්‍ර සංඛ්‍යාවක් දශම සංඛ්‍යාවක් ලෙස ලිවීම,ක්‍රම දෙකක් යටතේ විෂම භාගයක් දශම සංඛ්‍යාවක් ලෙස ලිවීම, දශම සංඛ්‍යාවක් භාගයක් ලෙස ලිවීම සහ ඒ හා සම්බන්ධ අභ්‍යාස සිදුකිරීම.~1:00:00~181~~~13/25 දශම සංඛ්‍යාවක් ලෙස දැක්වූ විට ලැබෙන පිළිතුර වන්නේ,~~13.25~0
~~~~~~~~~~~~~~~~25.13~0
~~~~~~~~~~~~~~~~0.52~1
~~~~~~~~~~~~~~~~5.2~0
~~~~~~~~~~~182~~~4 5/20 දශම සංඛ්‍යාවක් ලෙස දැක්වූ විට,~~4.25~1
~~~~~~~~~~~~~~~~4.025~0
~~~~~~~~~~~~~~~~4.205~0
~~~~~~~~~~~~~~~~4.25~0
~~~~~~~~~~~183~~~15/5 යන විශාල භාගය, දශම සංඛ්‍යාවකින් නිරූපණය කල විට,~~15.5~0
~~~~~~~~~~~~~~~~5.15~0
~~~~~~~~~~~~~~~~3.1~1
~~~~~~~~~~~~~~~~3.15~0
~~~~~~~~~~~184~~~0.5 භාගයක් ලෙස ගත් විට ලැබෙන පිළිතුර වන්නේ,~~5/10, 1/2~1
~~~~~~~~~~~~~~~~1/2, 5/100~0
~~~~~~~~~~~~~~~~1/2, 1/20~0
~~~~~~~~~~~~~~~~5/10, 5/100~0
~~~~~~~~~~~185~~~0.025 භාගයක් ලෙස ලිවීමෙන් පසු, සරලම ආකාරයෙන් ප්‍රකාශ කල විට,~~25/1000~0
~~~~~~~~~~~~~~~~25/100~0
~~~~~~~~~~~~~~~~¼~0
~~~~~~~~~~~~~~~~1/40~1
38~2017~7~maths-07-t2-l11-ep09~9~2~11~දශම~දශම සංඛ්‍යා ගුණ කිරීම, දශම සංඛ්‍යා බෙදීම~,දශම සංඛ්‍යාවක් පූර්ණ සංඛ්‍යාවකින් ගුණකිරීම,, ඒ හා සම්භන්ධ අභ්‍යාස සිදුකිරීම.දශම සංඛ්‍යාවක් 10න්,, 100න් හෝ 1000න්  ගුණකිරීම,,බෙදීම සහ දශම සංඛ්‍යාවක් පූර්ණ සංඛ්‍යාවකින් බෙදීම ල අභ්‍යාස සිදුකිරීම.~1:00:00~186~පහත දී ඇති එක් එක් ප්‍රකාශනයේ පිළිතුර සොයන්න.~~0.8 x 2~~0.16~0
~~~~~~~~~,~~~~~~~1.6~1
~~~~~~~~~~~~~~~~0.08~0
~~~~~~~~~~~~~~~~10.8~0
~~~~~~~~~~~187~~~28.1 x  100~~281~0
~~~~~~~~~~~~~~~~281~0
~~~~~~~~~~~~~~~~2810~1
~~~~~~~~~~~~~~~~28100~0
~~~~~~~~~~~188~~~32.8 ÷ 10~~3.28~1
~~~~~~~~~~~~~~~~3~0
~~~~~~~~~~~~~~~~0.32~0
~~~~~~~~~~~~~~~~0.0328~0
~~~~~~~~~~~189~~~6.45 ÷ 5~~1.9~0
~~~~~~~~~~~~~~~~1.09~0
~~~~~~~~~~~~~~~~1.28~0
~~~~~~~~~~~~~~~~1.29~1
~~~~~~~~~~~190~~~84.6 ÷ 100~~0.846~1
~~~~~~~~~~~~~~~~8.46~0
~~~~~~~~~~~~~~~~8460~0
~~~~~~~~~~~~~~~~84600~0
39~2017~7~maths-07-t2-l12-ep10~10~2~12~වීජීය ප්‍රකාශන~වීජීය ප්‍රකාශන හැඳින්වීම~වීජීය ප්‍රකාශනයක් යනු කුමක්දැයි හඳුනාගෙන, වීජීය ප්‍රකාශන ගොඩනැගීම,  අඥාතයේ සංගුණකය භාගයක් වන වීජීය ප්‍රකාශන ගොඩනැගීම සහ අභ්‍යාස සිදුකිරීම.~1:00:00~191~~~අගය නොදන්නා සංඛ්‍යාවක් දැක්වීමට x යන සංකේතය යොදා ගෙන එම සංඛ්‍යාව මෙන් 5 ගුණයක් විශාල සංඛ්‍යාව පෙන්වීමට ලිවිය හැකි වීජීය ප්‍රකාශනය වන්නේ,~~X + 5~0
~~~~~~~~~~~~~~~~5 + x~0
~~~~~~~~~~~~~~~~5x~1
~~~~~~~~~~~~~~~~X5~0
~~~~~~~~~~~192~~~ඉහත 1 හි නොදන්නා සංඛ්‍යාව මෙන් තුන් ගුණයකට 10ක් එකතු කල විට ලැබෙන අගය වන්නේ,~~X + 3 + 10~0
~~~~~~~~~~~~~~~~3x + 10~1
~~~~~~~~~~~~~~~~3 + 10x~0
~~~~~~~~~~~~~~~~13 + x~0
~~~~~~~~~~~193~~~1m = 100m වේ. ලෑල්ලක දිග මීටර 2ක් හා සෙන්ටිමීටර y ප්‍රමාණයක් වැඩි නම්, කළු ලෑල්ලේ දිග සෙන්ටිමීටර වලින් දැක්වීමට සුදුසු ප්‍රකාශනය තෝරන්න.~~200 + y~1
~~~~~~~~~~~~~~~~2 + y~0
~~~~~~~~~~~~~~~~100 + 2 + y~0
~~~~~~~~~~~~~~~~200 y~0
~~~~~~~~~~~194~~~ඉහත (3) කළු ලෑල්ලේ දිගට වඩා පළල 50 cm අඩුය. එසේ නම් පළල සඳහා සුදුසු ප්‍රකාශනය වන්නේ,~~200 + y – 50~1
~~~~~~~~~~~~~~~~2 + y – 50~0
~~~~~~~~~~~~~~~~100 + 2 + y – 50~0
~~~~~~~~~~~~~~~~200 y – 50~0
~~~~~~~~~~~195~~~මවක් තමන්ගේ ඉඩම් 03ක්, එක් ඉඩමක් රුපියල් R බැගින් විකුණා ලැබෙන මුදල ඇයගේ දරුවන් දෙදෙනා අතර බෙදා දෙන ලදී. එක් ළමයෙකුට ලැබෙන මුදල් ප්‍රමාණය දැක්වීමට සමීකරණයක් ගොඩනැගූ විට ලැබෙන පිළිතුර වන්නේ,~~3 + R/2~0
~~~~~~~~~~~~~~~~2R x 3~0
~~~~~~~~~~~~~~~~2R / 3~0
~~~~~~~~~~~~~~~~3R / 2~1
40~2017~7~maths-07-t2-l12-ep11~11~2~12~වීජීය ප්‍රකාශන~අඥාත පද දෙකක් සහිත වීජීය ප්‍රකාශන ගොඩනැගීම~අඥාත පදයක් සහිත ලඅඥාත පද දෙකක් සහිත වීජීය ප්‍රකාශන හඳුනාගෙන ගොඩනැගීම හා සුළු කිරීමග  සජාතීය වීජීය පද, විජාතීය පද හඳුනාගෙන, වීජීය ප්‍රකාශන පද සුළු කිරීම. වීජීය ප්‍රකාශනයක එක් එක් අඥාතය සඳහා දී ඇති අගයන් ආදේශයෙන් එක් එක් ප්‍රකාශනයේ අගය සෙවීම.~1:00:00~196~පහත දැක්වෙන වීජීය පද ඇතුලත් ප්‍රකාශනය සහිත පිළිතුර තෝරා යටින් ඉරක් අඳින්න~~සීනි 1g 1ක් රු. x බැගින්, කිලෝග්‍රෑම් 2 ග්‍රෑම් 500 ද, පිටි 1 Kg රු. a බැගින් 250g ක් ද, තේ කොල 1Kg රු. m බැගින් 500g ද මිලදී ගන්නේ නම්, ඒ සඳහා වැය වූ මුදල වීජීය ප්‍රකාශනයකින්,~~x + a + m~0
~~~~~~~~~~~~~~~~2x + a +2m~0
~~~~~~~~~~~~~~~~2x + x/2 + a/4 + m/2~1
~~~~~~~~~~~~~~~~2x + x/2 + 4a + m~0
~~~~~~~~~~~197~~~පොල් ගෙඩියක් රු. y බැගින් පොල්ගෙඩි 5ක් ද, තැඹිලි ගෙඩියක් රු. z බැගින් ගෙඩි 10ක් ද, වෙළෙන්දෙක් දිනක් තුල විකුණුවේ නම්, ඔහුට දවස අවසානයේ ලැබෙන ආදායම කොපමණ ද?~~5+y + 10 +z~0
~~~~~~~~~~~~~~~~5y + 10 + z~0
~~~~~~~~~~~~~~~~5+y + 10z~0
~~~~~~~~~~~~~~~~5y + 10z~1
~~~~~~~~~~~198~~maths-07-t2-l12-ep11-q-3.png~පහත තල රූපවල පරිමිතිය සරල වීජීය ප්‍රකාශනයක් ලෙස දක්වන්න~~9x + 27~1
~~~~~~~~~~~~~~~~15x + 14~0
~~~~~~~~~~~~~~~~9x + 17~0
~~~~~~~~~~~~~~~~15x + 9~0
~~~~~~~~~~~199~~maths-07-t2-l12-ep11-q-4.png~පහත තල රූපවල පරිමිතිය සරල වීජීය ප්‍රකාශනයක් ලෙස දක්වන්න~~22x + 8y~0
~~~~~~~~~~~~~~~~32x – 8y~1
~~~~~~~~~~~~~~~~32x – 16y~0
~~~~~~~~~~~~~~~~22x + 16y~0
~~~~~~~~~~~200~~maths-07-t2-l12-ep11-q-5.png~පහත තල රූපවල පරිමිතිය සරල වීජීය ප්‍රකාශනයක් ලෙස දක්වන්න~~4x – 3~0
~~~~~~~~~~~~~~~~16x + 12~0
~~~~~~~~~~~~~~~~16x – 3~0
~~~~~~~~~~~~~~~~16x -12~1
41~2017~7~maths-07-t2-l13-ep12~12~2~13~ස්කන්ධය~ස්කන්ධය මනින ඒකක~ස්කන්ධය මනින ඒකක හඳුනා ගැනීම. ග්රෑම්වලින් දී ඇති ස්කන්ධයක් මිලි ග්රෑම්වලින් දැක්වීම, මිලි ග්රෑම්වලින් දී ඇති ස්කන්ධයක් ග්රෑම්වලින් දැක්වීම , අභ්‍යාස සිදුකිරීම.~1:00:00~201~බර මනින ඒකක අතර සම්බන්ධතාවය නිවැරදිව දක්වා ඇති පිළිතුර තෝරන්න.~~a. 1kg = 1000g , b. 1g = 1000mg , c. 1kg = 1000 000mg , d. 1mg = 1/1000g~~a පමණක් නිවැරදියි~0
~~~~~~~~~~~~~~~~a හා b නිවැරදියි~0
~~~~~~~~~~~~~~~~a හා c නිවැරදියි~0
~~~~~~~~~~~~~~~~ඉහත සියල්ල නිවැරදියි~1
~~~~~~~~~~~202~~~8g 750mg මිලි ග්‍රෑම් වලින් දැක්වූ විට,~~8750mg~1
~~~~~~~~~~~~~~~~8.750mg~0
~~~~~~~~~~~~~~~~87.5mg~0
~~~~~~~~~~~~~~~~8750g~0
~~~~~~~~~~~203~~~3000mg, ග්‍රෑම් වලින් දැක්වූ විට ලැබෙන පිළිතුර වන්නේ,~~30g~0
~~~~~~~~~~~~~~~~300g~0
~~~~~~~~~~~~~~~~0.3g~0
~~~~~~~~~~~~~~~~3g~1
~~~~~~~~~~~204~~~6384mg, ග්‍රෑම් හා මිලිග්‍රෑම් වලින් සඳහන් පිළිතුර තෝරන්න.~~6g 384mg~1
~~~~~~~~~~~~~~~~63g 84mg~0
~~~~~~~~~~~~~~~~638g 4mg~0
~~~~~~~~~~~~~~~~0.638mg~0
~~~~~~~~~~~205~~~5 ½ g, mg වලින් දක්වන්න.~~5.2mg~0
~~~~~~~~~~~~~~~~5200mg~0
~~~~~~~~~~~~~~~~5.5mg~0
~~~~~~~~~~~~~~~~5500mg~1
42~2017~7~maths-07-t2-l13-ep13~13~2~13~ස්කන්ධය~ස්කන්ධ එකතු කිරීම, අඩු කිරීම , බෙදීම හා ගුණ කිරීම~මිලිග්රෑම් සහ ග්රෑම්වලින් දැක්වෙන ස්කන්ධ එකතු කිරීම සහ අඩු කිරීම. ස්කන්ධයක් පූර්ණ සංඛ්‍යාවකින් ගුණ කිරීම සහ බෙදීම , ස්කන්ධ නිමානය.~1:00:00~206~එකතු කරන්න.~~8g 385mg + 3g 885mg~~11g  1270mg~0
~~~~~~~~~~~~~~~~11g  270mg~0
~~~~~~~~~~~~~~~~12g 1270mg~0
~~~~~~~~~~~~~~~~12g  270mg~1
~~~~~~~~~~~207~අඩු කරන්න.~~450g 50mg – 159g  60mg~~290g 990mg~1
~~~~~~~~~~~~~~~~291g 990mg~0
~~~~~~~~~~~~~~~~290g 10mg~0
~~~~~~~~~~~~~~~~291g 90mg~0
~~~~~~~~~~~208~සුළු කරන්න.~~5g 725mg × 8~~40g  5800mg~0
~~~~~~~~~~~~~~~~45g  800mg~1
~~~~~~~~~~~~~~~~405800g~0
~~~~~~~~~~~~~~~~45800g~0
~~~~~~~~~~~209~පෝෂණ මල්ලක පහත පරිදි සංඝටක අඩංගු බව කවරයේ සඳහන් වේ. ප්‍රෝටීන් 64.5g, මේදය 35.45g, කාබෝහයිඩ්‍රේට් 50.7g~~ඉහත ද්‍රව්‍ය වල ස්කන්ධය සොයන්න.~~150.65g~1
~~~~~~~~~~~~~~~~15.065g~0
~~~~~~~~~~~~~~~~1506.5g~0
~~~~~~~~~~~~~~~~15065g~0
~~~~~~~~~~~210~සුළු කර අගය සොයන්න.~~1750mg ÷ 5~~350g~0
~~~~~~~~~~~~~~~~350mg~1
~~~~~~~~~~~~~~~~35g~0
~~~~~~~~~~~~~~~~35mg~0
43~2017~7~maths-07-t2-l14-ep14~14~2~14~සරළ රේඛීය තල රූප~බහුඅශ්‍ර~බහු අස්‍රයක් යනු කුමක්දැයි හඳුනාගෙන එහි පාද සංඛ්‍යාව, කෝණ සංඛ්‍යාව, ශීර්ෂ සංඛ්‍යාව සෙවීම. උත්තල බහු අස්‍ර සහ අවතල බහු අස්‍ර හඳුනා ගැනීම.~1:00:00~211~~~පාද තුනකින් සමන්විත, පාද හතරකින් සමන්විත හා පාද පහකින් සමන්විත බහු අස්‍ර හඳුන්වන නම් පිළිවෙලින්,~~ත්‍රිකෝණය, පංචාස්‍රය, චතුරස්‍රය~0
~~~~~~~~~~~~~~~~ත්‍රිකෝණය, චතුරස්‍රය, පංචාස්‍රය~1
~~~~~~~~~~~~~~~~චතුරස්‍රය, ත්‍රිකෝණය, පංචාස්‍රය~0
~~~~~~~~~~~~~~~~ත්‍රිකෝණය, පංචාස්‍රය, ෂඩස්‍රය~0
~~~~~~~~~~~212~~~උත්තල බහු අස්‍ර සම්බන්ධව නිවැරදි වාක්‍ය තෝරන්න.~~බහු අස්‍රයේ ඕනෑම ලක්ෂ්‍ය දෙකක් යා කරන රේඛා දිගින් සමාන වේ.~0
~~~~~~~~~~~~~~~~බහු අස්‍රයේ කෝණ සියල්ලන්ගේම අගය සමාන වේ.~0
~~~~~~~~~~~~~~~~බහු අස්‍රයේ එක් කෝණයක්වත් පරාවර්ථ කෝණයක් නොවේ.~1
~~~~~~~~~~~~~~~~බහු අස්‍රයේ එක් කෝණයක් හෝ පරාවර්ථ කෝණයක් වේ.~0
~~~~~~~~~~~213~~maths-07-t2-l14-ep14-q-3.png~මෙය කුමන ආකාරයේ බහු අස්‍රයක් ද?~~අවතල බහු අස්‍රයක්~0
~~~~~~~~~~~~~~~~උත්තල බහු අස්‍රයක්~1
~~~~~~~~~~~~~~~~චතුරස්‍රයක්~0
~~~~~~~~~~~~~~~~සවිධි බහු අස්‍රයක්~0
~~~~~~~~~~~214~~maths-07-t2-l14-ep14-q-4.png~මෙම රූපයේ ඇත්තේ කුමන ආකාරයේ බහු අස්‍රයක් ද?~~අවතල බහු අස්‍රයක්~1
~~~~~~~~~~~~~~~~උත්තල බහු අස්‍රයක්~0
~~~~~~~~~~~~~~~~පංචාස්‍රයක්~0
~~~~~~~~~~~~~~~~සවිධි බහු අස්‍රයක්~0
~~~~~~~~~~~215~~~අවතල බහු අස්‍රයක තිබිය හැකි අවම පාද ගණන කීයද?~~1 කි.~0
~~~~~~~~~~~~~~~~2කි.~0
~~~~~~~~~~~~~~~~3කි.~1
~~~~~~~~~~~~~~~~4කි.~0
44~2017~7~maths-07-t2-l14-ep15~15~2~14~සරළ රේඛීය තල රූප~සවීධි බහු අශ්‍ර~සවිධි බහු අස්‍රයක් යනු කුමක්දැයි හඳුනාගෙන ,සවිධි ත්‍රිකෝණය,සවිධි චතුරසය,සවිධි පංචාස්‍රය,සවිධි ෂඩස්‍රය එකින් එක පැහැදිලි කිරීම. රොම්බසය,ඍජුකෝණාස්‍රය සවිධි බහු අස්‍රයක් නොවන බව අධ්‍යනය කිරීම.~1:00:00~216~~~සවිධි බහු අස්‍රයක් ලෙස යම් සංවෘත රූපයක් නම් කිරීමට සපුරාලිය යුතු කරුණ කුමක් ද?~~පාද හා කෝණ වල අගය සමාන විය යුතුය.~1
~~~~~~~~~~~~~~~~පාද සමාන නමුත් කෝණ අසමාන විය යුතුය.~0
~~~~~~~~~~~~~~~~පාද හා කෝණවල අගය විවිධ විය යුතුය.~0
~~~~~~~~~~~~~~~~සියල්ල වැරදිය.~0
~~~~~~~~~~~217~~maths-07-t2-l14-ep15-q-2.png~මෙම සමපාද ත්‍රිකෝණයේ අගයන් විය හැක්කේ,~~600, 600, 600~1
~~~~~~~~~~~~~~~~800, 800, 200~0
~~~~~~~~~~~~~~~~500, 500, 500~0
~~~~~~~~~~~~~~~~600, 800, 700~0
~~~~~~~~~~~218~~~පාද හයම දිගින් එකිනෙකට සමාන, කෝණ හයම විශාලත්වයෙන් සමාන බහු අස්‍රය කිනම් නමකින් හැඳින්වේ ද?~~සවිධි පංචාස්‍රය~0
~~~~~~~~~~~~~~~~සවිධි ෂඩස්‍රය~1
~~~~~~~~~~~~~~~~සවිධි අෂ්ටාස්‍රය~0
~~~~~~~~~~~~~~~~සවිධි රොම්බසය~0
~~~~~~~~~~~219~~maths-07-t2-l14-ep15-q-4.png~රොම්බසය පිළිබඳ නිවැරදි වගන්තිය තෝරන්න.~~එය සවිධි බහු අස්‍රයක් නොවේ.~1
~~~~~~~~~~~~~~~~එය සවිධි බහු අස්‍රයක් වේ.~0
~~~~~~~~~~~~~~~~එහි පාද සියල්ලේ දිග සමාන වේ.~0
~~~~~~~~~~~~~~~~එහි කෝණවල විශාලත්වය අසමාන වේ.~0
~~~~~~~~~~~220~~maths-07-t2-l14-ep15-q-5.png~සෘජුකෝණාස්‍රයක් සවිධි බහු අස්‍රයක් නොවීමට හේතු මොනවා ද?~~එහි පාද හා කෝණ සමාන බැවින්~0
~~~~~~~~~~~~~~~~පාද සමාන උවද කෝණ අසමාන බැවින්~0
~~~~~~~~~~~~~~~~කෝණ සමාන උවද පාද අසමාන බැවින්~1
~~~~~~~~~~~~~~~~ඉහත කිසිවක් නොවේ~0
45~2017~7~maths-07-t2-l14-ep16~16~2~14~සරළ රේඛීය තල රූප~ත්‍රිකෝණ~ත්‍රිකෝණයේ පාද , කෝණ නම් කරමින් පාදවල දිග අනුව ත්‍රිකෝණ වර්ගීකරණය කිරීම. සමපාද ත්‍රිකෝණය,සමද්විපාද ත්‍රිකෝණය,විෂම ත්‍රිකෝණය හැඳින්වීම. කෝණවල විශාලත්වය අනුව ත්‍රිකෝණ වර්ගීකරණය කිරීමෙන් සුළු කෝණී ත්‍ර්‍රිකෝණය,ඍජු කෝණී ත්‍රිකෝණය,මහා කෝණී ත්‍රිකෝණය හඳුනා ගැනීම.අභ්‍යාස සිදුකිරීම.~1:00:00~221~~maths-07-t2-l14-ep16-q-1.png~පහත දී ඇති ත්‍රිකෝණයේ පාද හඳුනාගන්න.~~PQ, QR, PR~1
~~~~~~~~~~~~~~~~PQ, PR, RP~0
~~~~~~~~~~~~~~~~QR, PR, RQ~0
~~~~~~~~~~~~~~~~QP, QR, PQ~0
~~~~~~~~~~~222~~maths-07-t2-l14-ep16-q-2.png~මෙම ත්‍රිකෝණයේ කෝණ තුන නිවැරදිව දක්වා ඇත්තේ,~~PQR, PRQ, QRP~0
~~~~~~~~~~~~~~~~QRP, RPQ, PQR~1
~~~~~~~~~~~~~~~~QPR, RPQ, QRP~0
~~~~~~~~~~~~~~~~PRQ, QRP, QPR~0
~~~~~~~~~~~223~~~AB = 4cm, BC = 4cm, AC = 4cm ලෙස ත්‍රිකෝණයක පාද තුනේ දිග දක්වා ඇත. මෙය කුමන ආකාරයේ ත්‍රිකෝණයක් ද හඳුනාගන්න.~~සමද්වීපාද ත්‍රිකෝණයක්~0
~~~~~~~~~~~~~~~~සෘජුකෝණී ත්‍රිකෝණයක්~0
~~~~~~~~~~~~~~~~මහාකෝණී ත්‍රිකෝණයක්~0
~~~~~~~~~~~~~~~~සමපාද ත්‍රිකෝණයක්~1
~~~~~~~~~~~224~~~KLM යනු සමද්වීපාද ත්‍රිකෝණයක් නම්, KL = 5cm, LM = 3cm වන විට MK පාදයේ දිග සඳහා සුදුසු දිග වන්නේ,~~4cm~0
~~~~~~~~~~~~~~~~6cm~0
~~~~~~~~~~~~~~~~3cm~1
~~~~~~~~~~~~~~~~8cm~0
~~~~~~~~~~~225~~~පාදවල දිග 5.6cm, 6.5cm, 7.5cm වන ත්‍රිකෝණය පාද අනුව කුමන වර්ගයකට අයත් වේද?~~සමපාද ත්‍රිකෝණය~0
~~~~~~~~~~~~~~~~සමද්වීපාද ත්‍රිකෝණය~0
~~~~~~~~~~~~~~~~විෂමපාද ත්‍රිකෝණය~1
~~~~~~~~~~~~~~~~මහාකෝණ ත්‍රිකෝණය~0
46~2017~7~maths-07-t2-l15-ep17~17~2~15~සමීකරණ හා සූත්‍ර~සමීකරණ හා සූත්‍ර හැඳින්වීම~සමීකරණ හා සරල සමීකරණ හඳුනා ගැනීම,වීජීය ප්‍රකාශන සුළුකිරීම.  සමීකරණ ගොඩනැගීම හා වීජීය ප්‍රකාශන ගොඩ නැගීම අභ්‍යාස සිදුකිරීම.~1:00:00~226~~~12x - 8x + 4x අගය සොයන්න.~~24x~0
~~~~~~~~~~~~~~~~8x~1
~~~~~~~~~~~~~~~~0~0
~~~~~~~~~~~~~~~~16x~0
~~~~~~~~~~~227~~~අඹ ගෙඩි එකක මිල රු. x නම් අඹ ගෙඩි 10ක මිල කීයද?~~x + 10~0
~~~~~~~~~~~~~~~~10 + x~0
~~~~~~~~~~~~~~~~1 + 10x~0
~~~~~~~~~~~~~~~~10x~1
~~~~~~~~~~~228~~~M යන සංඛ්‍යාවෙන් 20ක් අඩු කල විට ලැබෙන පිළිතුර 12 වේ. මෙය සරල සමීකරණයක් මගින් දැක්වූ විට,~~M20 – 12~0
~~~~~~~~~~~~~~~~20M – 12~0
~~~~~~~~~~~~~~~~M – 20 = 12~1
~~~~~~~~~~~~~~~~20 – M – 12~0
~~~~~~~~~~~229~පහත සඳහන් වාක්‍යවලට වීජීය ප්‍රකාශන ගොඩනගන්න.~~x සංඛ්‍යාවේ දෙගුණයට 5ක් එකතු කල විට පිළිතුර 28 වේ.~~x2 + 5 + 28~0
~~~~~~~~~~~~~~~~2x + 5 = 28~1
~~~~~~~~~~~~~~~~2x + 28 = 5~0
~~~~~~~~~~~~~~~~x2 x 5 = 28~0
~~~~~~~~~~~230~~~Y සංඛ්‍යාවේ තුන් ගුණයට 4ක් එකතු කර දෙකෙන් බෙදූවිට පිළිතුර 9 වේ.~~3y + 4 ÷ 2 = 9~1
~~~~~~~~~~~~~~~~3 ÷ y + 4 + 2 = 9~0
~~~~~~~~~~~~~~~~3y x 2 ÷ 4 = 9~0
~~~~~~~~~~~~~~~~3y x 4 ÷ 2 = 9~0
47~2017~7~maths-07-t2-l15-ep18~18~2~15~සමීකරණ හා සූත්‍ර~සමීකරණ විසඳීම~සරල සමීකරණ විසඳීම සහ අභ්‍යාස සිදුකිරීම.~1:00:00~231~පහත සඳහන් සමීකරණ විසඳා අඥාතයේ අගය සොයන්න.~~8b = 64 නම් b හි අගය,~~b = 6~0
~~~~~~~~~~~~~~~~b = 7~0
~~~~~~~~~~~~~~~~b = 8~1
~~~~~~~~~~~~~~~~b = 9~0
~~~~~~~~~~~232~~~7x – 3 = 18 නම් x හි අගය,~~x = 3~1
~~~~~~~~~~~~~~~~x = 4~0
~~~~~~~~~~~~~~~~x = 5~0
~~~~~~~~~~~~~~~~x = 6~0
~~~~~~~~~~~233~~~12y + 2 = 50 නම්, y හි අගය,~~y = 3~0
~~~~~~~~~~~~~~~~y = 4~1
~~~~~~~~~~~~~~~~y = 5~0
~~~~~~~~~~~~~~~~y = 2~0
~~~~~~~~~~~234~~~3x + 4x + 8 = 50 නම්, x හි අගය,~~x = 6~1
~~~~~~~~~~~~~~~~x = 5~0
~~~~~~~~~~~~~~~~x = 7~0
~~~~~~~~~~~~~~~~x = 8~0
~~~~~~~~~~~235~~~4p + 2p – p – 5 = 25 නම්, p හි අගය,~~p = 4~0
~~~~~~~~~~~~~~~~p = 5~0
~~~~~~~~~~~~~~~~p = 6~1
~~~~~~~~~~~~~~~~p = 7~0
48~2017~7~maths-07-t2-l15-ep19~19~2~15~සමීකරණ හා සූත්‍ර~සූත්‍ර~සූත්‍ර ගොඩනැගීම සහ අභ්‍යාස සිදුකිරීම.~1:00:00~236~පහත සඳහන් ප්‍රශ්න කියවා සමීකරණ ගොඩනගන්න.~~සෘජුකෝණාස්‍රයක දිග k ද, පළල m ද නම්, පරිමිතිය සඳහා ප්‍රකාශනයක් ගොඩනගන්න.~~k + m~0
~~~~~~~~~~~~~~~~2k + m~0
~~~~~~~~~~~~~~~~k + 2m~0
~~~~~~~~~~~~~~~~2(k + m)~1
~~~~~~~~~~~237~~~සමපාද ත්‍රිකෝණයක පැත්තක දිග p නම්, පරිමිතිය සඳහා ප්‍රකාශනයක් ගොඩනගන්න.~~p3~0
~~~~~~~~~~~~~~~~3p~1
~~~~~~~~~~~~~~~~1 + 1 + p~0
~~~~~~~~~~~~~~~~2p~0
~~~~~~~~~~~238~~~පැන්සලක මිල p ද, මකනයක මිල q ද, පොතක මිල r ද වේ නම්, පොත් දෙකයි, පැන්සලයි, මකනයයි මිල දී ගැනීමට අවශ්‍ය මුදල සඳහා ප්‍රකාශනයක් ගොඩනගන්න.~~2r + p + q~1
~~~~~~~~~~~~~~~~2rpq~0
~~~~~~~~~~~~~~~~2r x p x q~0
~~~~~~~~~~~~~~~~2r + 2p + 2q~0
~~~~~~~~~~~239~~~නිමල්ගේ වයස A ද, කමල්ගේ වයස B ද, වන අතර දෙදෙනාගේම වයස් වල එකතුව තුනෙන් බෙදූවිට අමල්ගේ වයස C ලැබේ. අමල්ගේ වයස සඳහා ප්‍රකාශනයක් ගොඩනගන්න.~~C = A + B / 3~1
~~~~~~~~~~~~~~~~C = 3A + B~0
~~~~~~~~~~~~~~~~C = A + 3B~0
~~~~~~~~~~~~~~~~C = A + 3B / 2~0
~~~~~~~~~~~240~~maths-07-t2-l15-ep19-q-5.png~මෙම රූපයේ පරිමිතිය සෙවීමට ප්‍රකාශනයක් ගොඩනගන්න.~~a + x + y + b + z~0
~~~~~~~~~~~~~~~~2a + x + y + b + z~1
~~~~~~~~~~~~~~~~a + y + 2b + z~0
~~~~~~~~~~~~~~~~2a + 2x + 2y + 2b + 2z~0
49~2017~7~maths-07-t2-l15-ep20~20~2~15~සමීකරණ හා සූත්‍ර~උදාහරණ ගැටලු~සූත්‍රයක අඩංගු විචල්‍ය සඳහා සංඛ්‍යාත්මක අගය ආදේශ කිරීම. සරල සමීකරණ විසඳීම. ගැලීම් සටහන් වල ප්‍රතිලෝම ගැලීම් සටහන් ඇඳීම. අභ්‍යාස සිදුකිරීම.~1:00:00~241~පහත සඳහන් සූත්‍රවල අඩංගු විචල්‍ය සඳහා සංඛ්‍යාත්මක අගයන් ආදේශ කර අගය සොයන්න.( a = 5, x = 3, m = 2, y = 4, u = 6, b = 8)~~S = xy + b~~20~1
~~~~~~~~~~~~~~~~15~0
~~~~~~~~~~~~~~~~24~0
~~~~~~~~~~~~~~~~18~0
~~~~~~~~~~~242~~~V = u + 2am~~20~0
~~~~~~~~~~~~~~~~25~0
~~~~~~~~~~~~~~~~26~1
~~~~~~~~~~~~~~~~23~0
~~~~~~~~~~~243~~~K = 6x + 3y + 1/7~~3~0
~~~~~~~~~~~~~~~~4~1
~~~~~~~~~~~~~~~~5~0
~~~~~~~~~~~~~~~~6~0
~~~~~~~~~~~244~~~T = b/2 (2a + m)~~48~0
~~~~~~~~~~~~~~~~50~0
~~~~~~~~~~~~~~~~62~0
~~~~~~~~~~~~~~~~72~1
~~~~~~~~~~~245~~~R = 3u + 2m (b + a)~~286~1
~~~~~~~~~~~~~~~~100~0
~~~~~~~~~~~~~~~~256~0
~~~~~~~~~~~~~~~~300~0
50~2017~7~maths-07-t2-l16-ep21~21~2~16~දිග~දිග මනින ඒකක~දිග මනින ඒකක හඳුනාගෙන , අභ්‍යාස සිදුකිරීම. දිග ආශ්‍රිත මිනුම් එකතු කිරීම හා අඩු කිරීම.~1:00:00~246~~~දිග මනින ඒකක පමණක් ඇති පිළිතුර තෝරා යටින් ඉරක් අඳින්න.~~mm , cm, m~1
~~~~~~~~~~~~~~~~cm, Kg, m~0
~~~~~~~~~~~~~~~~Km, cm, g~0
~~~~~~~~~~~~~~~~mg, mm, cm~0
~~~~~~~~~~~247~~~රබර් ගසක වට ප්‍රමාණය ලබා ගැනීමට සුදුසු ඒකකය තෝරන්න.~~mm~0
~~~~~~~~~~~~~~~~cm~1
~~~~~~~~~~~~~~~~Km~0
~~~~~~~~~~~~~~~~m~0
~~~~~~~~~~~248~~~12cm 7mm , ඒකක පරිවර්තනය කල විට ලැබෙන පිළිතුර තෝරා යටින් ඉරක් අඳින්න.~~127cm~0
~~~~~~~~~~~~~~~~127m~0
~~~~~~~~~~~~~~~~12.7cm~1
~~~~~~~~~~~~~~~~12.7m~0
~~~~~~~~~~~249~~~මීටර 1ක් සෙන්ටිමීටර කොපමණද?~~10cm~0
~~~~~~~~~~~~~~~~100cm~1
~~~~~~~~~~~~~~~~1000cm~0
~~~~~~~~~~~~~~~~10000cm~0
~~~~~~~~~~~250~~~කිලෝමීටර 1ක් මීටර කොපමණද?~~10m~0
~~~~~~~~~~~~~~~~100m~0
~~~~~~~~~~~~~~~~1000m~1
~~~~~~~~~~~~~~~~110m~0
51~2017~7~maths-07-t2-l16-ep22~22~2~16~දිග~ගුණ කිරීම බෙදීම~දිග මිනුම් ගුණ කිරීම හා බෙදීම මඟින් අභ්‍යාස සිදුකිරීම.~1:00:00~251~~~5.4cm මිලිමීටර වලින් දැක්වූ විට,~~54mm~1
~~~~~~~~~~~~~~~~504mm~0
~~~~~~~~~~~~~~~~540mm~0
~~~~~~~~~~~~~~~~5.4mm~0
~~~~~~~~~~~252~~~1350m කිලෝමීටර වලින් දැක් වූ විට,~~13.50Km~0
~~~~~~~~~~~~~~~~1.350km~1
~~~~~~~~~~~~~~~~135.0km~0
~~~~~~~~~~~~~~~~13km~0
~~~~~~~~~~~253~~~3.420km මීටර වලින් දැක්වූ විට,~~3420m~1
~~~~~~~~~~~~~~~~320m~0
~~~~~~~~~~~~~~~~34.20m~0
~~~~~~~~~~~~~~~~3.420m~0
~~~~~~~~~~~254~~~5m 25cm + 2m 15cm සුළු කරන්න.~~7m 40cm~1
~~~~~~~~~~~~~~~~720cm~0
~~~~~~~~~~~~~~~~740m~0
~~~~~~~~~~~~~~~~74m~0
~~~~~~~~~~~255~~~6.70m – 2.25m සුළු කරන්න.~~44.5m~0
~~~~~~~~~~~~~~~~4.45cm~0
~~~~~~~~~~~~~~~~4.45m~1
~~~~~~~~~~~~~~~~44.5cm~0
52~2017~7~maths-07-t2-l16-ep23~23~2~16~දිග~පරිමිතිය~පරිමිතිය හැඳින්වීම. විශම පාද , සමපාද  ත්‍රිකෝණයක , සමචතුරස්‍රයක , ඍජුකෝණාස්‍රයක , පංචාස්‍රයක පරිමිතිය සෙවීම. දී ඇති රූපවල පරිමිතිය සෙවීම . අභ්‍යාස සිදුකිරීම.~1:00:00~256~පහත දී ඇති රූපවල පරිමිතිය ගණනය කරන්න.~maths-07-t2-l16-ep23-q-1.png~~~32cm~0
~~~~~~~~~~~~~~~~38cm~1
~~~~~~~~~,~~~~~~~30cm~0
~~~~~~~~~~~~~~~~34cm~0
~~~~~~~~~~~257~පහත දී ඇති රූපවල පරිමිතිය ගණනය කරන්න.~maths-07-t2-l16-ep23-q-2.png~~~31cm~1
~~~~~~~~~~~~~~~~17cm~0
~~~~~~~~~~~~~~~~27cm~0
~~~~~~~~~~~~~~~~30cm~0
~~~~~~~~~~~258~පහත දී ඇති රූපවල පරිමිතිය ගණනය කරන්න.~maths-07-t2-l16-ep23-q-3.png~~~13.5cm~0
~~~~~~~~~~~~~~~~20.5cm~0
~~~~~~~~~~~~~~~~22.5cm~1
~~~~~~~~~~~~~~~~15.5cm~0
~~~~~~~~~~~259~පහත දී ඇති රූපවල පරිමිතිය ගණනය කරන්න.~maths-07-t2-l16-ep23-q-4.png~~~15cm~0
~~~~~~~~~~~~~~~~20cm~0
~~~~~~~~~~~~~~~~23cm~0
~~~~~~~~~~~~~~~~24cm~1
~~~~~~~~~~~260~පහත දී ඇති රූපවල පරිමිතිය ගණනය කරන්න.~maths-07-t2-l16-ep23-q-5.png~~~24cm~1
~~~~~~~~~~~~~~~~21cm~0
~~~~~~~~~~~~~~~~20cm~0
~~~~~~~~~~~~~~~~23cm~0
53~2017~7~maths-07-t2-l17-ep24~24~2~17~වර්ගඵලය~වර්ගඵලය හැඳින්වීම, වර්ගඵල සඳහා සූත්‍ර~වර්ගඵලය හැඳින්වීම , වර්ගඵලය මැනීමට භාවිත කරන ඒකක සහ සමචතුරස්‍රයක වර්ගඵලය සහ ඍජුකෝණාස්‍රයක වර්ගඵලය සඳහා සූත්‍ර අධ්‍යනය කිරීම.~1:00:00~261~~~වර්ගඵලය මැනීමට සුදුසු ඒකක ඇතුලත් පිළිතුර තෝරන්න.~~m2, cm, km~0
~~~~~~~~~,~~~~~~~m2, km2, cm2~1
~~~~~~~~~~~~~~~~km, m, cm~0
~~~~~~~~~~~~~~~~mm, cm, km2~0
~~~~~~~~~~~262~~~ලේන්සුවක වර්ගඵලය මැනීමට සුදුසු ඒකකය තෝරන්න.~~cm2~1
~~~~~~~~~~~~~~~~m2~0
~~~~~~~~~~~~~~~~mm2~0
~~~~~~~~~~~~~~~~km2~0
~~~~~~~~~~~263~~~පංති කාමරයක වර්ගඵලය 150cm2 නම්, එහි දිගට සහ පළලට සුදුසු අගයන් දෙකක් නිර්මාණය කරන්න.~~දිග 15m පළල 10m~0
~~~~~~~~~~~~~~~~දිග 15cm පළල 10cm~1
~~~~~~~~~~~~~~~~දිග 10cm පළල 15m~0
~~~~~~~~~~~~~~~~දිග 10m පළල 15cm~0
~~~~~~~~~~~264~~maths-07-t2-l17-ep24-q-4.png~ඉහත රූපයේ ඇති එක් කොටුවක් 1 cm2 ක් ලෙස ගත්විට, විශාල කොටුවේ වර්ගඵලය කොපමණද?~~36cm~0
~~~~~~~~~~~~~~~~36cm2~1
~~~~~~~~~~~~~~~~30cm~0
~~~~~~~~~~~~~~~~30cm2~0
~~~~~~~~~~~265~~maths-07-t2-l17-ep24-q-5.png~අඳුරු කල කොටුවේ වර්ගඵලය කොපමණ ද?~~4cm2~0
~~~~~~~~~~~~~~~~4cm~0
~~~~~~~~~~~~~~~~8cm2~1
~~~~~~~~~~~~~~~~8cm~0
54~2017~7~maths-07-t2-l17-ep25~25~2~17~වර්ගඵලය~සංයුක්ත තල රූපවල වර්ගඵලය~සංයුක්ත තල රූපවල වර්ගඵලය ක්‍රම දෙකක් ඔස්සේ සෙවීම. දී ඇති රූපවල වර්ගඵලය සෙවීම. අභ්‍යාස සිදුකිරීම.~1:00:00~266~පහත දක්වා ඇති සංයුක්ත රූපවල වර්ගඵලය සොයන්න.~maths-07-t2-l17-ep25-q-1.png~~~30cm2~0
~~~~~~~~~~~~~~~~23cm2~0
~~~~~~~~~~~~~~~~25cm2~0
~~~~~~~~~~~~~~~~28cm2~1
~~~~~~~~~~~267~~maths-07-t2-l17-ep25-q-2.png~~~43cm2~1
~~~~~~~~~~~~~~~~25cm2~0
~~~~~~~~~~~~~~~~32cm2~0
~~~~~~~~~~~~~~~~40cm2~0
~~~~~~~~~~~268~~maths-07-t2-l17-ep25-q-3.png~~~52cm2~0
~~~~~~~~~~~~~~~~111cm2~1
~~~~~~~~~~~~~~~~100cm2~0
~~~~~~~~~~~~~~~~68cm2~0
~~~~~~~~~~~269~~maths-07-t2-l17-ep25-q-4.png~~~80cm2~1
~~~~~~~~~~~~~~~~26cm2~0
~~~~~~~~~~~~~~~~42cm2~0
~~~~~~~~~~~~~~~~50cm2~0
~~~~~~~~~~~270~~maths-07-t2-l17-ep25-q-5.png~~~31cm2~1
~~~~~~~~~~~~~~~~21cm2~0
~~~~~~~~~~~~~~~~41cm2~0
~~~~~~~~~~~~~~~~51cm2~0
55~2017~7~maths-07-t2-l18-ep26~26~2~18~වෘත්ත~වෘත්ත ඇඳීම~වෘත්තාකාර හැඩය සහිත විවිධ ද්‍රව්‍යය භාවිතයෙන් වෘත්ත ඇඳීම හා කවකටුව ආධාරයෙන් වෘත්ත ඇඳීම. වෘත්තයක කේන්ද්‍රය, අරය සහ විෂ්කම්භය හඳුනාගැනීම.~1:00:00~271~~maths-07-t2-l18-ep26-q-1.png~මෙම වෘත්තයේ කේන්ද්‍රය නම් කර ඇති අක්ෂරය කුමක් ද?~~B~0
~~~~~~~~~~~~~~~~D~0
~~~~~~~~~~~~~~~~C~1
~~~~~~~~~~~~~~~~A~0
~~~~~~~~~~~272~~maths-07-t2-l18-ep26-q-2.png~මෙම වෘත්තය තුළ පමණක් ඇති ලක්ෂ්‍ය තෝරන්න.~~A, C~1
~~~~~~~~~~~~~~~~A, B~0
~~~~~~~~~~~~~~~~C, D~0
~~~~~~~~~~~~~~~~C, E~0
~~~~~~~~~~~273~~maths-07-t2-l18-ep26-q-3.png~මෙම වෘත්තය මත පමණක් ඇති ලක්ෂ්‍ය තෝරන්න.~~A, B~0
~~~~~~~~~~~~~~~~C, D~0
~~~~~~~~~~~~~~~~A, D~0
~~~~~~~~~~~~~~~~B, D~1
~~~~~~~~~~~274~~~වෘත්ත නිර්මාණය කිරීමේදී මේ අතුරින් භාවිතා කල හැකි උපකරණය කුමක් ද?~~කෝණමානය~0
~~~~~~~~~~~~~~~~කවකටුව~1
~~~~~~~~~~~~~~~~විහිත චතුරස්‍රය~0
~~~~~~~~~~~~~~~~අඩිකෝදුව~0
~~~~~~~~~~~275~~~වෘත්තය මත ලක්ෂ්‍යයක සිට කේන්ද්‍රයට අඳින රේඛාව හඳුන්වන නම කුමක් ද?~~අරය~1
~~~~~~~~~~~~~~~~විශ්කම්භය~0
~~~~~~~~~~~~~~~~පරිධිය~0
~~~~~~~~~~~~~~~~ලම්භ සමච්ඡේදය~0
56~2017~7~maths-07-t2-l19-ep27~27~2~19~පරිමාව~පරිමාව හැඳින්වීම, මැනීම (අභිමත ඒකක භාවිතයෙන්)~පරිමාව යනු  කුමක්දැයි හඳුනාගෙන,පරිමාව මැනීම.~1:00:00~276~~~පහත දී ඇති සූත්‍ර ඇසුරින් වස්තුවක පරිමාව සෙවීමට භාවිතා කරන සූත්‍රය කුමක්ද?~~දිග x පළල x උස~1
~~~~~~~~~~~~~~~~දිග x පළල~0
~~~~~~~~~~~~~~~~උස x දිග~0
~~~~~~~~~~~~~~~~පළල x උස x ගැඹුර~0
~~~~~~~~~~~277~~~පරිමාව දැක්වීමට යොදා ගත හැකි නිවැරදි ඒකකය කුමක් ද?~~m~0
~~~~~~~~~~~~~~~~cm3~1
~~~~~~~~~~~~~~~~m2~0
~~~~~~~~~~~~~~~~cm~0
~~~~~~~~~~~278~~~1cm3 කුඩා ඝනක 10කින් ලැබෙන පරිමාව කොපමණද?~~3cm~0
~~~~~~~~~~~~~~~~30cm~0
~~~~~~~~~~~~~~~~30cm3~1
~~~~~~~~~~~~~~~~30cm2~0
~~~~~~~~~~~279~~maths-07-t2-l19-ep27-q-4.png~මෙම ඝනකාභ හැඩැති පෙට්ටියේ පරිමාව සොයන්න.~~17cm~0
~~~~~~~~~~~~~~~~17cm2~0
~~~~~~~~~~~~~~~~60cm2~0
~~~~~~~~~~~~~~~~60cm3~1
~~~~~~~~~~~280~~~පතුලේ වර්ගඵලය 400cm2 වන මාළු ටැංකියක උස 15cm නම්, එම ටැංකියේ ජල පරිමාව සොයන්න.~~415cm2~0
~~~~~~~~~~~~~~~~415cm3~0
~~~~~~~~~~~~~~~~6000cm3~1
~~~~~~~~~~~~~~~~5500cm3~0
57~2017~7~maths-07-t2-l19-ep28~28~2~19~පරිමාව~පරිමාව මනින සම්මත ඒකක~පරිමාව මනින සම්මත ඒකක හඳුනාගෙන , අභ්‍යාස සිදුකිරීම.~1:00:00~281~දී ඇති රූපවල පරිමාව වෙන වෙනම ගණනය කරන්න.~maths-07-t2-l19-ep28-q-1.png~~~400cm3~0
~~~~~~~~~~~~~~~~500cm3~0
~~~~~~~~~~~~~~~~680cm3~0
~~~~~~~~~~~~~~~~480cm3~1
~~~~~~~~~~~282~~maths-07-t2-l19-ep28-q-2.png~~~58cm3~0
~~~~~~~~~~~~~~~~60cm3~1
~~~~~~~~~~~~~~~~75cm3~0
~~~~~~~~~~~~~~~~62cm3~0
~~~~~~~~~~~283~~maths-07-t2-l19-ep28-q-3.png~~~1000cm3~0
~~~~~~~~~~~~~~~~970cm3~0
~~~~~~~~~~~~~~~~1200cm3~1
~~~~~~~~~~~~~~~~1500cm3~0
~~~~~~~~~~~284~~maths-07-t2-l19-ep28-q-4.png~~~250cm3~1
~~~~~~~~~~~~~~~~150cm3~0
~~~~~~~~~~~~~~~~300cm3~0
~~~~~~~~~~~~~~~~200cm3~0
~~~~~~~~~~~285~~maths-07-t2-l19-ep28-q-5.png~~~2000cm3~0
~~~~~~~~~~~~~~~~1500cm3~0
~~~~~~~~~~~~~~~~2500cm3~0
~~~~~~~~~~~~~~~~1000cm3~1
58~2017~7~maths-07-t2-l20-ep29~29~2~20~ද්‍රව මිනුම්~ද්‍රව මිනුම් ගුණ කිරීම~ද්‍රව ප්‍රමාණ මැනීම සඳහා භාවිත වන ඒකක හඳුනාගෙන , අභ්‍යාස සිදුකිරීම. මිලිලීටර හා ලීටරවලින් ප්‍රකාශිත ද්‍රව ප්‍රමාණයක්, පූර්ණ සංඛ්‍යාවකින් ගුණ කිරීම.~1:00:00~286~පොල්තෙල්, කිරි වැනි ද්‍රව ප්‍රමාණ නිවැරදිව මැන ගැනීමට භාවිතා කලහැකි ඒකක මොනවාද?~~a. ලීටර , b. යාර , c. මිලිලීටර , d. මිලිමීටර~~a හා b වේ.~0
~~~~~~~~~~~~~~~~b හා c වේ.~0
~~~~~~~~~~~~~~~~a හා c වේ.~1
~~~~~~~~~~~~~~~~b හා d වේ.~0
~~~~~~~~~~~287~~~ලීටර හා මිලිලීටර අතර නිවැරදි සම්බන්ධතාවය සහිත පිළිතුර තෝරන්න.~~1ml = 1000l~0
~~~~~~~~~~~~~~~~1l = 1000ml~1
~~~~~~~~~~~~~~~~1l = 100ml~0
~~~~~~~~~~~~~~~~100ml = 1/1000l~0
~~~~~~~~~~~288~~~8.6l මිලිලීටර වලින් දැක්වූ විට,~~86000ml~0
~~~~~~~~~~~~~~~~860ml~0
~~~~~~~~~~~~~~~~860.0ml~0
~~~~~~~~~~~~~~~~8600ml~1
~~~~~~~~~~~289~~~6849ml, ලීටර හා මිලිලීටර වලින් දැක්වූ විට,~~6l 849ml~1
~~~~~~~~~~~~~~~~68l 49ml~0
~~~~~~~~~~~~~~~~6l 8490ml~0
~~~~~~~~~~~~~~~~689l 40ml~0
~~~~~~~~~~~290~~~6l 470ml x 5 විසඳන්න.~~30l 2350ml~0
~~~~~~~~~~~~~~~~32l 350ml~1
~~~~~~~~~~~~~~~~302350ml~0
~~~~~~~~~~~~~~~~31 2350ml~0
59~2017~7~maths-07-t2-l20-ep30~30~2~20~ද්‍රව මිනුම්~ද්‍රව මිනුම් බෙදීම~මිලිලීටර හා ලීටරවලින් ප්‍රකාශිත ද්‍රව ප්‍රමාණයක් පූර්ණ සංඛ්‍යාවකින් බෙදීම. අභ්‍යාස සිදුකිරීම.~1:00:00~291~~~5l 500ml ප්‍රමාණය l වලින් දක්වන්න.~~5500l~0
~~~~~~~~~~~~~~~~5.5l~1
~~~~~~~~~~~~~~~~55l~0
~~~~~~~~~~~~~~~~5005l~0
~~~~~~~~~~~292~~~10l තෙල් ප්‍රමාණයකින් 250ml කුප්පි කොපමණ පිරවිය හැකි ද?~~40~1
~~~~~~~~~~~~~~~~4~0
~~~~~~~~~~~~~~~~25~0
~~~~~~~~~~~~~~~~400~0
~~~~~~~~~~~293~~~බීම බෝතලයක ඇති ප්‍රමාණය 375ml කි. එවැනි බෝතල් 12 ක අඩංගු බීම ප්‍රමාණය කොපමණ ද?~~4.5l~1
~~~~~~~~~~~~~~~~45l~0
~~~~~~~~~~~~~~~~4500l~0
~~~~~~~~~~~~~~~~450ml~0
~~~~~~~~~~~294~~~කෝප්පයකට අල්ලන ජල පරිමාව 350ml වේ. 3.5l වලින් එවැනි කෝප්ප කීයක් පිරවිය හැකි ද?~~10~1
~~~~~~~~~~~~~~~~11~0
~~~~~~~~~~~~~~~~100~0
~~~~~~~~~~~~~~~~110~0
~~~~~~~~~~~295~~~යෝගට් එකක කිරි 80ml අඩංගු වේ. කිරි 4l කින් සෑදිය හැකි යෝගට් ගණන කීය ද?~~20~0
~~~~~~~~~~~~~~~~10~0
~~~~~~~~~~~~~~~~30~0
~~~~~~~~~~~~~~~~50~1
60~2017~7~maths-07-t3-l21-ep01~1~3~21~අනුපාත~තුල්‍ය අනුපාත~අනුපාත සහ තුල්‍ය අනුපාත යනු  කුමක්දැයි හඳුනාගෙන, උදාහරණ මඟින් පෙන්වාදීම.අනුපාතයක විශේෂ ලක්ෂණ දැක්වීම, අනුපාතයක් සරල ම ආකාරයෙන් දැක්වීම ගැටලු විසඳීම.~1:00:00~296~~~අනුපාත සඳහා අදාල නොවන්නේ,~~රාශින් අතර සංඛ්‍යාත්මක සම්බන්ධයක් පවතී.~0
~~~~~~~~~~~~~~~~රාශින් එකම ඒකකයකින් දක්වයි.~0
~~~~~~~~~~~~~~~~රාශි දෙකක් හෝ ඊට වැඩි ගණනක් පැවතිය හැක.~0
~~~~~~~~~~~~~~~~රාශින් අතර සංඛ්‍යාත්මක සම්බන්ධයක් පැවතිම අනිවාර්ය නොවේ.~1
~~~~~~~~~~~297~~~අනුපාත භාවිත කරන අවස්ථාවක් නොවන්නේ,~~තේ කෝප්පයක් පිළියෙළ කිරීමේ දී.~0
~~~~~~~~~~~~~~~~පිටි මිශ්‍රණයක් සෑදීමේ දී.~0
~~~~~~~~~~~~~~~~පොතක සටහන් ලිවීමේ දී.~1
~~~~~~~~~~~~~~~~කොන්ක්‍රීට් මිශ්‍රණයක් සෑදීමේ දී.~0
~~~~~~~~~~~298~~~12 : 9 : 24 හි සරලම අනුපාතය වන්නේ,~~4 : 3  : 8~1
~~~~~~~~~~~~~~~~2 : 3  : 4~0
~~~~~~~~~~~~~~~~6  : 9  : 12~0
~~~~~~~~~~~~~~~~2  : 3  : 12~0
~~~~~~~~~~~299~~~පැණි බීම මිශ්‍රණයක් සෑදීමට ජලය ලීටර් 2ක් හා පළතුරු යුශ  මිලිලීටර් 500ක් යොදයි. මෙය සරලම අනුපාතයකින් දක්වන්න.~~2 ( 5~0
~~~~~~~~~~~~~~~~4  : 5~0
~~~~~~~~~~~~~~~~4  : 1~1
~~~~~~~~~~~~~~~~1  : 4~0
~~~~~~~~~~~300~~~5 : 2 සඳහා තුල්‍ය අනුපාතයක් වන්නේ,~~10 ( 6~0
~~~~~~~~~~~~~~~~15 : 8~0
~~~~~~~~~~~~~~~~20 ( 6~0
~~~~~~~~~~~~~~~~10 : 4~1
61~2017~7~maths-07-t3-l21-ep02~2~3~21~අනුපාත~බෙදා දැක්වීම, මුළු ප්‍රමාණය, අනෙක් ද්‍රව්‍ය වලට අදාළ ප්‍රමාණය සෙවීම~අනුපාතයකට අනුව බෙදා දැක්වීම, අභ්‍යාස සිදුකිරීම.~1:00:00~301~~~පන්තියක සිටින ළමුන් වන A, B, C තිදෙනා අතර යම් මුදලක් 4 : 5 : 2 අනුපාතයට බෙදනු ලබයි. Aට ලැබුණු මුදල 400ක් නම් මූළු මුදල කීයද?~~රුපියල් 200 කි.~0
~~~~~~~~~~~~~~~~රුපියල් 500 කි.~0
~~~~~~~~~~~~~~~~රුපියල් 1000 කි.~0
~~~~~~~~~~~~~~~~රුපියල් 1100 කි.~1
~~~~~~~~~~~302~~~ පැන්සල් 15 ක් ළමයි දෙදෙනෙක් අතර 3 : 2 අනුපාතයට බෙදනු ලබයි. ළමුන් දෙදෙනාට ලැබෙන පැන්සල් ගණන වන්නේ,~~පැන්සල් 9 ක් හා 6 කි.~1
~~~~~~~~~~~~~~~~පැන්සල් 15 ක් හා 10 කි.~0
~~~~~~~~~~~~~~~~පැන්සල් 7ක් හා 8 කි.~0
~~~~~~~~~~~~~~~~පැන්සල් 3 ක් හා 12 කි.~0
~~~~~~~~~~~303~~~ ටොෆි යම් ප්‍රමාණයක් A, B, C ක්‍  අතර 5 : 2 : 1 අනුපාතයට බෙදනු ලබයි. B ට ලැබුණු ටොෆි ගණන 8ක් නම් A ට  ලැබුණු ටොෆි ගණන කීය ද?~~20 කි.~1
~~~~~~~~~~~~~~~~05 කි.~0
~~~~~~~~~~~~~~~~10 කි.~0
~~~~~~~~~~~~~~~~18 කි.~0
~~~~~~~~~~~304~~~ ගසක අතු දෙකක කුරුල්ලන් 2 : 3 අනුපාතයට වසාසිටී. එක් අත්තක කුරුල්ලන් 15ක් සිටීනම් අනෙක් අත්තේ සිටින කුරැල්ලන් ගණන කීයද?~~5 කි.~0
~~~~~~~~~~~~~~~~8 කි.~0
~~~~~~~~~~~~~~~~10 කි.~1
~~~~~~~~~~~~~~~~7 කි.~0
~~~~~~~~~~~305~~~නිවසක බිත්ති දෙකක සම්පූර්ණයෙන් ආලේප කිරීමට යොදන තීන්ත ප්‍රමාණය 2 : 5 වේ. කුඩා බිත්තියේ ලීටර් 4ක් ආලේප කළයුතු නම් අනෙක් බිත්තියේ ආලේප කළයුතු තීන්ත ප්‍රමාණය කොපමණ ද?~~ලීටර් 5 කි.~0
~~~~~~~~~~~~~~~~ලීටර් 7 කි.~0
~~~~~~~~~~~~~~~~ලීටර් 10 කි.~1
~~~~~~~~~~~~~~~~ලීටර් 4 කි.~0
62~2017~7~maths-07-t3-l21-ep03~3~3~21~අනුපාත~උදාහරණ ගැටලු~අනුපාතයකට අනුව බෙදා දැක්වීම තවදුරටත්. තුල්‍ය අනුපාත ලියා දැක්වීම.  ගැටලු සාකච්චා  කිරීම.~1:00:00~306~~~හාල්, සීනි, පිටි වල මිල රුපියල් 50 ,100, 150 වේ. මෙහි සරලම මිල අනුපාතය වන්නේ,~~5 : 10 : 15~0
~~~~~~~~~~~~~~~~1 : 2 : 3~1
~~~~~~~~~~~~~~~~2  : 3  : 1~0
~~~~~~~~~~~~~~~~3 : 2 : 1~0
~~~~~~~~~~~307~~~අයෙක් රැකියාවට පැමිණීමේ දී පා ගමනින්, බස්රථයෙන් හා දුම්රියෙන් 1 : 3 : 2  ලෙස දුර පසු කරයි. ඔහු පසුකරන මූළු දුර කිලෝමීටර් 24ක් නම් බස්රථයෙන් පැමිණෙන දුර කොපමණ ද?~~කිලෝමීටර් 10 කි.~0
~~~~~~~~~~~~~~~~කිලෝමීටර් 12 කි.~1
~~~~~~~~~~~~~~~~කිලෝමීටර් 8 කි.~0
~~~~~~~~~~~~~~~~කිලෝමීටර් 4 කි.~0
~~~~~~~~~~~308~~~පන්තියක සිටින පිරිමි සහ ගැහැණු ළමුන් අතර අනුපාතය 3 : 4 වේ. පන්තියේ සිටින පිරිමි ළමුන් ගණන 21 ක් නම්, ගැහැණු ළමුන් සංඛ්‍යාව කොපමණ ද?~~28 කි.~1
~~~~~~~~~~~~~~~~20 කි.~0
~~~~~~~~~~~~~~~~19 කි.~0
~~~~~~~~~~~~~~~~21 කි.~0
~~~~~~~~~~~309~~~  පැන්සල් පෙට්ටියක කලු සහ නිල් පෑන් අතර අනුපාතය 1 : 5 වේ. නිල් පෑන් ගණන 10ක් නම් කලු පෑන් ගණන වන්නේ,~~2 කි.~1
~~~~~~~~~~~~~~~~4 කි.~0
~~~~~~~~~~~~~~~~3 කි.~0
~~~~~~~~~~~~~~~~5 කි.~0
~~~~~~~~~~~310~~~ 2 : 3 : 4 අනුපාතයට තුල්‍ය අනුපාතයක් වන්නේ,~~4 : 9 : 7~0
~~~~~~~~~~~~~~~~12 : 20 : 42~0
~~~~~~~~~~~~~~~~8 : 12 : 16~0
~~~~~~~~~~~~~~~~24 : 36 : 48~1
63~2017~7~maths-07-t3-l22-ep04~4~3~22~ ප්‍රතිශත~ප්‍රතිශත හැඳින්වීම, හරය 100 නොවන භාග ප්‍රතිශත ලෙස~ප්‍රතිශත සංකල්පය හැඳින්වීම. වචනයෙන් ලියා ඇති ප්‍රමාණ  ප්‍රතිශතයක් ලෙස, ප්‍රතිශතය භාගයක්  ලෙස දැක්වීම.  හරය 100 නොවන භාග ප්‍රතිශත ලෙස දැක්වීම.~1:00:00~311~~~ ¼ ප්‍රතිශතයක් ලෙස දක්වන්නේ,~~50%~0
~~~~~~~~~~~~~~~~25%~1
~~~~~~~~~~~~~~~~30%~0
~~~~~~~~~~~~~~~~75%~0
~~~~~~~~~~~312~~~¾ ප්‍රතිශතයක් ලෙස දක්වන්නේ,~~50%~0
~~~~~~~~~~~~~~~~25%~0
~~~~~~~~~~~~~~~~30%~0
~~~~~~~~~~~~~~~~75%~1
~~~~~~~~~~~313~~~ 2 ½   ප්‍රතිශතයක් ලෙස දක්වන්නේ,~~250%~1
~~~~~~~~~~~~~~~~150%~0
~~~~~~~~~~~~~~~~100%~0
~~~~~~~~~~~~~~~~75%~0
~~~~~~~~~~~314~~maths-07-t3-l22-ep04-q-4.png~ඉහත රූපයේ අඳුරුකළ කොටස භාගයක් ලෙස,~maths-07-t3-l22-ep04-q-4-a-1.png~~1
~~~~~~~~~~~~~~~maths-07-t3-l22-ep04-q-4-a-2.png~~0
~~~~~~~~~~~~~~~maths-07-t3-l22-ep04-q-4-a-3.png~~0
~~~~~~~~~~~~~~~maths-07-t3-l22-ep04-q-4-a-4.png~~0
~~~~~~~~~~~315~~maths-07-t3-l22-ep04-q-5.png~ ඉහත රූපයේ අඳුරුකළ ප්‍රතිශතයක් ලෙස,~~50%~0
~~~~~~~~~~~~~~~~25%~1
~~~~~~~~~~~~~~~~30%~0
~~~~~~~~~~~~~~~~75%~0
64~2017~7~maths-07-t3-l22-ep05~5~3~22~ ප්‍රතිශත~දශම ප්‍රතිශත ලෙස~හරය 100 නොවන භාග ප්‍රතිශත ලෙස දැක්වීම තවදුරටත්. දශම සංඛ්‍යාව භාගයක් ලෙස, හරය 100 ලෙස,  ප්‍රතිශතයක් ලෙස දැක්වීම. 100 න් ගුණ කිරීමෙන් ප්‍රතිශත ලබා ගැනීම.අභ්‍යාස සිදුකිරීම.~1:00:00~316~~~පන්තියක සිටින ළමුන් 40කගෙන් 36 දෙනෙකු පාසල් පැමිණ තිබුණි. එය ප්‍රතිශතයක් ලෙස,~~80%~0
~~~~~~~~~~~~~~~~90%~1
~~~~~~~~~~~~~~~~75%~0
~~~~~~~~~~~~~~~~85%~0
~~~~~~~~~~~317~~~4 ප්‍රතිශතයක් ලෙස,~~3.4%~0
~~~~~~~~~~~~~~~~34%~0
~~~~~~~~~~~~~~~~340%~1
~~~~~~~~~~~~~~~~0.34%~0
~~~~~~~~~~~318~~~ එක්තරා විභාගයට මුහුණදුන් සිසුන්ගෙන් 60%ක් සමත් වී තිබේ. සහභාගි වූ සිසුන් ගණන 50ක් නම් විභාගය සමත් සිසුන් ගණන කොපමණද?~~30~1
~~~~~~~~~~~~~~~~20~0
~~~~~~~~~~~~~~~~15~0
~~~~~~~~~~~~~~~~25~0
~~~~~~~~~~~319~~~ පෑන් පෙට්ටියක සෑම පෑන් 10කින් 1ක් ලියවෙන්නේ නැත. පෑන් පෙටිටියේ පෑන් 100ක් ඇත්නම් නොලියවෙන පෑන් ගණන කීයද?~~පෑන් 8කි~0
~~~~~~~~~~~~~~~~පෑන් 6කි~0
~~~~~~~~~~~~~~~~පෑන් 10කි~1
~~~~~~~~~~~~~~~~පෑන් 5කි~0
~~~~~~~~~~~320~~~ බෝතලයක ඇති ටීක් බෝල 50කින් 30ක් නිල් බෝල වේ. මෙහි නිල් බෝල ප්‍රතිශතය වන්නේ,~~60%~1
~~~~~~~~~~~~~~~~30%~0
~~~~~~~~~~~~~~~~75%~0
~~~~~~~~~~~~~~~~25%~0
65~2017~7~maths-07-t3-l22-ep06~6~3~22~ ප්‍රතිශත~උදාහරණ ගැටලු~වචනයෙන් ලියා ඇති ප්‍රමාණ ප්‍රතිශතයක් ලෙස, භාග ප්‍රතිශතයක් ලෙස, ප්‍රතිශත භාගයක් ලෙස , දශම සංඛ්‍යා භාග ලෙස, දශම සංඛ්‍යා  ප්‍රතිශතයක් ලෙස ලියා උදාහරණ ගැටලු සාකච්ඡා  කිරීම.~1:00:00~321~~~පලතුරු වට්ටියක ගෙඩි 75කින් 15ක් ඉදී ඇත. ඉදී ඇති පලතුරු ගණන ප්‍රතිශතයක් වශයෙන්,~~20%~1
~~~~~~~~~~~~~~~~30%~0
~~~~~~~~~~~~~~~~50%~0
~~~~~~~~~~~~~~~~25%~0
~~~~~~~~~~~322~~~ පැළ තවානක සෑම පැළ 10 කට 2ක් ම විනාශ වේ. පැළ තවානේ  පැළ 120ක් තිබුණි නම් විනාශ වූ පැළ ගණන ප්‍රතිශතයක් ලෙස,~~20%~1
~~~~~~~~~~~~~~~~30%~0
~~~~~~~~~~~~~~~~50%~0
~~~~~~~~~~~~~~~~25%~0
~~~~~~~~~~~323~~~ 85% දශම සංඛ්‍යාවක් ලෙස,~~8.5~0
~~~~~~~~~~~~~~~~0.85~1
~~~~~~~~~~~~~~~~8.50~0
~~~~~~~~~~~~~~~~0.085~0
~~~~~~~~~~~324~~~ පුද්ගලයෙක් සිය වැටුපෙන් 70% ක් වියදම් සඳහා යොදවා ඉතිරිය බැංකුවේ තැන්පත් කරනු ලබයි. තැන්පත් කරන මුදල රුපියල් 20,000 නම් ඔහුගේ වැටුප වන්නේ,~~රුපියල් 60,000~0
~~~~~~~~~~~~~~~~රුපියල් 50,000~0
~~~~~~~~~~~~~~~~රුපියල් 80,000~1
~~~~~~~~~~~~~~~~රුපියල් 70,000~0
~~~~~~~~~~~325~~~වත්තක තේ හා රබර් වගා කර ඇත. ඉඩමෙන් 75% වගාකර ඇත්තේ රබර් වන අතර එය අක්කර 15කි. තේ වගාකර ඇති ප්‍රමාණය කොපමණ ද?~~අක්කර 10 කි~0
~~~~~~~~~~~~~~~~අක්කර 13 කි~0
~~~~~~~~~~~~~~~~අක්කර 5 කි~1
~~~~~~~~~~~~~~~~අක්කර 15 කි~0
66~2017~7~maths-07-t3-l23-ep07~7~3~23~කාටිසීය තලය~ස්ථානයක පිහිටීම~ස්ථානයක පිහිටීම හා නියත ලක්ෂ්‍යයක් ඇසුරින් තවත් ලක්ෂ්‍යයක පිහිටීම නිරීක්ෂණය කිරීම. කාටිසීය තලය හැඳින්වීම.කාටිසීය තලය මත ලක්ෂ්‍යයක් ඛණ්ඩාංක මඟින් හඳුනා ගැනීම.~1:00:00~326~~maths-07-t3-l23-ep07-q-1.png~A ලක්ෂයේ ලක්ෂ කණ්ඩාංකය වන්නේ,~~(3 , 1)~0
~~~~~~~~~~~~~~~~(1 , 3)~1
~~~~~~~~~~~~~~~~(1 ,2)~0
~~~~~~~~~~~~~~~~(2 ,1)~0
~~~~~~~~~~~327~~maths-07-t3-l23-ep07-q-2.png~ E ලක්ෂයේ ලක්ෂ කණ්ඩාංකය වන්නේ,~~(4 , 1)~0
~~~~~~~~~~~~~~~~(1 , 5)~0
~~~~~~~~~~~~~~~~(1 ,6)~0
~~~~~~~~~~~~~~~~(6 ,1)~1
~~~~~~~~~~~328~~maths-07-t3-l23-ep07-q-3.png~ D ලක්ෂයේ ලක්ෂ කණ්ඩාංකය වන්නේ,~~(6 , 5)~0
~~~~~~~~~~~~~~~~(5 , 6)~1
~~~~~~~~~~~~~~~~(1 ,6)~0
~~~~~~~~~~~~~~~~(6 ,1)~0
~~~~~~~~~~~329~~maths-07-t3-l23-ep07-q-4.png~ (2 ,2)  කණ්ඩාංකයෙන් දැක්වෙන්නේ,~~A~0
~~~~~~~~~~~~~~~~B~1
~~~~~~~~~~~~~~~~C~0
~~~~~~~~~~~~~~~~D~0
~~~~~~~~~~~330~~maths-07-t3-l23-ep07-q-5.png~ (7 ,5) කණ්ඩාංකයෙන් දැක්වෙන්නේ,~~A~0
~~~~~~~~~~~~~~~~E~0
~~~~~~~~~~~~~~~~D~0
~~~~~~~~~~~~~~~~F~1
67~2017~7~maths-07-t3-l23-ep08~8~3~23~කාටිසීය තලය~කාටිසීය තලය මත ලකුණු කිරීම~කාටිසීය තලය මත ලක්ෂ්‍ය ලකුණු කිරීම. අභ්‍යාස  සිදුකිරීම. ගැටලු සාකච්ඡා  කිරීම.~1:00:00~331~~maths-07-t3-l23-ep08-q-1.png~(1 ,3) කණ්ඩාංකයෙන් දැක්වෙන්නේ,~~A~1
~~~~~~~~~~~~~~~~E~0
~~~~~~~~~~~~~~~~D~0
~~~~~~~~~~~~~~~~C~0
~~~~~~~~~~~332~~maths-07-t3-l23-ep08-q-2.png~(4 ,2) කණ්ඩාංකයෙන් දැක්වෙන්නේ,~~B~0
~~~~~~~~~~~~~~~~E~0
~~~~~~~~~~~~~~~~D~1
~~~~~~~~~~~~~~~~F~0
~~~~~~~~~~~333~~maths-07-t3-l23-ep08-q-3.png~(7 ,3) කණ්ඩාංකයෙන් දැක්වෙන්නේ,~~C~0
~~~~~~~~~~~~~~~~E~0
~~~~~~~~~~~~~~~~A~0
~~~~~~~~~~~~~~~~F~1
~~~~~~~~~~~334~~maths-07-t3-l23-ep08-q-4.png~D ලක්ෂයේ ලක්ෂ කණ්ඩාංකය වන්නේ,~~(4 , 2)~1
~~~~~~~~~~~~~~~~(2 , 4)~0
~~~~~~~~~~~~~~~~(3 ,2)~0
~~~~~~~~~~~~~~~~(5 ,1)~0
~~~~~~~~~~~335~~maths-07-t3-l23-ep08-q-5.png~E ලක්ෂයේ ලක්ෂ කණ්ඩාංකය වන්නේ,~~(5 , 1)~0
~~~~~~~~~~~~~~~~(1 , 6)~0
~~~~~~~~~~~~~~~~(6 ,1)~1
~~~~~~~~~~~~~~~~(2 ,6)~0
68~2017~7~maths-07-t3-l24-ep09~9~3~24~සරල රේඛීය තල රූප නිර්මාණය~නිර්මාණ~සරල දාරය, කවකටුව, කෝණමානය භාවිතා කරමින් හැඩතල නිර්මාණය කිරීම. සරල රේඛා ඛණ්ඩයක් නිර්මාණය කිරීම. සමපාද ත්‍රිකෝණයක් යනු කුමක්දැයි හඳුනා ගෙන , සමපාද ත්‍රිකෝණයක් නිර්මාණය කිරීම.~1:00:00~336~~~තලරූපයකට උදාහරණයක්  නොවන්නේ,~~වෘත්තය~0
~~~~~~~~~~~~~~~~ත්‍රිකෝණය~0
~~~~~~~~~~~~~~~~ඝනකය~1
~~~~~~~~~~~~~~~~සමචතුරස්‍රය~0
~~~~~~~~~~~337~~~හැඩතල නිර්මාණය සඳහා භාවිත කරන ගණිතමය උපකරණයක් නොවන්නේ,~~සරල දාරය~0
~~~~~~~~~~~~~~~~කවකටුව~0
~~~~~~~~~~~~~~~~කෝණමාණය~0
~~~~~~~~~~~~~~~~ත්‍රපීසියම~1
~~~~~~~~~~~338~~~ සමපාද ත්‍රිකෝණය සම්බනධයෙන් අදාල නොවන ප්‍රකාශනය වන්නේ,~~පාද එකිනෙක සමාන වේ.~0
~~~~~~~~~~~~~~~~අභ්‍යන්තර කෝණ විශාලත්වයෙන් සමාන වේ.~0
~~~~~~~~~~~~~~~~බාහිර කෝණ විශාලත්වයෙන් සමාන නොවන අවස්ථ ද ඇත.~1
~~~~~~~~~~~~~~~~උත්තල බහුඅස්‍රයකි.~0
~~~~~~~~~~~339~~~සවිධි ෂඩාස්‍රයක්,~~සමපාද ත්‍රිකෝණ 5කින් නිර්මාණය කළ හැක.~1
~~~~~~~~~~~~~~~~සමපාද ත්‍රිකෝණ 6කින් නිර්මාණය කළ හැක.~0
~~~~~~~~~~~~~~~~අභ්‍යන්තර කෝණ 5ක් පමණක් එකිනෙක සමාන නොවේ.~0
~~~~~~~~~~~~~~~~ඉහත කිසිවක් අදාල නොවේ.~0
~~~~~~~~~~~340~~~පාද එකිනෙක සමාන තලරූපයක් නොවන්නේ,~~සමචතුරස්‍රය~0
~~~~~~~~~~~~~~~~සෘජුකෝණාස්‍රය~1
~~~~~~~~~~~~~~~~සවිධි ෂඩාස්‍රය~0
~~~~~~~~~~~~~~~~පංචාස්‍රය~0
69~2017~7~maths-07-t3-l24-ep10~10~3~24~සරල රේඛීය තල රූප නිර්මාණය~සවිධි ෂඩාස්‍රය නිර්මාණය~සමපාද ත්‍රිකෝණ නිර්මාණය.සවිධි ෂඩාස්‍රයක දක්නට ලැබෙන විශේෂ ලක්ෂණ, වෘත්තය ඇසුරින් සවිධි ෂඩාස්‍රයක් නිර්මාණය කිරීම, අභ්‍යාස  සිදුකිරීම. සමපාද ත්‍රිකෝණයක් ඇසුරින් සවිධි ෂඩාස්‍රයක් නිර්මාණය කිරීම, අභ්‍යාස  සිදුකිරීම.~1:00:00~341~~~සවිධි ෂඩාශ්‍රයක් සම්බන්ධයෙන් නොගැලපෙන පිළිතුර වන්නේ,~~පාද 6කින් යුක්ත වේ~0
~~~~~~~~~~~~~~~~උත්තල බහුඅස්‍රයකි~0
~~~~~~~~~~~~~~~~පාද එක හා සමාන නොවේ~1
~~~~~~~~~~~~~~~~කෝණ 6 විශාලත්වයෙන් සමාන වේ~0
~~~~~~~~~~~342~~maths-07-t3-l24-ep10-q-2.png~DGC ත්‍රිකෝණයට සමාන ත්‍රිකෝණ කීයක් ඉහත රූපසටහනේ පවතී ද?~~7කි.~0
~~~~~~~~~~~~~~~~6කි.~1
~~~~~~~~~~~~~~~~5කි.~0
~~~~~~~~~~~~~~~~3කි.~0
~~~~~~~~~~~343~~maths-07-t3-l24-ep10-q-3.png~AD දිග කොපමණ ද?~~5CM~0
~~~~~~~~~~~~~~~~15CM~0
~~~~~~~~~~~~~~~~10CM~1
~~~~~~~~~~~~~~~~තොරතරු ප්‍රමාණවත් නොමැත~0
~~~~~~~~~~~344~~maths-07-t3-l24-ep10-q-4.png~BC දිග කොපමණ ද?~~5CM~1
~~~~~~~~~~~~~~~~15CM~0
~~~~~~~~~~~~~~~~10CM~0
~~~~~~~~~~~~~~~~8 CM~0
~~~~~~~~~~~345~~maths-07-t3-l24-ep10-q-5.png~AB පාදයට සමාන්තර පාදයක් වන්නේ,~~AD~0
~~~~~~~~~~~~~~~~FC~0
~~~~~~~~~~~~~~~~ED~1
~~~~~~~~~~~~~~~~BC~0
70~2017~7~maths-07-t3-l24-ep11~11~3~24~සරල රේඛීය තල රූප නිර්මාණය~නිර්මාණ පුනරීක්ෂණ~කවකටුව හා සරල දාරය භාවිතයෙන් සරල රේඛා ඛන්ඩය, සමපාද ත්‍රිකෝණය නිර්මාණය කර, කෝණමානය භාවිතයෙන් කෝණයේ විශාලත්වය මැනීම. වෘත්තය ඇසුරින් සවිධි ෂඩාස්‍රයක් නිර්මාණය කිරීම. සවිධි ෂඩාස්‍රයේ පාදයක් හැර පාදයක් එක් එක් ත්‍රිකෝණයේ පාදයක් ලෙස ගෙන සවිධි ෂඩාස්‍රයේ පිටත ප්‍රදේශයේ සමපාද ත්‍රිකෝණ නිර්මාණය කිරීම මඟින් පුනරීක්ෂණ සිදුකිරීම.~1:00:00~346~~~සවිධි ෂඩස්‍රයක දක්නට ලැබෙන විශේෂ ලක්ෂණයක් නොවන්නේ,~~උත්තල බහු අස්‍රයකි.~0
~~~~~~~~~~~~~~~~පාද 6ම එකිනෙකට සමාන වේ.~0
~~~~~~~~~~~~~~~~කෝණ 6ම එකිනෙකට සමාන වේ.~0
~~~~~~~~~~~~~~~~සරල රේඛා ඛණ්ඩ 8කින් සමන්විත වේ.~1
~~~~~~~~~~~347~~~අරය 1.5cm වූ වෘත්තයක විශ්කම්භය කොපමණ ද?~~2cm~0
~~~~~~~~~~~~~~~~2.5cm~0
~~~~~~~~~~~~~~~~3cm~1
~~~~~~~~~~~~~~~~3.5cm~0
~~~~~~~~~~~348~~~වෘත්තයක් ඇසුරින් සවිධි ෂඩස්‍රයක් නිර්මාණය කිරීමේ දී,~~වෘත්තය මත එකම දුර සහිත කුඩා චාප 6ක් ඇඳිය යුතුය.~1
~~~~~~~~~~~~~~~~චාප දිග එකිනෙකට වෙනස් කරමින් වෘත්තය මත ළකුණු කර ගත යුතුය.~0
~~~~~~~~~~~~~~~~වෘත්තයෙන් පිට සමාන දුර සහිත කුඩා චාප 6ක් ඇඳිය යුතුය.~0
~~~~~~~~~~~~~~~~ඉහත කිසිවක් නොවේ.~0
~~~~~~~~~~~349~~maths-07-t3-l24-ep11-q-4.png~පහත රූපයේ පෙන්වා ඇත්තේ,~~සවිධි ෂඩස්‍රයකි.~0
~~~~~~~~~~~~~~~~සවිධි චතුරස්‍රයකි.~0
~~~~~~~~~~~~~~~~සමපාද ත්‍රිකෝණයකි.~1
~~~~~~~~~~~~~~~~විෂම පාද ත්‍රිකෝණයකි.~0
~~~~~~~~~~~350~~~සමපාද ත්‍රිකෝණයක් භාවිතා කරමින්,~~සවිධි චතුරස්‍රයක් නිර්මාණය කල හැක.~0
~~~~~~~~~~~~~~~~සවිධි ෂඩස්‍රයක් නිර්මාණය කල හැක.~1
~~~~~~~~~~~~~~~~චතුරස්‍රයක් නිර්මාණය කල හැක.~0
~~~~~~~~~~~~~~~~වෘත්තයක් නිර්මාණය කල හැක.~0
71~2017~7~maths-07-t3-l25-ep12~12~3~25~ඝන වස්තු~ඝන වස්තු හැඳින්වීම~ඝන වස්තුවක් හැඳින්වීම. ඝනකයක, ඝනකාභයක,සවිධි චතුස්තලයක,සමචතුරස්‍ර පිරමීඩයක ලක්ෂණ වෙන්වෙන්ව සාකච්චා  කිරීම. සමචතුරස්‍ර පිරමීඩයක ආකෘතිය හා පතරම දැක්වීම. ඝනකයක, ඝනකාභයක,සවිධි චතුස්තලයක,සමචතුරස්‍ර  පිරමීඩයක මුහුණත් ගණන, ශීර්ෂ ගණන, දාර ගණන සෙවීම.  අභ්‍යාස  සිදුකිරීම.~1:00:00~351~~~ඝන වස්තු සම්බන්ධයෙන් අදාල නොවන්නේ,~~මතුපිට තල පෘෂ්ඨ හෝ වක්‍ර පෘෂ්ඨ වලින් සමන්විත වේ.~0
~~~~~~~~~~~~~~~~දාදුකැටය ඝනවස්තුවකට උදාහරණයකි.~0
~~~~~~~~~~~~~~~~නියත හැඩයක් ඇත.~0
~~~~~~~~~~~~~~~~සෑම ඝනවස්තුවක්ම දාර සහිත වේ.~1
~~~~~~~~~~~352~~~ චතුස්තලය සම්බන්ධ වැරදි ප්‍රකාශය වන්නේ,~~මුහුණත් ගණන 4 කි.~0
~~~~~~~~~~~~~~~~දාර ගණන 6 කි.~0
~~~~~~~~~~~~~~~~දාර ගණන 7 කි.~1
~~~~~~~~~~~~~~~~ශීර්ෂ 4කි.~0
~~~~~~~~~~~353~~~ඝනකාභය සම්බන්ධ වැරදි ප්‍රකාශය වන්නේ,~~මුහුණත් 6 කි.~0
~~~~~~~~~~~~~~~~මුහුණත් සියල්ල එක හා සමාන වේ.~1
~~~~~~~~~~~~~~~~දාර ගණන 12 කි.~0
~~~~~~~~~~~~~~~~ශීර්ෂ 8ක් ඇත.~0
~~~~~~~~~~~354~~~සමචතුරස්‍ර පිරමීඩයක ලක්ෂණයක් නොවන්නේ,~~මුහුණත් 5 කි.~0
~~~~~~~~~~~~~~~~මුහුණත් සියල්ල එක හා සමාන වේ.~1
~~~~~~~~~~~~~~~~දාර ගණන 8 කි.~0
~~~~~~~~~~~~~~~~ශීර්ෂ 5ක් ඇත.~0
~~~~~~~~~~~355~~~චතුස්තලය නිර්මාණය කරනු ලබන තලරූපය වන්නේ,~~ත්‍රිකෝණය~1
~~~~~~~~~~~~~~~~සමචතුරස්‍රය~0
~~~~~~~~~~~~~~~~සෘජුකෝණාස්‍රය~0
~~~~~~~~~~~~~~~~වෘත්තය~0
72~2017~7~maths-07-t3-l25-ep13~13~3~25~ඝන වස්තු~ප්‍රිස්මය~ඝන වස්තු හඳුනා ගැනීම. ත්‍රිකෝණ ප්‍රිස්මයක ලක්ෂණ පැහැදිලි කිරීම. ත්‍රිකෝණ ප්‍රිස්මයක ආකෘතිය හා පතරම දැක්වීම. ඔයිලර් සම්බන්ධතාව විස්තර කිරීම. ඝනකය,ත්‍රිකෝණ ප්‍රිස්මය, සමචතුරස්‍රාකාර පිරමීඩ හා වෙනත් ඝන වස්තු සඳහා ඔයිලර් සම්න්ධතාවය ඇසුරෙන් ගැටලු විසඳීම.~1:00:00~356~~~ඔයිලර් සබඳතාවය ගොඩනැගීමට අවශ්‍ය අංගයක් නොවන්නේ,~~ශීර්ෂ ගණන~0
~~~~~~~~~~~~~~~~දාර ගණන~0
~~~~~~~~~~~~~~~~කෝණ ගණන~1
~~~~~~~~~~~~~~~~මුහුණත් ගණන~0
~~~~~~~~~~~357~~~ත්‍රිකෝණ ප්‍රිස්මයට ආදාල නොවන්නේ,~~ශීර්ෂ 6කි.~0
~~~~~~~~~~~~~~~~දාර 9කි.~0
~~~~~~~~~~~~~~~~මුහුණත් 5 කි.~0
~~~~~~~~~~~~~~~~මුහුණත් 3ක් ත්‍රිකෝණාකාර වේ.~1
~~~~~~~~~~~358~~~ ඝනකය සම්බන්ධ වැරදි ප්‍රකාශය වන්නේ,~~මුහුණත් 6 කි.~0
~~~~~~~~~~~~~~~~මුහුණත් සියල්ල එක හා සමාන වේ.~0
~~~~~~~~~~~~~~~~දාර ගණන 14 කි.~1
~~~~~~~~~~~~~~~~ශීර්ෂ 8ක් ඇත.~0
~~~~~~~~~~~359~~~ ගෝලයකට උදාහරණයක් නොවන්නේ,~~ජිල් බෝලය~0
~~~~~~~~~~~~~~~~යගුලිය~0
~~~~~~~~~~~~~~~~වොලිබෝලය~0
~~~~~~~~~~~~~~~~බිත්තරය~1
~~~~~~~~~~~360~~~ වැරදි ප්‍රකාශය තෝරන්න.~~ඝනකයේ සියලුම මුහුණත් එක හා සමාන වේ.~0
~~~~~~~~~~~~~~~~ත්‍රිකෝණ ප්‍රිස්මයේ මුහුණත් 5කි.~0
~~~~~~~~~~~~~~~~චතුස්තලයේ මුහුණත් 5කි.~1
~~~~~~~~~~~~~~~~සමචතුරස්‍ර පිරමීඩයක ශීර්ෂ 5ක් ඇත.~0
73~2017~7~maths-07-t3-l26-ep14~14~3~26~දත්ත නිරූපණය හා අර්ථකථනය~තීර ප්‍රස්තාර~වගු භාවිතයෙන් දත්ත නිරූපණය කිරීම හා එහි ඇති තොරතුරු චිත්‍ර ප්‍රස්තාරයක දැක්වීම. තිරස් තීර ප්‍රස්තාරයක් හඳුනා ගැනීම. බහු තීර ප්‍රස්තාර ඇඳීම. අභ්‍යාස  සිදුකිරීම.~1:00:00~361~~maths-07-t3-l26-ep14-q-1.png~සඳුදා දින සිසුන්ගේ පැමිණීම වන්නේ,~~30~1
~~~~~~~~~~~~~~~~35~0
~~~~~~~~~~~~~~~~40~0
~~~~~~~~~~~~~~~~45~0
~~~~~~~~~~~362~~maths-07-t3-l26-ep14-q-2.png~ සමාන සිසුන් ගණනක් පාසලට පැමිණ ඇති දින දෙක වන්නේ,~~සඳුදා සහ බදාදා~0
~~~~~~~~~~~~~~~~අඟහරුවාදා සහ බ්‍රහස්පතින්දා~1
~~~~~~~~~~~~~~~~සඳුදා සහ සිකුරාදා~0
~~~~~~~~~~~~~~~~බදාදා සහ සිකුරාදා~0
~~~~~~~~~~~363~~maths-07-t3-l26-ep14-q-3.png~ වැඩිම සිසුන් ගණනක් පැමිණ ඇති දිනය වන්නේ,~~සඳුදා~0
~~~~~~~~~~~~~~~~බදාදා~0
~~~~~~~~~~~~~~~~බ්‍රහස්පතින්දා~0
~~~~~~~~~~~~~~~~සිකුරාදා~1
~~~~~~~~~~~364~~maths-07-t3-l26-ep14-q-4.png~ අඩුම සිසුන් ගණනක් පැමිණ ඇති දිනය වන්නේ,~~සඳුදා~1
~~~~~~~~~~~~~~~~බදාදා~0
~~~~~~~~~~~~~~~~බ්‍රහස්පතින්දා~0
~~~~~~~~~~~~~~~~සිකුරාදා~0
~~~~~~~~~~~365~~maths-07-t3-l26-ep14-q-5.png~ සතිය තුළ සිසුන්ගේ පැමිණීම වන්නේ,~~130~0
~~~~~~~~~~~~~~~~185~1
~~~~~~~~~~~~~~~~140~0
~~~~~~~~~~~~~~~~145~0
74~2017~7~maths-07-t3-l26-ep15~15~3~26~දත්ත නිරූපණය හා අර්ථකථනය~දත්ත අර්ථකථනය~බහු තීර ප්‍රස්තාරයේ ඇති දත්ත අර්ථකථනය කිරීම.  තීර ප්‍රස්තාර හා බහු තීර ප්‍රස්තාර අධ්‍යනය කරමින් ප්‍රශ්ණ වලට පිළිතුරු සැපයීම.~1:00:00~366~~maths-07-t3-l26-ep15-q-1.png~ සිකුරාදා දින පැමිණි සියලුම වාහන ගණන වන්නේ,~~10 කි.~0
~~~~~~~~~~~~~~~~15 කි.~1
~~~~~~~~~~~~~~~~16 කි.~0
~~~~~~~~~~~~~~~~13 කි.~0
~~~~~~~~~~~367~~maths-07-t3-l26-ep15-q-2.png~ බ්‍රහස්පතින්දා පැමිණි කාර් ගණන වන්නේ,~~7 කි.~1
~~~~~~~~~~~~~~~~8 කි.~0
~~~~~~~~~~~~~~~~6 කි.~0
~~~~~~~~~~~~~~~~3 කි.~0
~~~~~~~~~~~368~~maths-07-t3-l26-ep15-q-3.png~වැඩිම වාහන ගණනක් පැමිණි දිනය වන්නේ,~~සඳුදා~1
~~~~~~~~~~~~~~~~බදාදා~0
~~~~~~~~~~~~~~~~බ්‍රහස්පතින්දා~0
~~~~~~~~~~~~~~~~සිකුරාදා~0
~~~~~~~~~~~369~~maths-07-t3-l26-ep15-q-4.png~ අඩුම වාහන ගණනක් පැමිණි දිනය වන්නේ,~~සඳුදා~0
~~~~~~~~~~~~~~~~බදාදා~1
~~~~~~~~~~~~~~~~බ්‍රහස්පතින්දා~0
~~~~~~~~~~~~~~~~සිකුරාදා~0
~~~~~~~~~~~370~~maths-07-t3-l26-ep15-q-5.png~ වැඩිම වෑන් සංඛ්‍යාවක් පැමිණි දිනය වන්නේ,~~සඳුදා~1
~~~~~~~~~~~~~~~~බදාදා~0
~~~~~~~~~~~~~~~~බ්‍රහස්පතින්දා~0
~~~~~~~~~~~~~~~~සිකුරාදා~0
75~2017~7~maths-07-t3-l27-ep16~16~3~27~පරිමාණ රූප~පරිමාණ රූප හැඳින්වීම~පරිමාණ රූපයක් යනු කුමක්දැයි උදාහරණ පෙන්වාදෙමින් හඳුන්වා දීම. පරිමාණ අනුපාත  ලෙස ලිවීම. පරිමාණ රූප ඇදීම , අභ්‍යාස  සිදුකිරීම.~1:00:00~371~~~ පරිමාණ රූප සම්බන්ධ වැරදි ප්‍රකාශය වන්නේ,~~විවිධ වස්තුන් ඇඳීමේ දී එම සැබෑ පරිමාණයෙන්ම ඇඳීමට අපහසු නිසා පරිමාණරූප භාවිත කරයි.~0
~~~~~~~~~~~~~~~~වස්තුවේ විශාලත්වය අනුව මිනුම් ප්‍රමාණ යොදාගනී.~0
~~~~~~~~~~~~~~~~පරිමාණ රූප භාවිත කරනු ලබන්නේ විශාල පරිමාණ කුඩාකර දැක්වීමට පමණි.~1
~~~~~~~~~~~~~~~~පරිමාණ රූපය සැබෑ රූපයේම හැඩය ගනී.~0
~~~~~~~~~~~372~~~ප්‍රාදේශීය සිතියමක් ඇඳීමේ දී කිලෝමීටරයක් සෙනටිමීටරයකින් නිරූපණය කරයි. මෙහි පරිමාණය වන්නේ,~~1 : 10000~0
~~~~~~~~~~~~~~~~1 : 2000~0
~~~~~~~~~~~~~~~~1 : 100000~1
~~~~~~~~~~~~~~~~1000 : 1~0
~~~~~~~~~~~373~~~පරිමාණ රූපයක් ඇඳීමේ දී අදාල නොවන්නේ,~~සැබෑ මිනුම් එම පරිමාණයෙන්ම යොදාගත නොහැක.~0
~~~~~~~~~~~~~~~~පරිමාණිත ඉලක්කම් සඳහා එකම ඒකකයක් භාවිත කල යුතුය.~0
~~~~~~~~~~~~~~~~රූප දෙකම එක හා සමාන හැඩයන් ගනී.~0
~~~~~~~~~~~~~~~~පරිමාන රූප ඇඳීම සඳහා පරිමානයක් සුදූසු පරිදි යොදා ගත හැක.~1
~~~~~~~~~~~374~~~ ඉඩමක දළ සටහනක මීටර් එකක් සෙන්ටිමීටර් 1කින් නිරූපණය කරයි. මෙහි පරිමාණය වන්නේ,~~1 : 10000~0
~~~~~~~~~~~~~~~~1 : 10~0
~~~~~~~~~~~~~~~~1 : 100~1
~~~~~~~~~~~~~~~~100 : 1~0
~~~~~~~~~~~375~~~සෙන්ටිමීටර් 1 : 100 අඳින ලද සෘජුකෝණයක එක්පාදයක දිග සෙන්ටිමීටර් 8කි. එහි සැබෑ දිග වන්නේ,~~8 cm~0
~~~~~~~~~~~~~~~~80cm~0
~~~~~~~~~~~~~~~~8m~1
~~~~~~~~~~~~~~~~80m~0
76~2017~7~maths-07-t3-l27-ep17~17~3~27~පරිමාණ රූප~පරිමාණ රූප ඇඳීම, සැබෑ මිනුම් ලබාගැනීම~පරිමාණ රූප ඇසුරින් සැබෑ මිනුම් ලබා ගැනීම.අභ්‍යාස  සිදුකිරීම.~1:00:00~376~~~3cm කින් 3000cm ක් නිරූපණය වන විට ඊට අදාල අනුපාතය වන්නේ,~~1  : 1000~1
~~~~~~~~~~~~~~~~1  : 100~0
~~~~~~~~~~~~~~~~3  : 3000~0
~~~~~~~~~~~~~~~~1  : 10~0
~~~~~~~~~~~377~~~5cm කින් 1000cm ක් නිරූපණය වන විට ඊට අදාල අනුපාතය වන්නේ,~~1 :1000~0
~~~~~~~~~~~~~~~~1 : 200~1
~~~~~~~~~~~~~~~~100 :1~0
~~~~~~~~~~~~~~~~1 : 10~0
~~~~~~~~~~~378~~~3cm කින් 3000cm ක් නිරූපණය වන විට ඊට අදාල අනුපාතය වන්නේ,~~1 :1000~1
~~~~~~~~~~~~~~~~1  : 100~0
~~~~~~~~~~~~~~~~3  : 3000~0
~~~~~~~~~~~~~~~~1  : 10~0
~~~~~~~~~~~379~~~ 4cm කින් 1000cm ක් නිරූපණය වන විට ඊට අදාල අනුපාතය වන්නේ,~~1 : 250~1
~~~~~~~~~~~~~~~~1 : 100~0
~~~~~~~~~~~~~~~~4 : 100~0
~~~~~~~~~~~~~~~~2 : 100~0
~~~~~~~~~~~380~~~4cm කින් 2000cm ක් නිරූපණය වන විට ඊට අදාල අනුපාතය වන්නේ,~~1 :1000~0
~~~~~~~~~~~~~~~~1 : 100~0
~~~~~~~~~~~~~~~~1 : 500~1
~~~~~~~~~~~~~~~~1  : 50~0
77~2017~7~maths-07-t3-l27-ep18~18~3~27~පරිමාණ රූප~උදාහරණ ගැටලු~පරිමාණය ආශ්‍රිතයෙන් දාහරණ ගැටලු සාකච්ඡා  කිරීම.~1:00:00~381~~~3cm කින්  1200cm ක් නිරූපණය වන විට ඊට අදාල අනුපාතය වන්නේ,~~1 : 400~1
~~~~~~~~~~~~~~~~1 : 40~0
~~~~~~~~~~~~~~~~1 : 4000~0
~~~~~~~~~~~~~~~~1 : 12~0
~~~~~~~~~~~382~~~5cm කින් 3000cm ක් නිරූපණය වන විට ඊට අදාල අනුපාතය වන්නේ,~~1 : 60~0
~~~~~~~~~~~~~~~~1 : 6000~0
~~~~~~~~~~~~~~~~1 : 600~1
~~~~~~~~~~~~~~~~1 : 60000~0
~~~~~~~~~~~383~~~1 ( 750 නිරූපණය වනවිට 5 cm මගින් නිරූපණය වන සැබෑ දුර වන්නේ,~~37.50m~1
~~~~~~~~~~~~~~~~375m~0
~~~~~~~~~~~~~~~~3.75m~0
~~~~~~~~~~~~~~~~3750m~0
~~~~~~~~~~~384~~~1 ( 500 නිරූපණය වනවිට 8 cm මගින් නිරූපණය වන සැබෑ දුර වන්නේ,~~40m~1
~~~~~~~~~~~~~~~~400m~0
~~~~~~~~~~~~~~~~4m~0
~~~~~~~~~~~~~~~~0.4m~0
~~~~~~~~~~~385~~~1 ( 200 නිරූපණය වනවිට 10 cm මගින් නිරූපණය වන සැබෑ දුර වන්නේ,~~20m~1
~~~~~~~~~~~~~~~~200m~0
~~~~~~~~~~~~~~~~2m~0
~~~~~~~~~~~~~~~~0.2m~0
78~2017~7~maths-07-t3-l28-ep19~19~3~28~ටෙසලාකරණ~ටෙසලාකරණ හැඳින්වීම, ශුද්ධ ටෙසලාකරකරණ~ ටෙසලාකරණය යනු කුමක් දැයි හඳුන්වා දීම. ශුද්ධ ටෙසලාකරණය හැඳින්වීම. ටෙසලාකරණයේ දී සැලකිලිමත් විය යුතු කරුණු පිළිබඳව අධ්‍යනය කිරීම.~1:00:00~386~~~ටෙසලාකරණය සම්බන්ධ වැරදි ප්‍රකාශය වන්නේ,~~විවිධ හැඩතල වලින් යුක්ත වේ.~0
~~~~~~~~~~~~~~~~එක් එක් රූපය විවිධ ප්‍රමාණ වලින් ඇත.~1
~~~~~~~~~~~~~~~~කිසිම හැඩතල දෙකක් එකමත පිහිටා නැත.~0
~~~~~~~~~~~~~~~~විවිධ මෝස්තර සඳහා යොදාගනී.~0
~~~~~~~~~~~387~~~සරල රේඛීය තලරූප භාවිතයෙන් සිදුකරන ටෙසලාකරණ වල ඕනෑම ලක්ෂයක් වටා පිහිටි කෝණවල ඓක්‍ය,~~අංශක 180 කි.~0
~~~~~~~~~~~~~~~~අංශක 90 කි.~0
~~~~~~~~~~~~~~~~අංශක 360 කි.~1
~~~~~~~~~~~~~~~~අංශක 50 කි.~0
~~~~~~~~~~~388~~~ටෙසලාකරණයේ දී සැළකිලිමත් විය යුතු කරුණ වන්නේ,~~හැඩතල අතර හිඩැස් නොපැවතීම.~0
~~~~~~~~~~~~~~~~හැඩතල එක මත එක නොපිහිටීම.~0
~~~~~~~~~~~~~~~~රටාවකට අතුරා තිබීම.~0
~~~~~~~~~~~~~~~~ඉහත සියල්ලම නිවැරදිය.~1
~~~~~~~~~~~389~~~ ටෙසලාකරණය දැකිය හැකි ස්ථානයක් නොවන්නේ,~~පන්සල~0
~~~~~~~~~~~~~~~~පල්ලිය~0
~~~~~~~~~~~~~~~~නාන කාමර~0
~~~~~~~~~~~~~~~~කැළෑව~1
~~~~~~~~~~~390~~maths-07-t3-l28-ep19-q-5.png~ඉහත ටෙසලාකරණය වන්නේ,~~ශුද්ධ ටෙසලාකරණයයි.~1
~~~~~~~~~~~~~~~~අර්ධ ශුද්ධ ටෙසලාකරණයයි.~0
~~~~~~~~~~~~~~~~සාමාන්‍ය ටෙසලාකරණයයි.~0
~~~~~~~~~~~~~~~~ඉහත කිසිවක් නොවේ.~0
79~2017~7~maths-07-t3-l28-ep20~20~3~28~ටෙසලාකරණ~අර්ධ ශුද්ධ ටෙසලාකරණ~අර්ධ ශුද්ධ ටෙසලාකරණය හැඳින්වීම. අර්ධ ශුද්ධ ටෙසලාකරණ නිර්මාණ පින්තූර මඟින් පෙන්වීම. ටෙසලාකරණ නිර්මාණවල කෝණ හඳුනා ගැනීම.~1:00:00~391~~maths-07-t3-l28-ep20-q-1.png~ඉහත ටෙසලාකරණය වන්නේ,~~ශුද්ධ ටෙසලාකරණයයි.~0
~~~~~~~~~~~~~~~~අර්ධ ශුද්ධ ටෙසලාකරණයයි.~1
~~~~~~~~~~~~~~~~සාමාන්‍ය ටෙසලාකරණයයි.~0
~~~~~~~~~~~~~~~~ඉහත කිසිවක් නොවේ.~0
~~~~~~~~~~~392~~maths-07-t3-l28-ep20-q-2.png~ ඉහත ටෙසලාකරණය සඳහා භාවිත කරඇති තලරූප වන්නේ,~~ත්‍රිකෝණය සහ සෘජුකෝණාස්‍රය~0
~~~~~~~~~~~~~~~~ත්‍රිකෝණය සහ සමචතුරස්‍රය~1
~~~~~~~~~~~~~~~~සමචතුරස්‍රය සහ සෘජුකෝණාස්‍රය~0
~~~~~~~~~~~~~~~~ඉහත කිසිවක් නොවේ~0
~~~~~~~~~~~393~~maths-07-t3-l28-ep20-q-3.png~B ලක්ෂය වටා පිහිටි කෝණවල ඓක්‍ය වන්නේ,~~අංශක 180 කි.~0
~~~~~~~~~~~~~~~~අංශක 90 කි.~0
~~~~~~~~~~~~~~~~අංශක 360 කි.~1
~~~~~~~~~~~~~~~~අංශක 50 කි.~0
~~~~~~~~~~~394~~maths-07-t3-l28-ep20-q-4.png~ ඉහත ටෙසලාකරණයේ ත්‍රිකෝණ පමණක් භාවිත කර තිබුණිනම් එම ටෙසලාකරණය,~~ශුද්ධ ටෙසලාකරණයයි.~1
~~~~~~~~~~~~~~~~අර්ධ ශුද්ධ ටෙසලාකරණයයි.~0
~~~~~~~~~~~~~~~~සාමාන්‍ය ටෙසලාකරණයයි.~0
~~~~~~~~~~~~~~~~ඉහත කිසිවක් නොවේ.~0
~~~~~~~~~~~395~~maths-07-t3-l28-ep20-q-5.png~ටෙසලාකරණයෙහි දැකිය හැකි විශේෂ ලක්ෂණයක් නොවන්නේ,~~හැඩතල අතුරා ඇත්තේ කිසියම් රටාවකට ය.~0
~~~~~~~~~~~~~~~~එක් එක් රූපයේ දක්නට ලැබෙන හැඩ එක ම ප්‍රමාණයෙන් යුක්ත වීම.~0
~~~~~~~~~~~~~~~~විවිධ හැඩතලවලින් යුක්ත වේ.~0
~~~~~~~~~~~~~~~~එම හැඩ අතර හිඩැස් පැවතීම.~1
80~2017~7~maths-07-t3-l28-ep21~21~3~28~ටෙසලාකරණ~අර්ධ ශුද්ධ ටෙසලාකරණ~ශුද්ධ ටෙසලාකරණය,අර්ධ ශුද්ධ ටෙසලාකරණය හැඳින්වීම ගැටලු සාකච්ඡා  කිරීම. ටෙසලාකරණ නිර්මාණවල කෝණ වල ඓක්‍යය සෙවීම. ටෙසලාකරණ නිර්මාණයක් සාදාගන්නා පිළිවෙළ පියවරෙන් පියවර අධ්‍යනය කිරීම.~1:00:00~396~~~හැඩතල එකක් පමණක් භාවිත කර සිදු කරනු ලබන ටෙසලාකරණය~~ශුද්ධ ටෙසලාකරණයයි.~1
~~~~~~~~~~~~~~~~අර්ධ ශුද්ධ ටෙසලාකරණයයි.~0
~~~~~~~~~~~~~~~~සාමාන්‍ය ටෙසලාකරණයයි.~0
~~~~~~~~~~~~~~~~ඉහත කිසිවක් නොවේ.~0
~~~~~~~~~~~397~~~හැඩතල දෙකක් හෝ කිහිපයක් භාවිත කර සිදු කරනු ලබන ටෙසලාකරණය~~ශුද්ධ ටෙසලාකරණයයි.~0
~~~~~~~~~~~~~~~~අර්ධ ශුද්ධ ටෙසලාකරණයයි.~1
~~~~~~~~~~~~~~~~සාමාන්‍ය ටෙසලාකරණයයි.~0
~~~~~~~~~~~~~~~~ඉහත කිසිවක් නොවේ.~0
~~~~~~~~~~~398~නිමල් ටෙසලාකරණය පාඩම ඉගෙනීම සඳහා පාසලට යන විට සමචතුරස්‍ර, වෘත්ත, ත්‍රිකෝණ, ෂඩස්‍ර සහිත තල රූප කිහිපයක් රැගෙන ගියේ ය.~~නිමල්ට ශුද්ධ ටෙසලාකරණ නිර්මාණයක් කිරීම සඳහා භාවිතා කල හැකි වන්නේ, කුමන තල රූපද?~~සමචතුරස්‍ර පමණක්~1
~~~~~~~~~~~~~~~~ත්‍රිකෝණ සමග ෂඩස්‍ර~0
~~~~~~~~~~~~~~~~වෘත්ත සමග ෂඩස්‍ර~0
~~~~~~~~~~~~~~~~වෘත්ත පමණක්~0
~~~~~~~~~~~399~~~අර්ධ ශුද්ධ ටෙසලාකරණය නිර්මාණය සඳහා නිමල්ට යොදාගත හැකි තල රූප මොනවා ද?~~සමචතුරස්‍ර හා වෘත්ත~0
~~~~~~~~~~~~~~~~වෘත්ත හා ෂඩස්‍ර~0
~~~~~~~~~~~~~~~~සමචතුරස්‍ර, වෘත්ත, ෂඩස්‍ර හා ත්‍රිකෝණ~0
~~~~~~~~~~~~~~~~ත්‍රිකෝණ, සමචතුරස්‍ර හා ෂඩස්‍ර~1
~~~~~~~~~~~400~~~ශුද්ධ ටෙසලාකරණයට හෝ අර්ධ ශුද්ධ ටෙසලාකරණයට වෘත්තය සහිත තල රූප සුදුසු නොවේ යැයි ගුරුතුමිය නිමල්ට පැවසුවා ය. මෙයට හේතුව කුමක් ද?~~වෘත්ත යොදා ගැනීමේ දී හිඩැස් ඇතිවන බැවිනි.~1
~~~~~~~~~~~~~~~~අලංකාර නොවන බැවිනි.~0
~~~~~~~~~~~~~~~~ගුරුතුමිය වෘත්ත වලට අකමැති බැවිනි.~0
~~~~~~~~~~~~~~~~වෘත්ත වලින් රටා මැවිය නොහැකි බැවිනි.~0
81~2017~7~maths-07-t3-l29-ep22~22~3~29~සිදුවීමක වියහැකියාව~සිදුවීම පරීක්ෂණ සහ ප්‍රතිඵල~ස්ථිරව ම සිදුවන සිදුවීම්,ස්ථිරව ම සිදු නොවන සිදුවීම්, අහඹු සිදුවීම් උදාහරණ මඟින්  හඳුන්වාදීම.  යම් සිදුවීමකට අදාළ පරික්ෂණය හා ප්‍රතිඵලය  අධ්‍යනය කිරීම.~1:00:00~401~~~ස්ථිරවම සිදුවන සිදුවීමකට උදාහරණයක් නොවන්නේ,~~ඉර නැගෙනහිර දිශාවෙන් උදාවීම.~0
~~~~~~~~~~~~~~~~හවසට ඉර බැසයාම.~0
~~~~~~~~~~~~~~~~සවස් කාලයට වර්ෂාව ඇතිවීම.~1
~~~~~~~~~~~~~~~~ඉර බටහිර දිශාවෙන් බැසයාම.~0
~~~~~~~~~~~402~~~ස්ථිරවම සිදු නොවන සිදුවීමකට උදාහරණයක් නොවන්නේ,~~ජලය තුළදී ගින්දර දැල්වීම.~0
~~~~~~~~~~~~~~~~ගොඩබිම මාළුවන් ජීවත් වීම.~0
~~~~~~~~~~~~~~~~පූසන් පියෑඹීම.~0
~~~~~~~~~~~~~~~~හවසට ඉර බැසයාම.~1
~~~~~~~~~~~403~~~ අහඹු සිදුවීමකට උදාහරණයක් නොවන්නේ,~~වැස්සෙන් පසු දේදුන්නක් පෑයීම.~0
~~~~~~~~~~~~~~~~සුළඟට ගස් පෙරලීම.~0
~~~~~~~~~~~~~~~~වැස්සෙන් පසු ගංවතුර ගැලීම.~0
~~~~~~~~~~~~~~~~ඉර නැගෙනහිර දිශාවෙන් උදාවීම.~1
~~~~~~~~~~~404~~~බල්ලකු උඩුබිරලීම,~~අහඹු සිදුවීමකි.~1
~~~~~~~~~~~~~~~~ස්ථිරවම සිදුවන සිදුවීමකි.~0
~~~~~~~~~~~~~~~~ස්ථිරවම සිදු නොවන සිදුවීමකි.~0
~~~~~~~~~~~~~~~~කිව නොහැක.~0
~~~~~~~~~~~405~~~ගවයෙකු විසින් මස් ආහාරයට ගැනීම.~~අහඹු සිදුවීමකි.~0
~~~~~~~~~~~~~~~~ස්ථිරවම සිදුවන සිදුවීමකි.~0
~~~~~~~~~~~~~~~~ස්ථිරවම සිදු නොවන සිදුවීමකි.~1
~~~~~~~~~~~~~~~~කිව නොහැක.~0
82~2017~7~maths-07-t3-l29-ep23~23~3~29~සිදුවීමක වියහැකියාව~ප්‍රතිඵල ලැබීමේ හැකියාව~දී ඇති සිදුවීමට අදාළ පරික්ෂණය හා ප්‍රතිඵලය ලියා දැක්වීම. පරීක්ෂණයක සියළු ප්‍රතිඵල ලැබීමේ හැකියාව අධ්‍යනය කිරීම. අභ්‍යාස සිදුකිරීම.~1:00:00~406~පහත දැක්වෙන එක් එක් පරීක්ෂණවලට ප්‍රතිඵල නිවැරදිව තෝරන්න.~~අංක 1 සිට 6 තෙක් ළකුණු කල දාදු කැටයක් උඩ දැමීම.~~1 හා 6 වැටීම.~0
~~~~~~~~~~~~~~~~2, 4 හා 6 වැටීම.~0
~~~~~~~~~~~~~~~~1, 3, 5 වැටීම.~0
~~~~~~~~~~~~~~~~1, 2, 3, 4, 5 හා 6 පැත්ත වැටීම.~1
~~~~~~~~~~~407~~~නිල්, රතු, කහ, කොල හා තැඹිලි යන බෝල 5ක් ඇති මල්ලකින් බෝලයක් ගැනීම.~~රතු, කහ, කොල යන පාට 3ම ලැබීම.~0
~~~~~~~~~~~~~~~~කොල, තැඹිලි, කහ, රතු හා නිල් යන පාට වලින් එකක් ලැබීම.~1
~~~~~~~~~~~~~~~~නිල් හා රතු ලැබීම.~0
~~~~~~~~~~~~~~~~කොල, කහ, තැඹිලි හා රතු ලැබීම.~0
~~~~~~~~~~~408~~~අමිඳුගේ උපන් දිනය සති අන්තයක දවසක් වීම.~~සඳුදා වීම.~0
~~~~~~~~~~~~~~~~සඳුදා හෝ අඟහරුවාදා වීම.~0
~~~~~~~~~~~~~~~~සෙනසුරාදා හෝ ඉරිදා වීම.~1
~~~~~~~~~~~~~~~~ඉරිදා හෝ සඳුදා වීම.~0
~~~~~~~~~~~409~~~1 සිට 20 තෙක් නම්කර ඇති කාඩ්පත් 20 තුලින් 5හේ ගුණාකාරයක් සහිත කාඩ්පතක් ලැබීම.~~10 හෝ 20 ලැබීම.~0
~~~~~~~~~~~~~~~~2, 10, 16 හෝ 20 ලැබීම.~0
~~~~~~~~~~~~~~~~5, 10, 15 ලැබීම.~0
~~~~~~~~~~~~~~~~5, 10, 15 හෝ 20 ලැබීම.~1
~~~~~~~~~~~410~~~ඉහත 4හි කාඩ්පත් 20 තුලින් 6යේ ගුණාකාරයක් සහිත කාඩ්පතක් ලැබීම.~~1, 4, 8 ලැබීම.~0
~~~~~~~~~~~~~~~~4, 8, 12, 16 හෝ 20 ලැබීම.~1
~~~~~~~~~~~~~~~~2, 4, 6, 8 හෝ 10 ලැබීම.~0
~~~~~~~~~~~~~~~~5, 10, 15 හෝ 20 ලැබීම.~0
83~2017~7~maths-07-t3-l29-ep24~24~3~29~සිදුවීමක වියහැකියාව~උදාහරණ ගැටලු~ස්ථිරව ම සිදුවන සිදුවීම්,,ස්ථිරව ම සිදු නොවන සිදුවීම්,, අහඹු සිදුවීම් ආශ්‍රයෙන් ගැටලු සාකච්ඡා  කිරීම. සිදුවීමට අදාළ පරික්ෂණය හා ප්‍රතිඵලය  ලියා දැක්වීම.,~1:00:00~411~~~වතුසුදු මල් සුදු පැහැති වීම.~~අහඹු සිදුවීමකි.~0
~~~~~~~~~~~~~~~~ස්ථිරවම සිදුවන සිදුවීමකි~1
~~~~~~~~~~~~~~~~ස්ථිරවම සිදු නොවන සිදුවීමකි~0
~~~~~~~~~~~~~~~~කිව නොහැක~0
~~~~~~~~~~~412~~~කළු ගලක් ජලයේ පාවීම.~~අහඹු සිදුවීමකි.~0
~~~~~~~~~~~~~~~~ස්ථිරවම සිදුවන සිදුවීමකි.~0
~~~~~~~~~~~~~~~~ස්ථිරවම සිදු නොවන සිදුවීමකි.~1
~~~~~~~~~~~~~~~~කිව නොහැක.~0
~~~~~~~~~~~413~~~ මිනිසකු දියයට සිට හුස්ම ගැනීම.~~අහඹු සිදුවීමකි.~0
~~~~~~~~~~~~~~~~ස්ථිරවම සිදුවන සිදුවීමකි.~0
~~~~~~~~~~~~~~~~ස්ථිරවම සිදු නොවන සිදුවීමකි.~1
~~~~~~~~~~~~~~~~කිව නොහැක.~0
~~~~~~~~~~~414~~~ උදෑසන ඉර උදාවීම.~~අහඹු සිදුවීමකි.~0
~~~~~~~~~~~~~~~~ස්ථිරවම සිදුවන සිදුවීමකි.~0
~~~~~~~~~~~~~~~~ස්ථිරවම සිදු නොවන සිදුවීමකි.~1
~~~~~~~~~~~~~~~~කිව නොහැක.~0
~~~~~~~~~~~415~~~ මාලුවෙකු දියේ පිහිනීම.~~අහඹු සිදුවීමකි.~0
~~~~~~~~~~~~~~~~ස්ථිරවම සිදුවන සිදුවීමකි.~1
~~~~~~~~~~~~~~~~ස්ථිරවම සිදු නොවන සිදුවීමකි.~0
~~~~~~~~~~~~~~~~කිව නොහැක.~0
84~2017~7~maths-07-t3-l29-ep25~25~3~29~ගණිත ගැටලු පහසුවෙන් විසඳීම~විශේෂ ගණිත ක‍්‍රම -I කොටස~පූර්ණ සංඛ්‍යා මත ගණිත කර්ම, සාධක හා ගුණාකාර,ප්‍රථමක සංඛ්‍යා, දර්ශක ,කාලය යන ඒකක ආශ්‍රිතයෙන් ගණිත ගැටලු විසඳීම.~1:00:00~416~~~15 - 2 x 5 විසඳන්න.~~65~0
~~~~~~~~~~~~~~~~5~1
~~~~~~~~~~~~~~~~10~0
~~~~~~~~~~~~~~~~8~0
~~~~~~~~~~~417~~~3622 ඉලක්කම් දර්ශකය වන්නේ,~~4~1
~~~~~~~~~~~~~~~~13~0
~~~~~~~~~~~~~~~~5~0
~~~~~~~~~~~~~~~~8~0
~~~~~~~~~~~418~~~ ප.ව. 7.30  පැය 24 ඔරලෝසු වේලාවෙන් දැක්වෙන්නේ,~~17.30~0
~~~~~~~~~~~~~~~~19.30~1
~~~~~~~~~~~~~~~~ප.ව.17.30~0
~~~~~~~~~~~~~~~~ප.ව.19.30~0
~~~~~~~~~~~419~~~5 « 5 « 5 « 3 « 3 « 2 දර්ශක අංකනයෙන් දක්වන්න.~~52 « 33 « 2~0
~~~~~~~~~~~~~~~~53 « 31 « 2~0
~~~~~~~~~~~~~~~~53 « 32 « 2~1
~~~~~~~~~~~~~~~~52 « 32~0
~~~~~~~~~~~420~~~ 32 පාදය 2 වූ දර්ශක අංකනයෙන් ලියන්න.~~24~0
~~~~~~~~~~~~~~~~25~1
~~~~~~~~~~~~~~~~26~0
~~~~~~~~~~~~~~~~23~0
85~2017~7~maths-07-t3-l29-ep26~26~3~29~ගණිත ගැටලු පහසුවෙන් විසඳීම~විශේෂ ගණිත ක්‍රම -II කොටස~සදිශ සංඛ්‍යා, භාග, දශම සංඛ්‍යා, පූර්ණ සංඛ්‍යා, කුලක,වීජීය ප්‍රකාශන, ආදේශය යන ඒකක ආශ්‍රිතයෙන් ගණිත ගැටලු විසඳීම.~1:00:00~421~~~(+10) + (-4) අගය වන්නේ,~~14~0
~~~~~~~~~~~~~~~~6~1
~~~~~~~~~~~~~~~~-6~0
~~~~~~~~~~~~~~~~8~0
~~~~~~~~~~~422~~~(-8) + (-3) අගය වන්නේ,~~-10~0
~~~~~~~~~~~~~~~~-11~1
~~~~~~~~~~~~~~~~11~0
~~~~~~~~~~~~~~~~-5~0
~~~~~~~~~~~423~~~3622 ÷ 100 අගය වන්නේ,~~362.2~0
~~~~~~~~~~~~~~~~36.22~1
~~~~~~~~~~~~~~~~3.622~0
~~~~~~~~~~~~~~~~0.3622~0
~~~~~~~~~~~424~~~3x + 4y + 5x + 2y අගය වන්නේ,~~8x + 6y~1
~~~~~~~~~~~~~~~~2x + 6y~0
~~~~~~~~~~~~~~~~3x+ 3y~0
~~~~~~~~~~~~~~~~4x + 5y~0
~~~~~~~~~~~425~~~a = 2 , b = 4 නම් 2a + 3b අගය වන්නේ,~~16~1
~~~~~~~~~~~~~~~~14~0
~~~~~~~~~~~~~~~~12~0
~~~~~~~~~~~~~~~~10~0
86~2017~7~maths-07-t3-l29-ep27~27~3~29~ගණිත ගැටලු පහසුවෙන් විසඳීම~වර්ෂ අවසාන ප්‍රශ්න පත්‍ර සාකච්ඡාව - I කොටස~වාර තුනෙහිම  පාඩම් වලට අදාළ ප්‍රශ්ණ  සාකච්ඡා  කිරීම.~1:00:00~426~~~8 × 5 ÷ 2 හි පිළිතුර වේ.~~20~1
~~~~~~~~~~~~~~~~15~0
~~~~~~~~~~~~~~~~30~0
~~~~~~~~~~~~~~~~10~0
~~~~~~~~~~~427~~maths-07-t3-l29-ep27-q-2.png~සමාන්තර පාද යුගලය වන්නේ,~~AD, BE~0
~~~~~~~~~~~~~~~~AB, DC~1
~~~~~~~~~~~~~~~~AB, AD~0
~~~~~~~~~~~~~~~~BE, BC~0
~~~~~~~~~~~428~~maths-07-t3-l29-ep27-q-3.png~ABE ට සමාන කෝණය වන්නේ,~~BED කෝණය~0
~~~~~~~~~~~~~~~~BEC කෝණය~1
~~~~~~~~~~~~~~~~BAD කෝණය~0
~~~~~~~~~~~~~~~~ADB කෝණය~0
~~~~~~~~~~~429~~maths-07-t3-l29-ep27-q-4.png~එකිනෙකට සමාන පාද යුගලය වන්නේ,~~AB, BE~0
~~~~~~~~~~~~~~~~DE, EC~0
~~~~~~~~~~~~~~~~AD, BC~1
~~~~~~~~~~~~~~~~AB, AD~0
~~~~~~~~~~~430~~maths-07-t3-l29-ep27-q-5.png~මහා කෝණයක් වන්නේ,~~ABE කෝණය~0
~~~~~~~~~~~~~~~~BEC කෝණය~0
~~~~~~~~~~~~~~~~BED කෝණය~1
~~~~~~~~~~~~~~~~BAD කෝණය~0
87~2017~7~maths-07-t3-l29-ep28~28~3~29~ගණිත ගැටලු පහසුවෙන් විසඳීම~වර්ෂ අවසාන ප්‍රශ්න පත්‍ර සාකච්ඡාව - II කොටස~වාර තුනෙහිම  පාඩම් වලට අදාළ ප්‍රශ්ණ  සාකච්ඡා  කිරීම.~1:00:00~431~පොතක මිල 3a ද පෑනක මිල 2a ද වන අතර ළමයකුට පොතක් සහ පෑනක් මිල දී ගැනීමට රුපියල් 50ක් වැය විය.~~පොතක මිල කීයද?~~රුපියල් 40 කි.~0
~~~~~~~~~~~~~~~~රුපියල් 30 කි.~1
~~~~~~~~~~~~~~~~රුපියල් 25 කි.~0
~~~~~~~~~~~~~~~~රුපියල් 20 කි.~0
~~~~~~~~~~~432~~~පෑනක මිල කීයද?~~රුපියල් 20 කි.~1
~~~~~~~~~~~~~~~~රුපියල් 10 කි.~0
~~~~~~~~~~~~~~~~රුපියල් 15 කි.~0
~~~~~~~~~~~~~~~~රුපියල් 5 කි.~0
~~~~~~~~~~~433~~~ඉඩමකින් ½ ක් A ට ද, 1/3ක් B ට ද විකුණන ලදී. එම ඉඩමෙන් ඉතිරි ප්‍රමාණය කොපමණ ද?~~2/4~0
~~~~~~~~~~~~~~~~1/6~1
~~~~~~~~~~~~~~~~4/6~0
~~~~~~~~~~~~~~~~¼~0
~~~~~~~~~~~434~~~මුළු ඉඩමේ ප්‍රමාණය අක්කර 6ක් නම් A මිලදී ගත් ප්‍රමාණය කොපමණ ද?~~අක්කර 2 යි.~0
~~~~~~~~~~~~~~~~අක්කර 6 යි.~0
~~~~~~~~~~~~~~~~අක්කර 4 යි.~0
~~~~~~~~~~~~~~~~අක්කර 3 යි.~1
~~~~~~~~~~~435~~~B මිලදී ගත් ප්‍රමාණය කොපමණ ද?~~අක්කර 2 යි~1
~~~~~~~~~~~~~~~~අක්කර 6 යි~0
~~~~~~~~~~~~~~~~අක්කර 4 යි~0
~~~~~~~~~~~~~~~~අක්කර 5 යි~0
88~2017~7~maths-07-t3-l29-ep29~29~3~29~ගණිත ගැටලු පහසුවෙන් විසඳීම~වර්ෂ අවසාන ප්‍රශ්න පත්‍ර සාකච්ඡාව - III කොටස~වාර තුනෙහිම  පාඩම් වලට අදාළ ප්‍රශ්ණ  සාකච්ඡා  කිරීම.~1:00:00~436~~~1.26 ප්‍රතිශතයක් ලෙස දක්වන්න.~~1.26%~0
~~~~~~~~~~~~~~~~126%~1
~~~~~~~~~~~~~~~~12.6%~0
~~~~~~~~~~~~~~~~0.126%~0
~~~~~~~~~~~437~~~19/5 මිශ්‍ර භාගයක් ලෙස දක්වන්න.~maths-07-t3-l29-ep29-q-2-a-1.png~~0
~~~~~~~~~~~~~~~maths-07-t3-l29-ep29-q-2-a-2.png~~1
~~~~~~~~~~~~~~~maths-07-t3-l29-ep29-q-2-a-3.png~~0
~~~~~~~~~~~~~~~maths-07-t3-l29-ep29-q-2-a-4.png~~0
~~~~~~~~~~~438~~~7kg වන සහල් මිටියකින් සෑදිය හැකි 250g සහල් පැකට් ප්‍රමාණය කොපමණ ද?~~පැකට් 40 යි.~0
~~~~~~~~~~~~~~~~පැකට් 30 යි.~0
~~~~~~~~~~~~~~~~පැකට් 28 යි.~1
~~~~~~~~~~~~~~~~පැකට් 27 යි.~0
~~~~~~~~~~~439~~~සෘජුකෝණයක කෝණයක අගය වන්නේ,~~450~0
~~~~~~~~~~~~~~~~550~0
~~~~~~~~~~~~~~~~900~1
~~~~~~~~~~~~~~~~1200~0
~~~~~~~~~~~440~~~x = 5 , y = 2 නම් 3x + 8y අගය වන්නේ,~~30~0
~~~~~~~~~~~~~~~~32~0
~~~~~~~~~~~~~~~~31~1
~~~~~~~~~~~~~~~~28~0
89~2017~7~maths-07-t3-l29-ep30~30~3~29~ගණිත ගැටලු පහසුවෙන් විසඳීම~වර්ෂ අවසාන ප්‍රශ්න පත්‍ර සාකච්ඡාව - IV කොටස~වාර තුනෙහිම  පාඩම් වලට අදාළ ප්‍රශ්ණ  සාකච්ඡා  කිරීම.~1:00:00~441~~~3a + 2b + a + 4b සුළු කරන්න.~~4a + 6b~1
~~~~~~~~~~~~~~~~4a - 6b~0
~~~~~~~~~~~~~~~~3a + 2b~0
~~~~~~~~~~~~~~~~2a + 2b~0
~~~~~~~~~~~442~~~7 - 3 x 5 සුළු කරන්න.~~8~0
~~~~~~~~~~~~~~~~-8~1
~~~~~~~~~~~~~~~~22~0
~~~~~~~~~~~~~~~~-22~0
~~~~~~~~~~~443~~~5x + 3 = 13 විසදන්න.~~x = 5~0
~~~~~~~~~~~~~~~~x = 2~1
~~~~~~~~~~~~~~~~x = 0~0
~~~~~~~~~~~~~~~~x = 3~0
~~~~~~~~~~~444~~~8p + 7 = 79, p හි අගය සොයන්න.~~p = 9~1
~~~~~~~~~~~~~~~~p = -9~0
~~~~~~~~~~~~~~~~p = 0~0
~~~~~~~~~~~~~~~~p = 1~0
~~~~~~~~~~~445~~~3y - 2 = 13 විසදන්න.~~y  = -4~0
~~~~~~~~~~~~~~~~y  =  4~0
~~~~~~~~~~~~~~~~y  = -5~0
~~~~~~~~~~~~~~~~y  =  5~1
