1~2016~6~tamil-06-t1-l01-ep01~1~1~1~හමුවෙමු~දෙදෙනෙකු හමුවීම.~ශිවා සහ ගීතා යන දෙදෙනා හමුවී ඔවුන් එකිනෙකා හට හඳුන්වා දීමත්, ඒ ආකාරයෙන් විවිධ පුද්ගලයන් හඳුන්වා දීමත් මෙම පාඩමෙන් අධ්‍යයනය කෙරේ.~01:00:00~1~~~'நான் தெரேசா’ යන වාක්‍යයේ තේරුම කුමක්ද?~~මම තෙරේසා.~1
~~~~~~~~~~~~~~~~මම තාරුකා.~0
~~~~~~~~~~~~~~~~මම තරුෂී.~0
~~~~~~~~~~~~~~~~මම තෙරුනි.~0
~~~~~~~~~~~2~~~'මම නාමල්' යන වාක්‍යයේ දෙමළ වාක්‍ය කුමක්ද?~~நான் நுமல்.~0
~~~~~~~~~~~~~~~~நான் நாமல்.~1
~~~~~~~~~~~~~~~~நான் நரேன்.~0
~~~~~~~~~~~~~~~~நான் னமல்.~0
~~~~~~~~~~~3~~~'உங்கள் ஊர்?' යන ප‍්‍රශ්නයට ගැළපෙන පිළිතුර කුමක්ද?~~எனது பெயர் கவீதா.~0
~~~~~~~~~~~~~~~~எனது ஊர் கொழும்பு.~1
~~~~~~~~~~~~~~~~மீண்டும் சந்திப்போம்.~0
~~~~~~~~~~~~~~~~நான் அப்துல்.~0
~~~~~~~~~~~4~හිස්තැනට සුදුසු අකුර යොදා හිස්තැන් පුරවන්න.~~நாங்…..ள் - අපි~~க~1
~~~~~~~~~~~~~~~~ச~0
~~~~~~~~~~~~~~~~கு~0
~~~~~~~~~~~~~~~~த~0
~~~~~~~~~~~5~~~உன்…..டைய - ඔබේ~~னு~1
~~~~~~~~~~~~~~~~யு~0
~~~~~~~~~~~~~~~~ழு~0
~~~~~~~~~~~~~~~~து~0
2~2016~6~tamil-06-t1-l01-ep02~2~1~1~හමුවෙමු~හමුවීම මම - අපි - ඔබ.~මගේ - එන් , එනදු , එන්නුඩෙය /ඔබේ - උන්, උනදු , උන්නුඩෙය යොදා සංවාදයේ යෙදීම.~01:00:00~6~~~'என்னுடைய அப்பா’ යන වාක්‍යයේ තේරුම කුමක්ද?~~මගේ තාත්තා~1
~~~~~~~~~~~~~~~~අපේ තාත්තා~0
~~~~~~~~~~~~~~~~ඔබේ තාත්තා~0
~~~~~~~~~~~~~~~~ඔහුගේ තාත්තා~0
~~~~~~~~~~~7~~~'මගේ අම්මා' යන වාක්‍යයේ දෙමළ වාක්‍ය කුමක්ද?~~எனது அப்பா~0
~~~~~~~~~~~~~~~~என்னுடைய அம்மா.~1
~~~~~~~~~~~~~~~~உன்னுடைய அம்மா.~0
~~~~~~~~~~~~~~~~உங்களுடைய அம்மா.~0
~~~~~~~~~~~8~~~'உங்களது’ යන වචනයේ තේරුම කුමක්ද?~~මගේ~0
~~~~~~~~~~~~~~~~ඔබේ~1
~~~~~~~~~~~~~~~~ඹම~0
~~~~~~~~~~~~~~~~ඔබ~0
~~~~~~~~~~~9~~~மீண்டும்’ යන වචනයේ තේරුම කුමක්ද?~~ගම~0
~~~~~~~~~~~~~~~~හමුවෙමු~0
~~~~~~~~~~~~~~~~නුවර~0
~~~~~~~~~~~~~~~~නැවත~1
~~~~~~~~~~~10~~tamil-06-t1-l01-ep02-q1.jpg~හිස්තැනට සුදුසු වචනය කුමක්ද?~~சந்திப்போம்~0
~~~~~~~~~~~~~~~~கண்டி~0
~~~~~~~~~~~~~~~~நன்றி~0
~~~~~~~~~~~~~~~~வணக்கம்~1
3~2016~6~tamil-06-t1-l01-ep03~3~1~1~හමුවෙමු~දෙබස.~මගේ සහ නාම පද/ ඔබේ සහ නාම පද රවී සහ රාහු යන දෙදෙනා අතර දෙබස.~01:00:00~11~~tamil-06-t1-l01-ep03-q1.jpg~මෙම රූපය කුමක්ද?~~பை~0
~~~~~~~~~~~~~~~~பாடசாலை~0
~~~~~~~~~~~~~~~~பேனை~0
~~~~~~~~~~~~~~~~புத்தகம்~1
~~~~~~~~~~~12~හිස්තැනට සුදුසු අකුර තෝරන්න.~~பே…~~ணை~0
~~~~~~~~~~~~~~~~னை~1
~~~~~~~~~~~~~~~~நை~0
~~~~~~~~~~~~~~~~உ~0
~~~~~~~~~~~13~~~வீ…~~ட~0
~~~~~~~~~~~~~~~~டு~1
~~~~~~~~~~~~~~~~டூ~0
~~~~~~~~~~~~~~~~ழ~0
~~~~~~~~~~~14~~~பா….சாலை~~ற~0
~~~~~~~~~~~~~~~~ட~1
~~~~~~~~~~~~~~~~ஏ~0
~~~~~~~~~~~~~~~~ஹ~0
~~~~~~~~~~~15~~tamil-06-t1-l01-ep03-q2.jpg~පින්තූරයට ගැළපෙන වචනය කුමක්ද?~~நாய்~1
~~~~~~~~~~~~~~~~நண்பன்~0
~~~~~~~~~~~~~~~~வீடு~0
~~~~~~~~~~~~~~~~பை~0
4~2016~6~tamil-06-t1-l02-ep04~4~1~2~පින්තූර බලා කතා කිරීම~ස්වර අක්ෂර + ඉවර් අවර් යන වචන හඳුන්වා දීම~ස්වර අක්ෂර හා ස්වර අක්ෂරයෙන් යෙදෙන වචන හඳුනා ගැනීම.  ඉවර් අවර් යන වචන යොදා කතා කිරීම.~01:00:00~16~~tamil-06-t1-l02-ep04-q1.jpg~මෙම රූපය කුමක්ද?~~எறும்பு~1
~~~~~~~~~~~~~~~~எலி~0
~~~~~~~~~~~~~~~~ஆடு~0
~~~~~~~~~~~~~~~~ஆமை~0
~~~~~~~~~~~17~~tamil-06-t1-l02-ep04-q2.jpg~මෙම රූපය කුමක්ද?~~இரண்டு~0
~~~~~~~~~~~~~~~~இலை~1
~~~~~~~~~~~~~~~~உலகம்~0
~~~~~~~~~~~~~~~~ஐந்து~0
~~~~~~~~~~~18~හිස්තැනට සුදුසු අකුර තෝරන්න.~~…க்கா~~ஆ~0
~~~~~~~~~~~~~~~~இ~0
~~~~~~~~~~~~~~~~அ~1
~~~~~~~~~~~~~~~~எ~0
~~~~~~~~~~~19~~~எ…கு~~ஃ~1
~~~~~~~~~~~~~~~~ஈ~0
~~~~~~~~~~~~~~~~ னு~0
~~~~~~~~~~~~~~~~க்~0
~~~~~~~~~~~20~~~ஒன்…து~~கு~0
~~~~~~~~~~~~~~~~ப~1
~~~~~~~~~~~~~~~~மு~0
~~~~~~~~~~~~~~~~ம~0
5~2016~6~tamil-06-t1-l03-ep05~5~1~3~මේ මගේ පවුල~පවුලේ සාමාජිකයන්.~පවුලේ සාමාජිකයන් හඳුන්වා දීම.~01:00:00~21~~~පවුලේ සාමාජිකයෙක් නොවන්නේ කවුද?~~அக்கா~0
~~~~~~~~~~~~~~~~பாட்டி~0
~~~~~~~~~~~~~~~~அம்மா~0
~~~~~~~~~~~~~~~~சாரதா~1
~~~~~~~~~~~22~~~பாட்டி' යන වචනයට සමාන පදයක් වන්නේ කුමක්ද?~~ஆச்சி~1
~~~~~~~~~~~~~~~~தாத்தா~0
~~~~~~~~~~~~~~~~அம்மா~0
~~~~~~~~~~~~~~~~மாமி~0
~~~~~~~~~~~23~~~වැරදි යුගලය සහිත පිළිතුර තෝරන්න.~~பெரியப்பா - பெரியம்மா~0
~~~~~~~~~~~~~~~~மச்சான் - மச்சாள்~0
~~~~~~~~~~~~~~~~தாத்தா - அம்மா~1
~~~~~~~~~~~~~~~~சித்தப்பா - சின்னம்மா~0
~~~~~~~~~~~24~~~என்ன?’ යන වචනයේ තේරුම කුමක්ද?~~කවුද?~0
~~~~~~~~~~~~~~~~මොකක්ද?~1
~~~~~~~~~~~~~~~~කවදද?~0
~~~~~~~~~~~~~~~~කොහේද?~0
~~~~~~~~~~~25~~~'என் தாத்தா பெயர் கந்தையா’ යන වාක්‍යයේ තේරුම කුමක්ද?~~මගේ නම කන්දයියා~0
~~~~~~~~~~~~~~~~මගේ සීයාගේ නම කන්දයියා~1
~~~~~~~~~~~~~~~~මගේ සීයා හරි හොඳයි~0
~~~~~~~~~~~~~~~~මේ මගේ සීයා~0
6~2016~6~tamil-06-t1-l03-ep06~6~1~3~මේ මගේ පවුල~ ඉවර් අවර් යන වචන භාවිතා කිරීම.~පවුලේ සාමාජිකයන්ව ඉවර් අවර් යන වචන යොදා හඳුන්වා දීම.~01:00:00~26~~~'உறவினர்’ යන වචනයේ තේරුම කුමක්ද?~~නෑදෑයෝ~1
~~~~~~~~~~~~~~~~අසල්වැසියෝ~0
~~~~~~~~~~~~~~~~හිතවතුන්~0
~~~~~~~~~~~~~~~~යාලූවෝ~0
~~~~~~~~~~~27~~tamil-06-t1-l03-ep06-q1.jpg~මොහු කවුරුන්ද?~~அண்ணா~0
~~~~~~~~~~~~~~~~அப்பா~0
~~~~~~~~~~~~~~~~தம்பி~0
~~~~~~~~~~~~~~~~தாத்தா~1
~~~~~~~~~~~28~හිස්තැනට සුදුසු අකුර තෝරන්න.~~த...கை~~ங்~1
~~~~~~~~~~~~~~~~ந்~0
~~~~~~~~~~~~~~~~ண~0
~~~~~~~~~~~~~~~~யீ~0
~~~~~~~~~~~29~~~அ…ணா~~ந்~0
~~~~~~~~~~~~~~~~ன்~0
~~~~~~~~~~~~~~~~ண்~1
~~~~~~~~~~~~~~~~ர்~0
~~~~~~~~~~~30~~~பா…டி~~ட்~1
~~~~~~~~~~~~~~~~ ற்~0
~~~~~~~~~~~~~~~~டு~0
~~~~~~~~~~~~~~~~உ~0
7~2016~6~tamil-06-t1-l04-ep07~7~1~4~පින්තූර බලා කතා කිරීම~මේක, අරක, කොයික ද? යන වචන හඳුන්වා දීම.~මේක, අරක, කොයික ද? යන වචන යොදා ප‍්‍රශ්න ඇසීම සහ එම ප‍්‍රශ්නවලට පිළිතුර ලබා දීම.~01:00:00~31~~~'ஆசிரியர்’ යන වචනයේ තේරුම කුමක්ද?~~ගුරුතුමා~1
~~~~~~~~~~~~~~~~සීයා~0
~~~~~~~~~~~~~~~~තාත්තා~0
~~~~~~~~~~~~~~~~යාලූවා~0
~~~~~~~~~~~32~~tamil-06-t1-l04-ep07-q1.jpg~'இவர் யார்?’ යන ප‍්‍රශ්නයට ගැළපෙන පිළිතුර තෝරන්න.~~இவர் என்னுடைய தாத்தா~0
~~~~~~~~~~~~~~~~இவர் எனது நண்பி~0
~~~~~~~~~~~~~~~~அவர் என்னுடைய சாரதி~0
~~~~~~~~~~~~~~~~ இவர் என்னுடைய பாட்டி~1
~~~~~~~~~~~33~~~அது மரம். යන වාක්‍යයේ තේරුම කුමක්ද?~~මෙය ගසකි~0
~~~~~~~~~~~~~~~~එය ගසකි~1
~~~~~~~~~~~~~~~~මෙය මලකි~0
~~~~~~~~~~~~~~~~එය මලකි~0
~~~~~~~~~~~34~~tamil-06-t1-l04-ep07-q2.jpg~இது என்ன?~~இது கிளி~1
~~~~~~~~~~~~~~~~இது எலி~0
~~~~~~~~~~~~~~~~இது ஆமை~0
~~~~~~~~~~~~~~~~இது மருந்து~0
~~~~~~~~~~~35~~tamil-06-t1-l04-ep07-q3.jpg~இது என்ன?~~மரக்கறிகள்~1
~~~~~~~~~~~~~~~~மருந்துகள்~0
~~~~~~~~~~~~~~~~மரங்கள்~0
~~~~~~~~~~~~~~~~பழங்கள்~0
8~2016~6~tamil-06-t1-l04-ep08~8~1~4~පින්තූර බලා කතා කිරීම~ව්‍යංජන අක්ෂර.~ව්‍යංජන අක්ෂර හඳුන්වාදීම සහ ව්‍යංජන අක්ෂර ලියන ක‍්‍රමය. ව්‍යංජන  අක්ෂරයෙන් යෙදෙන වචන හඳුන්වා දීම. ඉවර්(මෙයා) ඉදු (මේක) හඳුන්වා දීම.~01:00:00~36~හිස්තැනට සුදුසු අකුර යොදා හිස්තැන් පුරවන්න.~~விள...கு~~ர்~0
~~~~~~~~~~~~~~~~ ங்~1
~~~~~~~~~~~~~~~~க~0
~~~~~~~~~~~~~~~~ கூ~0
~~~~~~~~~~~37~~~ப…சை~~ச்~1
~~~~~~~~~~~~~~~~க்~0
~~~~~~~~~~~~~~~~ங்~0
~~~~~~~~~~~~~~~~ப்~0
~~~~~~~~~~~38~~~ம...சள்~~ழ்~0
~~~~~~~~~~~~~~~~ஞ்~1
~~~~~~~~~~~~~~~~ச்~0
~~~~~~~~~~~~~~~~உ~0
~~~~~~~~~~~39~~~பா…~~ண்~1
~~~~~~~~~~~~~~~~ங்~0
~~~~~~~~~~~~~~~~ள்~0
~~~~~~~~~~~~~~~~ன்~0
~~~~~~~~~~~40~~~பரு…பு~~ள்~0
~~~~~~~~~~~~~~~~ப்~1
~~~~~~~~~~~~~~~~ ன்~0
~~~~~~~~~~~~~~~~ர்~0
9~2016~6~tamil-06-t1-l04-ep09~9~1~4~පින්තූර බලා කතා කිරීම~පාට හඳුන්වා දීම.~විවිධ පාට හඳුනා ගැනීම‍ සහ පාටට අදාළ රූප භවිතා කිරීම.~01:00:00~41~~~'நிறங்கள்’ යන වචනයේ තේරුම කුමක්ද?~~පාට~1
~~~~~~~~~~~~~~~~අහස~0
~~~~~~~~~~~~~~~~මුහුද~0
~~~~~~~~~~~~~~~~ගෙම්බා~0
~~~~~~~~~~~42~~tamil-06-t1-l04-ep09-q1.jpg~මෙය කුමක්ද?~~மாணிக்கம்~0
~~~~~~~~~~~~~~~~பறவை~0
~~~~~~~~~~~~~~~~கொக்கு~0
~~~~~~~~~~~~~~~~வண்ணத்துப்பூச்சி~1
~~~~~~~~~~~43~~tamil-06-t1-l04-ep09-q2.jpg~මෙය කුමක්ද?~~வானவில்~1
~~~~~~~~~~~~~~~~பூக்கள்~0
~~~~~~~~~~~~~~~~நிறங்கள்~0
~~~~~~~~~~~~~~~~வானம்~0
~~~~~~~~~~~44~~tamil-06-t1-l04-ep09-q3.jpg~මෙහි පාට කුමක්ද?~~ஊதா~0
~~~~~~~~~~~~~~~~நீலம்~0
~~~~~~~~~~~~~~~~பச்சை~1
~~~~~~~~~~~~~~~~சிவப்பு~0
~~~~~~~~~~~45~~~'கருப்பு’ යන වචනයේ දෙමළ වචනය කුමක්ද?~~කළු~1
~~~~~~~~~~~~~~~~රතු~0
~~~~~~~~~~~~~~~~කොළ~0
~~~~~~~~~~~~~~~~නිල්~0
10~2016~6~tamil-06-t1-l04-ep10~10~1~4~පින්තූර බලා කතා කිරීම~පාට හඳුන්වා දීම.~විවිධ පාට හඳුනා ගැනීම සහ පාටට අදාළ රූප භවිතා කිරීම‍ තවදුරටත්.~01:00:00~46~~tamil-06-t1-l04-ep10-q1.jpg~මෙහි පාට කුමක්ද?~~மஞ்சள்~1
~~~~~~~~~~~~~~~~நீலம்~0
~~~~~~~~~~~~~~~~பச்சை~0
~~~~~~~~~~~~~~~~சிவப்பு~0
~~~~~~~~~~~47~~tamil-06-t1-l04-ep10-q2.jpg~මෙහි පාට කුමක්ද?~~செம்மஞ்சள்~1
~~~~~~~~~~~~~~~~மஞ்சள்~0
~~~~~~~~~~~~~~~~ ஊதா~0
~~~~~~~~~~~~~~~~நீலம்~0
~~~~~~~~~~~48~~tamil-06-t1-l04-ep10-q3.jpg~මෙහි පාට කුමක්ද?~~கபிலம்~1
~~~~~~~~~~~~~~~~ கருப்பு~0
~~~~~~~~~~~~~~~~பச்சை~0
~~~~~~~~~~~~~~~~சிவப்பு~0
~~~~~~~~~~~49~~~'දම්' පාට හදුන්වන දෙමළ වචනය කුමක්ද?~~ஊதா~1
~~~~~~~~~~~~~~~~பச்சை~0
~~~~~~~~~~~~~~~~கபிலம்~0
~~~~~~~~~~~~~~~~மஞ்சள்~0
~~~~~~~~~~~50~~~'ஆரஞ்சு’ මොන පාටද?~~சிவப்பு~0
~~~~~~~~~~~~~~~~செம்மஞ்சள்~1
~~~~~~~~~~~~~~~~மஞ்சள்~0
~~~~~~~~~~~~~~~~பச்சை~0
11~2016~6~tamil-06-t1-l04-ep11~11~1~4~පින්තූර බලා කතා කිරීම~ශරීරයේ කොටස් හඳුුන්වා දීම සහ වාක්‍ය සකස් කිරීම.~ශරීරයේ කොටස් හඳුනා ගැනීම සහ විධාන පද එක් කර වාක්‍ය සකස් කිරීම.~01:00:00~51~~~'බඩ'  හදුන්වන දෙමළ වචනය කුමක්ද?~~வாய்~0
~~~~~~~~~~~~~~~~வயிறு~1
~~~~~~~~~~~~~~~~கழுத்து~0
~~~~~~~~~~~~~~~~மூக்கு~0
~~~~~~~~~~~52~~~'நெற்றி’ යන වචනයේ තේරුම කුමක්ද?~~ නළල~1
~~~~~~~~~~~~~~~~කට~0
~~~~~~~~~~~~~~~~ කන~0
~~~~~~~~~~~~~~~~නාසය~0
~~~~~~~~~~~53~~tamil-06-t1-l04-ep11-q1.jpg~මෙය කුමක්ද?~~கண்~1
~~~~~~~~~~~~~~~~காது~0
~~~~~~~~~~~~~~~~மூக்கு~0
~~~~~~~~~~~~~~~~வாய்~0
~~~~~~~~~~~54~~~'கை கழுவுங்கள்’ යන වාක්‍යයේ තේරුම කුමක්ද?~~අත උස්සන්න~0
~~~~~~~~~~~~~~~~අත සෝදන්න~1
~~~~~~~~~~~~~~~~කට සෝදන්න~0
~~~~~~~~~~~~~~~~කකුල සෝදන්න~0
~~~~~~~~~~~55~~~'சாப்பிடுங்கள்’ යන වචනයේ තේරුම කුමක්ද?~~කන්න~1
~~~~~~~~~~~~~~~~ බොන්න~0
~~~~~~~~~~~~~~~~යන්න~0
~~~~~~~~~~~~~~~~දෙන්න~0
12~2016~6~tamil-06-t1-l05-ep12~12~1~5~හඳ~සරල වචන හඳුනා ගැනීම.~නිලා නිලා ඕඩි වා..... යන සිංදුවේ තිබෙන සරල වචන හඳුනාගැනීම.~01:00:00~56~~~'தீ’ යන වචනයේ තේරුම කුමක්ද?~~ගින්දර~1
~~~~~~~~~~~~~~~~කුඩය~0
~~~~~~~~~~~~~~~~අහස~0
~~~~~~~~~~~~~~~~අම්මා~0
~~~~~~~~~~~57~~~'மழை’ යන වචනයේ තේරුම කුමක්ද?~~කොළය~0
~~~~~~~~~~~~~~~~වඬේ~0
~~~~~~~~~~~~~~~~වැස්ස~1
~~~~~~~~~~~~~~~~බෑගය~0
~~~~~~~~~~~58~~~'நிலா’ යන වචනයේ තේරුම කුමක්ද?~~ හඳ~1
~~~~~~~~~~~~~~~~ඉර~0
~~~~~~~~~~~~~~~~අහස~0
~~~~~~~~~~~~~~~~පොළොව~0
~~~~~~~~~~~59~~~'මල' යන වචනයේ දෙමළ වචනය කුමක්ද?~~ தீ~0
~~~~~~~~~~~~~~~~மை~0
~~~~~~~~~~~~~~~~நீ~0
~~~~~~~~~~~~~~~~பூ~1
~~~~~~~~~~~60~~tamil-06-t1-l05-ep12-q1.jpg~මෙම රූපය කුමක්ද?~~உடை~1
~~~~~~~~~~~~~~~~மழை~0
~~~~~~~~~~~~~~~~வடை~0
~~~~~~~~~~~~~~~~குடை~0
13~2016~6~tamil-06-t1-l05-ep13~13~1~5~හඳ~විධාන පද.~විධාන පද  හඳුනාගැනීම.~01:00:00~61~~~'ஓடு’ යන වචනයේ තේරුම කුමක්ද?~~දුවන්න~1
~~~~~~~~~~~~~~~~ කියවන්න~0
~~~~~~~~~~~~~~~~කන්න~0
~~~~~~~~~~~~~~~~දෙන්න~0
~~~~~~~~~~~62~~~'குளி’ යන වචනයේ තේරුම කුමක්ද?~~අඩන්න~0
~~~~~~~~~~~~~~~~පනින්න~0
~~~~~~~~~~~~~~~~නාන්න~1
~~~~~~~~~~~~~~~~කියවන්න~0
~~~~~~~~~~~63~~tamil-06-t1-l05-ep13-q1.jpg~මෙය කුමක්ද?~~அழு~1
~~~~~~~~~~~~~~~~குளி~0
~~~~~~~~~~~~~~~~ சிரி~0
~~~~~~~~~~~~~~~~படி   ~0
~~~~~~~~~~~64~~~'නැත' යන වචනයේ දෙමළ වචනය කුමක්ද?    ~~ஆம்~0
~~~~~~~~~~~~~~~~அது~0
~~~~~~~~~~~~~~~~இல்லை~1
~~~~~~~~~~~~~~~~யில்லை~0
~~~~~~~~~~~65~~~'நீர்’ යන වචනයේ සිංහල වචනය කුමක්ද?~~වතුර~1
~~~~~~~~~~~~~~~~අහස~0
~~~~~~~~~~~~~~~~දත්~0
~~~~~~~~~~~~~~~~ අත~0
14~2016~6~tamil-06-t1-l05-ep14~14~1~5~හඳ~විධාන පද තවදුරටත් (ඒක වචන බහුවචන පද හඳුනා ගැනීම).~ ඒක වචන බහුවචන පිළිබදව හඳුනාගැනීම.~01:00:00~66~හිස්තැනට සුදුසු වචනය යොදා හිස්තැන් පුරවන්න.~tamil-06-t1-l05-ep14-q1.jpg~இது புத்தகம். /n………….. இது பேனை.~~ஆம்~0
~~~~~~~~~~~~~~~~அது~0
~~~~~~~~~~~~~~~~இல்லை~1
~~~~~~~~~~~~~~~~இது~0
~~~~~~~~~~~67~හිස්තැනට සුදුසු වචනය යොදා හිස්තැන් පුරවන්න.~tamil-06-t1-l05-ep14-q2.jpg~அது கை. /n……. அது கை.~~ஆம்~1
~~~~~~~~~~~~~~~~அது~0
~~~~~~~~~~~~~~~~இல்லை~0
~~~~~~~~~~~~~~~~இது~0
~~~~~~~~~~~68~~~'கால்’ යන වචනයේ බහු වචනය කුමක්ද?~~கால்கள்~1
~~~~~~~~~~~~~~~~கால்கல்~0
~~~~~~~~~~~~~~~~கால்கழ்~0
~~~~~~~~~~~~~~~~கால்தள்~0
~~~~~~~~~~~69~~~'இலை’ යන වචනයේ බහු වචනය කුමක්ද?~~இலைகள்~1
~~~~~~~~~~~~~~~~இலைமார்~0
~~~~~~~~~~~~~~~~இலைகல்~0
~~~~~~~~~~~~~~~~இலைகழ்~0
~~~~~~~~~~~70~~~'தம்பி’ යන වචනයේ බහු වචනය කුමක්ද?~~தம்பிகள்~0
~~~~~~~~~~~~~~~~தம்பிகல்~0
~~~~~~~~~~~~~~~~தம்பியார்~0
~~~~~~~~~~~~~~~~தம்பிமார்~1
15~2016~6~tamil-06-t1-l05-ep15~15~1~5~හඳ~නාම පද - ක‍්‍රියාපද භාවිතය.~නාම පද ක‍්‍රියාපද භාවිතයෙන් වාක්‍ය ගොඩනැගීම හා උච්චාරණයේ යෙදෙන අයුරු, පවුලේ සාමාජිකයන් හඳුන්වා දීම හා  ශරීරයේ අවයව හඳුනාගැනීම මඟින් වාක්‍ය සෑදීම.~01:00:00~71~~~'தம்பி வாருங்கள்’ යන වාක්‍යයේ තේරුම කුමක්ද?~~මල්ලි එන්න~1
~~~~~~~~~~~~~~~~අයියා එන්න~0
~~~~~~~~~~~~~~~~මල්ලි යන්න~0
~~~~~~~~~~~~~~~~අයියා යන්න~0
~~~~~~~~~~~72~~~'தேனீர் குடியுங்கள்’ යන වාක්‍යයේ තේරුම කුමක්ද?~~වතුර බොන්න~0
~~~~~~~~~~~~~~~~බත් කන්න~0
~~~~~~~~~~~~~~~~තේ බොන්න~1
~~~~~~~~~~~~~~~~වාඩිවෙන්න~0
~~~~~~~~~~~73~~~'நெஞ்சு’ යන වචනයේ තේරුම කුමක්ද?~~පපුව~1
~~~~~~~~~~~~~~~~උගුර~0
~~~~~~~~~~~~~~~~බෙල්ල~0
~~~~~~~~~~~~~~~~කට~0
~~~~~~~~~~~74~~~'දත' යන වචනයේ දෙමළ වචනය කුමක්ද?~~பல்~1
~~~~~~~~~~~~~~~~பள்~0
~~~~~~~~~~~~~~~~ பழ்~0
~~~~~~~~~~~~~~~~பற்~0
~~~~~~~~~~~75~~~'අම්මා දෙන්න' යන වාක්‍යයේ දෙමළ වාක්‍ය කුමක්ද?~~பாட்டி குடியுங்கள்~0
~~~~~~~~~~~~~~~~அக்கா போங்கள்~0
~~~~~~~~~~~~~~~~அம்மா சமையுங்கள்~0
~~~~~~~~~~~~~~~~அம்மா தாருங்கள்~1
16~2016~6~tamil-06-t2-l06-ep01~1~2~6~මගේ පන්ති කාමරය~සංවාදය~පන්ති කාමරයක ගුරුවරයා හා ශිෂ්‍යයෝ අතර සිදුවෙන සංවාදය.~01:00:00~76~පහත දී ඇති ප‍්‍රශ්නයට සුදුසු පිළිතුර සදහන් පින්තූරය තෝරන්න.~~வகுப்பறையில் பயன்படுத்தப்படும் பொருள் எது?~tamil-06-t2-l06-ep01-a1.jpg~~0
~~~~~~~~~~~~~~~tamil-06-t2-l06-ep01-a2.jpg~~0
~~~~~~~~~~~~~~~tamil-06-t2-l06-ep01-a3.jpg~~0
~~~~~~~~~~~~~~~tamil-06-t2-l06-ep01-a4.jpg~~1
~~~~~~~~~~~77~හිස්තැනට සුදුසු අකුර තෝරන්න.~~பிள்.....கள்~~ளை~1
~~~~~~~~~~~~~~~~லை~0
~~~~~~~~~~~~~~~~ழை~0
~~~~~~~~~~~~~~~~னள~0
~~~~~~~~~~~78~~tamil-06-t2-l06-ep01-q1.jpg~පින්තූරයට ගැළපෙන වචනය තෝරන්න.~~கற்பித்தல்~1
~~~~~~~~~~~~~~~~வாசித்தல்~0
~~~~~~~~~~~~~~~~ஓடுதல்~0
~~~~~~~~~~~~~~~~பாய்தல்~0
~~~~~~~~~~~79~~~‘වාඩිවෙන්න’ යන වචනයේ දෙමළ තේරුම කුමක් ද?~~பாடுங்கள்~0
~~~~~~~~~~~~~~~~சாப்பிடுங்கள்~0
~~~~~~~~~~~~~~~~இருங்கள்~1
~~~~~~~~~~~~~~~~வாசியுங்கள்~0
~~~~~~~~~~~80~දී ඇති අකුරු ගළපා නිවැරදිව ලියූ වචනය තෝරන්න.~~கு/ ப்/ ப/ வ/ றை,~~வறைகுப்~0
~~~~~~~~~~~~~~~~குப்பவறை~0
~~~~~~~~~~~~~~~~வகுப்பறை~1
~~~~~~~~~~~~~~~~றைவகுப்ப~0
17~2016~6~tamil-06-t2-l06-ep02~6~2~2~මගේ පන්ති කාමරය~පින්තූර බලා කියවමු~පින්තූරයට ගැළපෙන වාක්‍ය කියවීම.~01:00:00~81~~tamil-06-t2-l06-ep02-q1.jpg~දී ඇති පින්තූරයට ගැලපෙන වචනය තෝරන්න.~~வாசித்தல்~1
~~~~~~~~~~~~~~~~உட்காருதல்~0
~~~~~~~~~~~~~~~~ஓடுதல்~0
~~~~~~~~~~~~~~~~சாப்பிடல்~0
~~~~~~~~~~~82~~~'வாசியுங்கள்' යන වචනයේ සිංහල තේරුම කුමක්ද?~~බලන්න~0
~~~~~~~~~~~~~~~~ලියන්න~0
~~~~~~~~~~~~~~~~කියවන්න~1
~~~~~~~~~~~~~~~~නටන්න~0
~~~~~~~~~~~83~~~‘පොත’ යන වචනයේ දෙමළ තේරුම කුමක් ද?~~புத்தகம்~1
~~~~~~~~~~~~~~~~பக்கம்~0
~~~~~~~~~~~~~~~~பேனை~0
~~~~~~~~~~~~~~~~கதிரை~0
~~~~~~~~~~~84~~~පන්ති කාමරයේ භාවිතා නොවන දේ කුමක් ද?~~கரண்டி~1
~~~~~~~~~~~~~~~~கதிரை~0
~~~~~~~~~~~~~~~~அலுமாரி~0
~~~~~~~~~~~~~~~~மேசை~0
~~~~~~~~~~~85~දී ඇති පින්තූරය බලා හිස්තැනට සුදුසු අකුර තෝරන්න.~tamil-06-t2-l06-ep02-q2.jpg~கரும்.......லகை~~து~0
~~~~~~~~~~~~~~~~ ப~1
~~~~~~~~~~~~~~~~மா~0
~~~~~~~~~~~~~~~~பா  ~0
18~2016~6~tamil-06-t2-l06-ep03~3~2~6~මගේ පන්ති කාමරය~ප‍්‍රශ්න සහ පිළිතුරු~ප‍්‍රශ්න ඇසීම හා එම ප‍්‍රශ්නයට උත්තර ලබා දීම.~01:00:00~86~~tamil-06-t2-l06-ep03-q1.jpg~පින්තූරය බලා නිවැරදිිව ලියා ඇති වාක්‍ය තෝරන්න.~~இங்கே மரம் இருக்கிறது~1
~~~~~~~~~~~~~~~~அங்கே கதிரை இருக்கிறது~0
~~~~~~~~~~~~~~~~அங்கே புத்தகம் இருக்கிறது~0
~~~~~~~~~~~~~~~~இங்கே புத்தகம் இருக்கிறது~0
~~~~~~~~~~~87~පහත සදහන් වාක්‍යට අදාළ නිවැරදි දෙමළ තේරුම සහිත වාක්‍ය තෝරන්න.~~මම පාඩම් කරමි.~~நான் பாடம் படித்திருக்கிறேன்~0
~~~~~~~~~~~~~~~~நான் பாடம் படிக்கிறேன்~1
~~~~~~~~~~~~~~~~நான் பாடம் படிப்பேன்~0
~~~~~~~~~~~~~~~~நான் பாடம் படிக்கவில்லை~0
~~~~~~~~~~~88~හිස්තැන් පුරවන්න.~tamil-06-t2-l06-ep03-q2.jpg~இப்பொழுது.......................என்ன?~~பெயர்~0
~~~~~~~~~~~~~~~~நேரம்~1
~~~~~~~~~~~~~~~~சொல்~0
~~~~~~~~~~~~~~~~இங்கே~0
~~~~~~~~~~~89~~tamil-06-t2-l06-ep03-q3.jpg~பேனை மேசையின் ........................ உள்ளது.~~மேலே~1
~~~~~~~~~~~~~~~~கீழே~0
~~~~~~~~~~~~~~~~உள்ளே~0
~~~~~~~~~~~~~~~~வெளியே~0
~~~~~~~~~~~90~~tamil-06-t2-l06-ep03-q4.jpg~இங்கே ...................... பூக்கள் உள்ளன.~~நான்கு~0
~~~~~~~~~~~~~~~~ஐந்து~1
~~~~~~~~~~~~~~~~பத்து~0
~~~~~~~~~~~~~~~~ஒன்று~0
19~2016~6~tamil-06-t2-l06-ep04~4~2~6~මගේ පන්ති කාමරය~ප‍්‍රශ්න සහ පිළිතුරු~ප‍්‍රශ්න ඇසීම හා එම ප‍්‍රශ්නයට උත්තර ලබා දීම.~01:00:00~91~දී ඇති පදයට සමාන පදය තෝරන්න.~tamil-06-t2-l06-ep04-q1.jpg~வீடு~~மலர்~0
~~~~~~~~~~~~~~~~தலை~0
~~~~~~~~~~~~~~~~இல்லம்~1
~~~~~~~~~~~~~~~~காகம்~0
~~~~~~~~~~~92~~ tamil-06-t2-l06-ep04-q2.jpg~හිස් කොටුවට සුදුසු දෙමළ අකුර තෝරන්න.~~ண~0
~~~~~~~~~~~~~~~~ன~1
~~~~~~~~~~~~~~~~ல~0
~~~~~~~~~~~~~~~~ம~0
~~~~~~~~~~~93~~~'இது எங்கள் நாடு' යන වාක්‍යයේ තේරුම කුමක්ද?~~මේ මගේ රට~0
~~~~~~~~~~~~~~~~මේ අපේ රට~1
~~~~~~~~~~~~~~~~මේ මගෙ ඔක~0
~~~~~~~~~~~~~~~~මේ ඉන්නේ මෙයා~0
~~~~~~~~~~~94~පින්තූරය බලා හිස්තැනට සුදුසු වචනය තෝරන්න.~ tamil-06-t2-l06-ep04-q3.jpg~இது ஒரு அழகான ...........................…~~மரம்~0
~~~~~~~~~~~~~~~~பூ~1
~~~~~~~~~~~~~~~~காய்~0
~~~~~~~~~~~~~~~~இலை~0
~~~~~~~~~~~95~~tamil-06-t2-l06-ep04-q4.jpg~அவை பெரிய ..................................~~மரங்கள்~1
~~~~~~~~~~~~~~~~பூக்கள்~0
~~~~~~~~~~~~~~~~ஆடுகள்~0
~~~~~~~~~~~~~~~~எறும்புகள்~0
20~2016~6~tamil-06-t2-l07-ep05~5~2~7~මයිනා~සුරතල් සතුන් පිළිබද හඳුනාගැනීම~සුරතල් සතුන්ව හඳුනා ගැනීම සහ මගේ සුරතලා මයිනා ගැන වාක්‍ය ලිවීම.~01:00:00~96~ගැළපෙන පිළිතුර තෝරන්න.~tamil-06-t2-l07-ep05-q1.jpg~கருப்பு நிறமான பறவை~~மைனா~0
~~~~~~~~~~~~~~~~கிளி~0
~~~~~~~~~~~~~~~~வாத்து~0
~~~~~~~~~~~~~~~~ காகம்~1
~~~~~~~~~~~97~පින්තූරය බලා අසා ඇති ප‍්‍රශ්නවලට පිළිතුරු සපයන්න.~tamil-06-t2-l07-ep05-q2.jpg~இது என்ன?~~வாத்து~0
~~~~~~~~~~~~~~~~புறா~1
~~~~~~~~~~~~~~~~கிளி~0
~~~~~~~~~~~~~~~~மைனா~0
~~~~~~~~~~~98~හිස්තැනට සුදුසු පින්තූරය තෝරන්න.~tamil-06-t2-l07-ep05-q3.jpg~இது ஒரு வாத்து~tamil-06-t2-l07-ep05-a1.jpg~~0
~~~~~~~~~~~~~~~tamil-06-t2-l07-ep05-a2.jpg~~0
~~~~~~~~~~~~~~~tamil-06-t2-l07-ep05-a3.jpg~~1
~~~~~~~~~~~~~~~tamil-06-t2-l07-ep05-a4.jpg~~0
~~~~~~~~~~~99~~~මයිනා කන්න කැමති කෑම මොනවද?~~வாழைப்பழம்~1
~~~~~~~~~~~~~~~~மீன்கள்~0
~~~~~~~~~~~~~~~~புழுக்கள்~0
~~~~~~~~~~~~~~~~இலைகள்~0
~~~~~~~~~~~100~හිස්තැන් පුරවන්න.~~.............................பால் தரும். /n ........................ කිරි දෙනවා~~பசு~1
~~~~~~~~~~~~~~~~ஆடு~0
~~~~~~~~~~~~~~~~நாய்~0
~~~~~~~~~~~~~~~~ பூனை~0
21~2016~6~tamil-06-t2-l07-ep06~6~2~7~මයිනා~වාක්‍ය ලිවීම~සුරතල් සතුන් ගැන වාක්‍ය ලිවීම. (බල්ලා,පූසා,හාවා,ලේනා,ගිරවා)~01:00:00~101~~tamil-06-t2-l07-ep06-q1.jpg~පින්තූරයට ගැළපෙන දෙමළ වචනය තෝරන්න.~~ஆடு~1
~~~~~~~~~~~~~~~~மீன்~0
~~~~~~~~~~~~~~~~நாய்~0
~~~~~~~~~~~~~~~~பல்லி~0
~~~~~~~~~~~102~පහත දී ඇති සතුන්ගේ ශබ්ද තෝරන්න.~~நாய்~~கூவும்~0
~~~~~~~~~~~~~~~~கத்தும்~0
~~~~~~~~~~~~~~~~சீறும்~0
~~~~~~~~~~~~~~~~குரைக்கும்~1
~~~~~~~~~~~103~අසා ඇති ප‍්‍රශ්නයට ගැළපෙන පින්තූරය තෝරන්න.~~வீட்டில் செல்லப்பிராணியாக வளர்க்க முடியாத விலங்கு எது?~tamil-06-t2-l07-ep06-a1.jpg~~0
~~~~~~~~~~~~~~~tamil-06-t2-l07-ep06-a2.jpg~~1
~~~~~~~~~~~~~~~tamil-06-t2-l07-ep06-a3.jpg~~0
~~~~~~~~~~~~~~~tamil-06-t2-l07-ep06-a4.jpg~~0
~~~~~~~~~~~104~හිස්තැන් පුරවන්න.~~ஆ.......~~ட~0
~~~~~~~~~~~~~~~~டு~1
~~~~~~~~~~~~~~~~பு~0
~~~~~~~~~~~~~~~~த~0
~~~~~~~~~~~105~පහත දක්වන දෙමළ වචනයට ගැළපෙන සිංහල වචනය තෝරන්න.~~பல்லி~~බල්ලා~0
~~~~~~~~~~~~~~~~එඵවා~0
~~~~~~~~~~~~~~~~කටුස්සා~1
~~~~~~~~~~~~~~~~කපුටා~0
22~2016~6~tamil-06-t2-l07-ep07~7~2~7~මයිනා~සතුන්  හඳුනාගැනීම~වනාන්තර සහ ජලයේ ජීවත්වෙන සතුන් හඳුනාගැනීම.~01:00:00~106~~~නොගැළපෙන වචනය තෝරන්න.~~கரடி~0
~~~~~~~~~~~~~~~~கழுதை~0
~~~~~~~~~~~~~~~~மீன்~1
~~~~~~~~~~~~~~~~புலி~0
~~~~~~~~~~~107~~~ජලජ ජීවින් පමණක් සිටින පිළිතුර තෝරන්න.~~மீன்,  மண்புழு,  நத்தை~0
~~~~~~~~~~~~~~~~முதலை,  பாம்பு,  நாய்~0
~~~~~~~~~~~~~~~~சுறா,  டொல்பின்,  நீர்சிங்கம்~1
~~~~~~~~~~~~~~~~ஆமை,  புலி,  கோழி~0
~~~~~~~~~~~108~~~ ........................ மிகவும் பலமான மிருகமாகும்.~~குதிரை~0
~~~~~~~~~~~~~~~~யானை~1
~~~~~~~~~~~~~~~~பூனை~0
~~~~~~~~~~~~~~~~புலி~0
~~~~~~~~~~~109~~~ගෘහාශ‍්‍රිිත සතුන් වන්නේ,~~நாய்,  கரடி,  அணில்,  புலி~0
~~~~~~~~~~~~~~~~நாய்,  அணில்,  ஆடு,  பூனை~1
~~~~~~~~~~~~~~~~குதிரை,  பன்றி,  அணில்,  பூனை~0
~~~~~~~~~~~~~~~~பசு, நீர்நாய்,  கோழி,  பூனை~0
~~~~~~~~~~~110~~~'மான்' යන වචනයේ බහු වචනය වන්නේ,~~மான்கள்~1
~~~~~~~~~~~~~~~~மான்ங்கள்~0
~~~~~~~~~~~~~~~~மான்~0
~~~~~~~~~~~~~~~~மாண்கள்~0
23~2016~6~tamil-06-t2-l07-ep08~8~2~7~මයිනා~සතුන් පිළිබඳ වාක්‍ය ලිවීම~සුරතල් සතුන් ගැන වාක්‍ය ලිවීම. (පරවියා,එළුවා,මාලුවා....)~01:00:00~111~~tamil-06-t2-l07-ep08-q1.png  ~පිින්තූර ගළපා නිවැරදිව ලියූ වාක්‍ය තෝරන්න.~~வாத்து பழங்களை உண்ணும்.~0
~~~~~~~~~~~~~~~~கோழி பழங்களை உண்ணும்.~0
~~~~~~~~~~~~~~~~வாத்து கழிவுகளை உண்ணும்.~1
~~~~~~~~~~~~~~~~கோழி மீன்களை உண்ணும்.~0
~~~~~~~~~~~112~~tamil-06-t2-l07-ep08-q2.png  ~පිින්තූර ගළපා නිවැරදිව ලියූ වාක්‍ය තෝරන්න.~~மீன்கள் நீரில் வாழும்.~1
~~~~~~~~~~~~~~~~மீன்கள் நிலத்தில் வாழும்.~0
~~~~~~~~~~~~~~~~மீன்கள் வானில் வாழும்.~0
~~~~~~~~~~~~~~~~மீன்கள் ஆகாயத்தில் வாழும்~0
~~~~~~~~~~~113~~~නිවැරදි වචනය තෝරන්න.~~ பசு~1
~~~~~~~~~~~~~~~~மீண்~0
~~~~~~~~~~~~~~~~ கிலி~0
~~~~~~~~~~~~~~~~புளு~0
~~~~~~~~~~~114~~~නිවැරදි වචනය තෝරන්න.~~அனில்~0
~~~~~~~~~~~~~~~~கிளி~1
~~~~~~~~~~~~~~~~ மிறுகம்~0
~~~~~~~~~~~~~~~~நீழம்~0
~~~~~~~~~~~115~හිස්තැනට ගැළපෙන අකුර කුමක්ද?~~வெ.......ளை நிறம்~~ல்~0
~~~~~~~~~~~~~~~~ள்~1
~~~~~~~~~~~~~~~~ற்~0
~~~~~~~~~~~~~~~~ம்~0
24~2016~6~tamil-06-t2-l07-ep09~9~2~7~මයිනා~සතුන් පිළිබඳ වාක්‍ය ලිවීම~මයිනා ගැන වාක්‍ය ලිවීම, සුරතල් සතුන්ව හඳුනා ගැනීමට අදාළ ක්‍රියාකාරකම්.~01:00:00~116~~tamil-06-t2-l07-ep09-q1.jpg~පහත දී ඇති අකුරු ගළපා සතුන්ගේ නම් නිවැරදිව ලියු පිළිතුර තෝරන්න.~~மீன், புலி, ஆமை, யானை~1
~~~~~~~~~~~~~~~~யானை, பாம்பு, கழுதை, ஆமை~0
~~~~~~~~~~~~~~~~பூனை, ஆமை, மயில், பாம்பு~0
~~~~~~~~~~~~~~~~புலி,  ஆமை, ஒட்டகம், தவளை~0
~~~~~~~~~~~117~පහත දී ඇති සත්ව කාණ්ඩයට අයත් සතුන් තෝරන්න~~பறவைகள் - පක්ෂීන්~~ சிங்கம், மைனா, வாத்து, ஒட்டகம்~0
~~~~~~~~~~~~~~~~கிளி, முயல், புலி, ஒட்டகம்~0
~~~~~~~~~~~~~~~~மைனா, வாத்து, கிளி, புறா~1
~~~~~~~~~~~~~~~~மைனா, மாடு, கிளி, புறா~0
~~~~~~~~~~~118~පහත දැක්වන පින්තූරය බලා වාක්‍යට ගැළපෙන වචනය තෝරන්න.~tamil-06-t2-l07-ep09-q2.jpg~நான் ஒரு ..............……~~முயல்~1
~~~~~~~~~~~~~~~~கொக்கு~0
~~~~~~~~~~~~~~~~கோழி~0
~~~~~~~~~~~~~~~~புறா~0
~~~~~~~~~~~119~පහත දැක්වන පින්තූරය සහ වචන ගළපා සුදුසු සත්වයා තෝරන්න.~tamil-06-t2-l07-ep09-q3.jpg~நான் உண்பேன்~~பூனை~0
~~~~~~~~~~~~~~~~நாய்~0
~~~~~~~~~~~~~~~~கிளி~1
~~~~~~~~~~~~~~~~கரடி~0
~~~~~~~~~~~120~පහත සදහන් ඡේදය කියවා හිස්තැන් පුරවන්න.~tamil-06-t2-l07-ep09-q4.jpg~செல்லப்பிராணி ..............……~~மீன்~1
~~~~~~~~~~~~~~~~காகம்~0
~~~~~~~~~~~~~~~~மீன்கொத்தி~0
~~~~~~~~~~~~~~~~புறா~0
25~2016~6~tamil-06-t2-l08-ep10~10~2~8~තමන් ගැන විස්තර කිරීම~තමන් ගැන විස්තර කිරීම~තමන්ගේ නම,ගම,ශ්‍රේණිය.......  විස්තර කිරීම.~01:00:00~121~අසා ඇති ප‍්‍රශ්නයට ගැළපෙන පින්තූරය තෝරන්න.~~எனது தந்தை ஒரு ஆசிரியர் ஆவார். இதில் அவர் யார்?~tamil-06-t2-l08-ep10-a1.jpg~~0
~~~~~~~~~~~~~~~tamil-06-t2-l08-ep10-a2.jpg~~1
~~~~~~~~~~~~~~~tamil-06-t2-l08-ep10-a3.jpg~~0
~~~~~~~~~~~~~~~tamil-06-t2-l08-ep10-a4.jpg~~0
~~~~~~~~~~~122~පින්තූරය බලා හිස්තැනට සුදුසු වචනය තෝරන්න.~tamil-06-t2-l08-ep10-q1.jpg~இவர் எனது ......................... /n මෙයා මගේ .......................…~~அக்கா~1
~~~~~~~~~~~~~~~~தம்பி~0
~~~~~~~~~~~~~~~~அம்மா~0
~~~~~~~~~~~~~~~~ பாட்டி~0
~~~~~~~~~~~123~~tamil-06-t2-l08-ep10-2.jpg~இவர் எனது ......................... /n මෙයා මගේ .......................…~~பாட்டி~0
~~~~~~~~~~~~~~~~பாட்டன்~1
~~~~~~~~~~~~~~~~தாய்~0
~~~~~~~~~~~~~~~~தம்பி~0
~~~~~~~~~~~124~4 සහ 5 ප‍්‍රශ්න සදහා හිස්තැන් පුරවන්න.~~நான் தரம் ................... இல் கல்வி பயில்கிறேன்.~~ஐந்து (05)~0
~~~~~~~~~~~~~~~~இரண்டு (02)~0
~~~~~~~~~~~~~~~~ஆறு (06)~1
~~~~~~~~~~~~~~~~பத்து (10)~0
~~~~~~~~~~~125~~~எனக்கு பதினொறு (11) ..........................~~பெயர்~0
~~~~~~~~~~~~~~~~வயது~1
~~~~~~~~~~~~~~~~தரம்~0
~~~~~~~~~~~~~~~~ஊர்~0
26~2016~6~tamil-06-t2-l08-ep11~11~2~8~තමන් ගැන විස්තර කිරීම~තමන්ගැන විස්තර කිරීම තවදුරටත්~තමන්ගේ රට,ගෙදර ගැන විස්තර කිරීම.~01:00:00~126~අසා ඇති ප‍්‍රශ්නයට නිවැරදි පිළිතුර තෝරන්න.~tamil-06-t2-l08-ep11-q1.jpg~கீழே தரப்பட்டுள்ள உருவில் எத்தனை பேர் உள்ளனர்?~~5 பேர்~0
~~~~~~~~~~~~~~~~7 பேர்~1
~~~~~~~~~~~~~~~~9 பேர்~0
~~~~~~~~~~~~~~~~8 பேர்~0
~~~~~~~~~~~127~සුදුසු පිළිතුර තෝරන්න.~~எனது அம்மாவின் தங்கை~~சித்தி~1
~~~~~~~~~~~~~~~~அம்மம்மா~0
~~~~~~~~~~~~~~~~பெரியம்மா~0
~~~~~~~~~~~~~~~~மாமி~0
~~~~~~~~~~~128~~~எனது தந்தையின் தந்தை~~மாமா~0
~~~~~~~~~~~~~~~~பாட்டன் / தாத்தா~1
~~~~~~~~~~~~~~~~அம்மா~0
~~~~~~~~~~~~~~~~பாட்டி~0
~~~~~~~~~~~129~දී ඇති වචනවලට සමාන පදය තෝරන්න.~~கண்~~மொழி~0
~~~~~~~~~~~~~~~~விழி~1
~~~~~~~~~~~~~~~~வீடு~0
~~~~~~~~~~~~~~~~வலி~0
~~~~~~~~~~~130~දී ඇති වචනවලට බහු වචන තෝරන්න.~~வீடு~~வீடுக்கள்~0
~~~~~~~~~~~~~~~~வீடுகள்~1
~~~~~~~~~~~~~~~~வீடுடு~0
~~~~~~~~~~~~~~~~வீட்டுக்கள்~0
27~2016~6~tamil-06-t2-l08-ep12~12~2~8~තමන් ගැන විස්තර කිරීම~හඳුන්වාදීම , ප‍්‍රශ්න - පිළිතුර සහ වාක්‍ය~තමන්ගේ පවුලේ සාමාජිකයන්ව හඳුන්වාදීම සහ තමන්ගෙන් ඇසෙන ප‍්‍රශ්නවලට පිළිතුර ලබා දීම. උඩ, යට,ලඟ..... යන වචන යොදා වාක්‍ය ලිවීම.~01:00:00~131~ගැළපෙන වචනය තෝරන්න.~tamil-06-t2-l08-ep12-q1.jpg~இவர்கள் எனது …………………..~~மகன், மகள்~1
~~~~~~~~~~~~~~~~மகள், மகன்~0
~~~~~~~~~~~~~~~~மருமகள், மருமகன்~0
~~~~~~~~~~~~~~~~ தந்தை, மனைவி~0
~~~~~~~~~~~132~මුලින් දී ඇති වාක්‍ය කියවා හිස්තැනට ගැළපෙන වචනය තෝරන්න.~~எனது பெயர் மாலினி. உங்கள் ………. என்ன?~~பெயர்~1
~~~~~~~~~~~~~~~~வயது~0
~~~~~~~~~~~~~~~~எனது~0
~~~~~~~~~~~~~~~~என்ன~0
~~~~~~~~~~~133~දී ඇති පින්තූරය බලා වාක්‍ය සම්පූර්ණ කරන්න. (மேலே, கீழே, உள்ளே, வெளியே, முன்னால், பின்னால், பக்கத்தில்)~tamil-06-t2-l08-ep12-q2.jpg~.......... பந்துகள் உள்ளன.~~வெளியே~0
~~~~~~~~~~~~~~~~உள்ளே~1
~~~~~~~~~~~~~~~~கீழே~0
~~~~~~~~~~~~~~~~முன்னால்~0
~~~~~~~~~~~134~~tamil-06-t2-l08-ep12-q3.jpg~வீட்டிற்கு.......................... மரம் இருக்கிறது.~~உள்ளே~0
~~~~~~~~~~~~~~~~பின்னால்~0
~~~~~~~~~~~~~~~~முன்னால்~1
~~~~~~~~~~~~~~~~கீழே~0
~~~~~~~~~~~135~~tamil-06-t2-l08-ep12-q4.jpg~පින්තූරය බලා නිවැරදිව ලියූ වාක්‍ය තෝරන්න.~~கோழிக்குப் பக்கத்தில் கோழிக் குஞ்சுகள் இருக்கின்றன.~1
~~~~~~~~~~~~~~~~கோழிக்குப் பின்னால் கோழிக் குஞ்சுகள் இருக்கின்றன.~0
~~~~~~~~~~~~~~~~கோழிக்குக் கீழே கோழிக் குஞ்சுகள் இருக்கின்றன.~0
~~~~~~~~~~~~~~~~கோழிக்கு உள்ளே கோழிக் குஞ்சுகள் இருக்கின்றன.~0
28~2016~6~tamil-06-t2-l08-ep13~13~2~8~තමන් ගැන විස්තර කිරීම~අළුත් වචන, ඒක වචන බහු වචන, ඉලක්කම්~පොදුවේ භාවිතා කරන වචන හඳුන්වාදීම සහ වචන බහු වචන යොදා වාක්‍ය සකස් කිරීම, ඉලක්කම් (1 සිට 10 දක්වා) හඳුන්වාදීම සහ එම ඉලක්කම් යොදා ප‍්‍රශ්න ඇසීම සහ එම ප‍්‍රශ්නවලට පිළිතුර ලබා දීම.~01:00:00~136~1, 2 සහ 3 ප‍්‍රශ්න සඳහා  සුදුසු  පිළිතුර  තෝරන්න.~~பறவை என்பதன் பன்மை (බහු වචන)~~பறவை~0
~~~~~~~~~~~~~~~~பறவைகள்~1
~~~~~~~~~~~~~~~~பரவைகள்~0
~~~~~~~~~~~~~~~~பறவைகல்~0
~~~~~~~~~~~137~~~கதவுகள் என்பதன் ஒருமை (ඒක වචන)~~கதவுகல்~0
~~~~~~~~~~~~~~~~கதவு~1
~~~~~~~~~~~~~~~~கதாவுகழ்~0
~~~~~~~~~~~~~~~~ காதவும்~0
~~~~~~~~~~~138~~tamil-06-t2-l08-ep13-q1.jpg~இவை ........................................~~மரம்~0
~~~~~~~~~~~~~~~~மரங்கள்~1
~~~~~~~~~~~~~~~~மரங்கல்~0
~~~~~~~~~~~~~~~~மறங்கல்~0
~~~~~~~~~~~139~හිස්තැනට සුදුසු පින්තූරය තෝරන්න.~~எங்கள் வீட்டு ..................... ஒலிக்கின்றது.~tamil-06-t2-l08-ep13-a1.jpg~~1
~~~~~~~~~~~~~~~tamil-06-t2-l08-ep13-a2.jpg~~0
~~~~~~~~~~~~~~~tamil-06-t2-l08-ep13-a3.jpg~~0
~~~~~~~~~~~~~~~tamil-06-t2-l08-ep13-a4.jpg~~0
~~~~~~~~~~~140~~tamil-06-t2-l08-ep13-q2.jpg~අඹ කීයක් තියෙනවද ?~~நான்கு~1
~~~~~~~~~~~~~~~~இரண்டு~0
~~~~~~~~~~~~~~~~பத்து~0
~~~~~~~~~~~~~~~~ஐந்து~0
29~2016~6~tamil-06-t2-l09-ep14~14~2~9~උදෑසන ගීතය~උදෑසන ගීතය, සතුන්~කාක්කා කාක්කා පරන්දු වා........ යන උදෑසන ගීතය, විවිධ සතුන්ව හඳුන්වාදීම.~01:00:00~141~හිස්තැනට ගැළපෙන පිළිතුර තෝරන්න.~~காகம் காலையில் ........................ வந்நது.~~பறந்து~1
~~~~~~~~~~~~~~~~நடந்து~0
~~~~~~~~~~~~~~~~பாய்ந்து~0
~~~~~~~~~~~~~~~~ஊர்ந்து~0
~~~~~~~~~~~142~~tamil-06-t2-l08-ep14-q1.jpg~පින්තූරයට ගැළපෙන පිළිතුර තෝරන්න.~~கிளி~0
~~~~~~~~~~~~~~~~காகம்~0
~~~~~~~~~~~~~~~~தேனி~1
~~~~~~~~~~~~~~~~எரும்பு~0
~~~~~~~~~~~143~අකුරු ගළපා නිවැරදිව සෑදු වචනය තෝරන්න.~~து / ப / ரு / ந்~~துரபந்~0
~~~~~~~~~~~~~~~~பந்துரு~0
~~~~~~~~~~~~~~~~பருந்து~1
~~~~~~~~~~~~~~~~ருபந்து~0
~~~~~~~~~~~144~~~නිවැරදි වචනය තෝරා ඉරක් අඳින්න.~~வந்து, சீங்கம்,மாண்~0
~~~~~~~~~~~~~~~~வாத்து, சிங்கம், மான்~1
~~~~~~~~~~~~~~~~வத்து, சிக்கம், மன்~0
~~~~~~~~~~~~~~~~வாந்து, சிங்காம், மாந்~0
~~~~~~~~~~~145~පිින්තූරයට ගැලපෙන ක්‍රියා පදය තෝරන්න.~tamil-06-t2-l08-ep14-q2.jpg~பாய்ந்து ...........................~~வந்தன.~0
~~~~~~~~~~~~~~~~வந்தது.~1
~~~~~~~~~~~~~~~~வருகிறது.~0
~~~~~~~~~~~~~~~~வந்தார்.~0
30~2016~6~tamil-06-t2-l09-ep15~15~2~9~උදෑසන ගීතය~සතුන් පිළිබද තවදුරටත්~සතුන්ගේ පැටවුන්ගේ නම් හා විවිධ සතුන් ගැන විස්තර කරන වාක්‍ය.~01:00:00~146~නිවැරදි පිළිතුර තෝරන්න.~tamil-06-t2-l09-ep15-q1.jpg~இப்பந்தில் உள்ள நிறங்களாவன~~நீலம், சிவப்பு, பச்சை , மஞ்சல்~1
~~~~~~~~~~~~~~~~சிவப்பு, மஞ்சல், ஊதா, பச்சை~0
~~~~~~~~~~~~~~~~கருப்பு, நீலம், பச்சை, வெள்ளை~0
~~~~~~~~~~~~~~~~பச்சை, மஞ்சல், வெள்ளை, கருப்பு~0
~~~~~~~~~~~147~~tamil-06-t2-l09-ep15-q2.jpg~පින්තූරය බලා නිවැරදි වාක්‍ය තෝරන්න.~~இது ஒரு பசு, இது பால் தரும்~1
~~~~~~~~~~~~~~~~இது ஒரு பசு, இது முட்டை தரும்.~0
~~~~~~~~~~~~~~~~இது ஒரு யானை, இது பால் தரும்.~0
~~~~~~~~~~~~~~~~இது ஒரு பூனை, இது குஞ்சு பொரிக்கும்.~0
~~~~~~~~~~~148~හිස්තැනට සුදුසු වචනය තෝරා හිස්තැන් පුරවන්න~~காகம் ............................... என கரைந்தது.~~கா கா~1
~~~~~~~~~~~~~~~~வள் வள்~0
~~~~~~~~~~~~~~~~கொக் கொக்~0
~~~~~~~~~~~~~~~~மியாவ் மியாவ்~0
~~~~~~~~~~~149~4 සහ 5 ප‍්‍රශ්න සදහා පින්තූරයට ගැළපෙන පිළිතුර තෝරන්න.~tamil-06-t2-l09-ep15-q3.jpg~நாயின் இளமைப் பெயர்~~குஞ்சு~0
~~~~~~~~~~~~~~~~குட்டி~1
~~~~~~~~~~~~~~~~கன்று~0
~~~~~~~~~~~~~~~~பிள்ளை~0
~~~~~~~~~~~150~~tamil-06-t2-l09-ep15-q4.jpg~மயிலின் இளமைப் பெயர்~~பிள்ளை~1
~~~~~~~~~~~~~~~~கன்று~0
~~~~~~~~~~~~~~~~குஞ்சு~0
~~~~~~~~~~~~~~~~குட்டி~0
31~2016~6~tamil-06-t2-l09-ep16~16~2~9~උදෑසන ගීතය~සතුන් පිළිබද වාක්‍ය ගොඩනැගීම~සතුන් ගැන සරල වාක්‍ය ගොඩනැගීම. (හාවා, ගිරවා) හා නාම පද ක‍්‍රියා පද යොදා වාක්‍ය තැනීම~01:00:00~151~නිවැරදි වචනය තෝරා ඉරක් අදින්න.~tamil-06-t2-l09-ep16-q1.jpg~கரட்டினை விரும்பி உண்ணும் விலங்கு? /n කැරට් කන්න කැමති සතා කවුද ?~~பூனை~0
~~~~~~~~~~~~~~~~முயல்~1
~~~~~~~~~~~~~~~~காகம்~0
~~~~~~~~~~~~~~~~மைனா~0
~~~~~~~~~~~152~~tamil-06-t2-l09-ep16-q2.jpg~இப்பறவையின் பெயர் என்ன? /n මෙම පක්ෂියාගේ නම කුමක්ද?~~காகம்~1
~~~~~~~~~~~~~~~~மைனா~0
~~~~~~~~~~~~~~~~மயில்~0
~~~~~~~~~~~~~~~~கிளி~0
~~~~~~~~~~~153~~tamil-06-t2-l09-ep16-q3.jpg~இது எந்தப் பறவையின் சொண்டு /n මෙය කුමන කුරුල්ලාගේ මූඛයද?~~கிளி~1
~~~~~~~~~~~~~~~~காகம்~0
~~~~~~~~~~~~~~~~குயில்~0
~~~~~~~~~~~~~~~~மயில்~0
~~~~~~~~~~~154~මෙම පිනතූරවලට ගැළපෙන පිළිතුර තෝරන්න~tamil-06-t2-l09-ep16-q4.jpg~பறவை, மிருகம், ஊர்வன~~மைனா, முயல், பாம்பு~1
~~~~~~~~~~~~~~~~நாய், மயில், பசு~0
~~~~~~~~~~~~~~~~புழு, புறா, குயில்~0
~~~~~~~~~~~~~~~~பூனை, பாம்பு, கொக்கு~0
~~~~~~~~~~~155~මෙම දෙමළ වචනවල සිංහල තේරුම සහිත වචනය තෝරන්න.~~வாய் - වායි~~කණ~0
~~~~~~~~~~~~~~~~කට~1
~~~~~~~~~~~~~~~~ඇස~0
~~~~~~~~~~~~~~~~අත~0
32~2016~6~tamil-06-t2-l10-ep17~17~2~10~හාවා ඉබ්බා කතාව~හාවා ඉබ්බා කතාව හා සතුන් හඳුනා නම් කිරීම~හාවා හා ඉබ්බා අතර ඇති වූ සංවාදාත්මක කතාව, සතුන්ගේ නම් හඳුන්වාදීම.~01:00:00~156~මෙම වචනයට දෙමළෙන් තේරුම තෝරන්න.~~"කතන්දර ” යන වචනයේ දෙමළ තේරුම කුමක්ද?~~பாடல்~0
~~~~~~~~~~~~~~~~கதை~1
~~~~~~~~~~~~~~~~உரையாடல்~0
~~~~~~~~~~~~~~~~நடனம்~0
~~~~~~~~~~~157~හිස්තැනට ගැළපෙන වචන තෝරන්න.~tamil-06-t2-l10-ep17-q1.jpg~....................... ஓடியது.~~மேதுவாக~0
~~~~~~~~~~~~~~~~வேகமாக~1
~~~~~~~~~~~~~~~~மெல்ல~0
~~~~~~~~~~~~~~~~சாந்தமாக~0
~~~~~~~~~~~158~සුදුසු වචනය තෝරන්න.~~ஆமை மெதுவாக ...................…~~ஓடகிறது~1
~~~~~~~~~~~~~~~~ஓடகின்றன~0
~~~~~~~~~~~~~~~~பாய்கிறது~0
~~~~~~~~~~~~~~~~பாய்கின்றன~0
~~~~~~~~~~~159~අකුර ගළපා වචන සාදන්න.~~மை/ க/ஆ/ள்~~ஆகமைள்~0
~~~~~~~~~~~~~~~~ஆமைகள்~1
~~~~~~~~~~~~~~~~கஆமைள்~0
~~~~~~~~~~~~~~~~ஆள்கமை~0
~~~~~~~~~~~160~පහත සඳහන් වචනවල ඉරි ඇදි දෙමළ අකුරට ගැළපෙන සිංහල අකුර තෝරන්න.~~எலி~~ති~0
~~~~~~~~~~~~~~~~ඛි~0
~~~~~~~~~~~~~~~~ලි~1
~~~~~~~~~~~~~~~~ක~0
33~2016~6~tamil-06-t2-l10-ep18~18~2~10~හාවා ඉබ්බා කතාව~සතුන් පිළිබඳ තවදුරටත් සහ ඔවුන්ගේ ක්‍රියා~සතුන්ගේ නම් හඳුන්වාදීම, ඒක වචන බහුවචන ක්‍රියා හඳුන්වාදීම (මම කෑවෙමි)~01:00:00~161~~tamil-06-t2-l10-ep18-q1.jpg~පින්තූරයට ගැළපෙන වචනය තෝරන්න.~~தூங்கினேன்.~0
~~~~~~~~~~~~~~~~குடிக்கிறேன்.~0
~~~~~~~~~~~~~~~~சாப்பிடுகிறேன்.~1
~~~~~~~~~~~~~~~~விளையாடுகிறேன்.~0
~~~~~~~~~~~162~හිස්තැනට ගැළපෙන වචනය කුමක් ද?~~ ............................ மிட்டாய் சாப்பிட்டோம்.~~நீங்கள்~0
~~~~~~~~~~~~~~~~ நான்~0
~~~~~~~~~~~~~~~~நாங்கள்~1
~~~~~~~~~~~~~~~~ நீ~0
~~~~~~~~~~~163~~tamil-06-t2-l10-ep18-q2.jpg~හිස් කොටුවට සුදුසු අකුර තෝරන්න.~~டி~1
~~~~~~~~~~~~~~~~மி~0
~~~~~~~~~~~~~~~~பி~0
~~~~~~~~~~~~~~~~சி~0
~~~~~~~~~~~164~~tamil-06-t2-l10-ep18-q3.jpg~පින්තූරයට ගැළපෙන වචනය තෝරන්න~~பாடு~1
~~~~~~~~~~~~~~~~ஓடு~0
~~~~~~~~~~~~~~~~குடி~0
~~~~~~~~~~~~~~~~ஆடு~0
~~~~~~~~~~~165~~~"நான்" යන වචනයට බහු වචනය තෝරන්න.~~ நீங்கள்~0
~~~~~~~~~~~~~~~~நாங்கள்~1
~~~~~~~~~~~~~~~~நீ~0
~~~~~~~~~~~~~~~~இவர்கள்~0
34~2016~6~tamil-06-t2-l10-ep19~19~2~10~හාවා ඉබ්බා කතාව~වාක්‍ය සකස් කිරීම, ස්ථාන, විරුද්ධ පද~මම අපි යන ඒක වචන බහු වචන පද යොදා වාක්‍ය තැනීම හා සමාන පද විරුද්ධ පද ස්ථාන හඳුනාගෙන වාක්‍ය ගොඩනැගීම.~01:00:00~166~පහත දී ඇති වාක්‍යවලට ගැළපෙන ක්‍රියා පදය තෝරන්න~~நான் .......................…~~பாடினார்~0
~~~~~~~~~~~~~~~~பாடினீர்~0
~~~~~~~~~~~~~~~~பாடினேன்~1
~~~~~~~~~~~~~~~~பாடுங்கள்~0
~~~~~~~~~~~167~පහත දක්වෙන වචනවල විරුද්ධ පදය තෝරන්න.~~அங்கு~~தோல்வி~0
~~~~~~~~~~~~~~~~இங்கு~1
~~~~~~~~~~~~~~~~பின்னால்~0
~~~~~~~~~~~~~~~~மேல்~0
~~~~~~~~~~~168~නිවැරදි වචනය තෝරා හිස්තැන් පුරවන්න~tamil-06-t2-l10-ep19-q1.jpg~எனக்கு .......................... தம்பி இருக்கிறான்.~~அருகில்~1
~~~~~~~~~~~~~~~~தொலைவில்~0
~~~~~~~~~~~~~~~~அங்கே~0
~~~~~~~~~~~~~~~~மேலே~0
~~~~~~~~~~~169~පහත සදහන් වාක්‍ය සම්පූර්ණ කරන්න.~~நாம் அனைவரும் .......................... இருக்க வேண்டும்.~~வேற்றுமையாக~0
~~~~~~~~~~~~~~~~ ஒற்றுமையாக~1
~~~~~~~~~~~~~~~~வெற்றி~0
~~~~~~~~~~~~~~~~கவலை~0
~~~~~~~~~~~170~~tamil-06-t2-l10-ep19-q2.jpg~මෙම පින්තූරයට ගැලපෙන වචනය තෝරන්න~~வெளிச்சம்~0
~~~~~~~~~~~~~~~~இருள்~1
~~~~~~~~~~~~~~~~வெற்றி~0
~~~~~~~~~~~~~~~~கவலை~0
35~2016~6~tamil-06-t3-l11-ep01~1~3~11~පලතුරු ගනිමු කඩෙන්~පලතුරු වර්ග හඳුනාගැනීම හා ප‍්‍රශ්න සහ පිළිතුරු~පලතුරු කඩයක දී ඇසෙන ප‍්‍රශ්න සහ පිළිතුරු, පලතුරු වර්ග හඳුනාගැනීම.~01:00:00~171~~~'பழம்’ යන වචනයේ තේරුම කුමක්ද?~~පළතුර~1
~~~~~~~~~~~~~~~~අඹ~0
~~~~~~~~~~~~~~~~එළවළු~0
~~~~~~~~~~~~~~~~ලූණු~0
~~~~~~~~~~~172~~~'திராட்சைப் பழம் தாங்க’ යන වාක්‍යයේ තේරුම කුමක්ද?~~මිදි දෙන්න~1
~~~~~~~~~~~~~~~~පැපොල් දෙන්න~0
~~~~~~~~~~~~~~~~අඹ කන්න~0
~~~~~~~~~~~~~~~~ඇපල් ගන්න~0
~~~~~~~~~~~173~~~'மாம்பழம் என்ன விலை?’ යන ප‍්‍රශ්නයට ගැළපෙන පිළිතුර කුමක්ද?~~எனது பெயர் கவீதா.~0
~~~~~~~~~~~~~~~~ஒண்டு 10 ரூபா.~1
~~~~~~~~~~~~~~~~ஒரு கிலோ தாங்க.~0
~~~~~~~~~~~~~~~~ஆறு தாங்க~0
~~~~~~~~~~~174~~tamil-06-t3-l11-ep01-q1.jpg~මෙම රූපය කුමක්ද?~~பப்பாசிப்பழம்~1
~~~~~~~~~~~~~~~~கொய்யாப்பழம்~0
~~~~~~~~~~~~~~~~அன்னாசிப்பழம~0
~~~~~~~~~~~~~~~~திராட்சைப்பழம்~0
~~~~~~~~~~~175~හිස්තැනට සුදුසු අකුර යොදා හිස්තැන් පුරවන්න.~~திரா…..சைப்பழம்~~ட்~1
~~~~~~~~~~~~~~~~ர்~0
~~~~~~~~~~~~~~~~ற்~0
~~~~~~~~~~~~~~~~ங்~0
36~2016~6~tamil-06-t3-l11-ep02~2~3~11~පලතුරු ගනිමු කඩෙන්~පලතුරු වර්ග හඳුනාගැනීම තවදුරටත්~පලතුරු වර්ග හඳුනාගැනීම හා පලතුරු කඩයක දී මුදලාලි හා ළමයෙකු අතර ඇතිවන සංවාදයක්.~01:00:00~176~හිස්තැනට සුදුසු අකුර තෝරන්න.~~மாது…ம்பழம்~~ல~0
~~~~~~~~~~~~~~~~ள~1
~~~~~~~~~~~~~~~~ழ~0
~~~~~~~~~~~~~~~~ழு~0
~~~~~~~~~~~177~~~வி…ம்பழம்~~லா~0
~~~~~~~~~~~~~~~~ழா~0
~~~~~~~~~~~~~~~~ளா~1
~~~~~~~~~~~~~~~~ள~0
~~~~~~~~~~~178~~~அப்பி… பழம்~~ள்~1
~~~~~~~~~~~~~~~~ழ்~0
~~~~~~~~~~~~~~~~ல்~0
~~~~~~~~~~~~~~~~ன்~0
~~~~~~~~~~~179~~~பலாப்ப…ம்~~ள~0
~~~~~~~~~~~~~~~~ன~0
~~~~~~~~~~~~~~~~ழ~1
~~~~~~~~~~~~~~~~ண~0
~~~~~~~~~~~180~~~'மூணு வேணும்’යන වාක්‍යයේ තේරුම කුමක්ද?~~හතරක්  ඕනේ~0
~~~~~~~~~~~~~~~~තුනක්  ඕනේ~1
~~~~~~~~~~~~~~~~එකක්  ඕනේ~0
~~~~~~~~~~~~~~~~පහක්  ඕනේ~0
37~2016~6~tamil-06-t3-l11-ep03~3~3~11~පලතුරු ගනිමු කඩෙන්~පලතුරු වර්ග හඳුනාගැනීම තවදුරටත්~පලතුරු කඩයකදී ඇසෙන්නට ලැබෙන සංවාදාත්මක ප‍්‍රශ්න සහ පිළිතුරු තවදුරටත්.~01:00:00~181~~~'இது நல்ல பழமா?’ යන වාක්‍යයේ තේරුම කුමක්ද?~~එය පලතුරක්ද?~0
~~~~~~~~~~~~~~~~    මෙය කීයද?~0
~~~~~~~~~~~~~~~~මෙය හොඳ පලතුරක්ද?~1
~~~~~~~~~~~~~~~~එය හොඳ පලතුරක්ද?~0
~~~~~~~~~~~182~~~'පලතුරු කීයක්  ඕනේද?’ යන වාක්‍යයේ දෙමළ වාක්‍ය කුමක්ද?~~என்ன பழம் வேணும்?~0
~~~~~~~~~~~~~~~~பழம் என்ன விலை?~0
~~~~~~~~~~~~~~~~எத்தனை பழம் வேணும்?~1
~~~~~~~~~~~~~~~~இது சரியான விலையா?~0
~~~~~~~~~~~183~~~'එය දැරිය හැකි මිලකි' යන වාක්‍යයේ දෙමළ වාක්‍ය කුමක්ද?~~அது நாலு வேணும்.~0
~~~~~~~~~~~~~~~~இது நல்ல லாபம்.~0
~~~~~~~~~~~~~~~~அது ஒண்டு வேணும்.~0
~~~~~~~~~~~~~~~~அது நல்ல மலிவு.~1
~~~~~~~~~~~184~~tamil-06-t3-l11-ep03-q1.jpg~அன்னாசிப்பழம் என்ன விலை?~~அது மூணு ரூபாய்.~0
~~~~~~~~~~~~~~~~அது எட்டு ரூபாய்.~0
~~~~~~~~~~~~~~~~அது பத்து ரூபாய்.~1
~~~~~~~~~~~~~~~~அது ஆறு ரூபாய்.~0
~~~~~~~~~~~185~~tamil-06-t3-l11-ep03-q2.jpg~மாம்பழம் என்ன விலை?~~அது பத்து ரூபாய்.~0
~~~~~~~~~~~~~~~~அது எட்டு ரூபாய்.~0
~~~~~~~~~~~~~~~~அது ஆறு ரூபாய்.~0
~~~~~~~~~~~~~~~~அது ஐந்து ரூபாய்.~1
38~2016~6~tamil-06-t3-l12-ep04~4~3~12~ඇත්ත කියන්න ඕනෙ~කථන ලිඛිත භාෂාවෙන් වාක්‍ය ගොඩනැගීම~කථන ලිඛිත භාෂාවෙන් වාක්‍ය ලිවීම හා ප‍්‍රශ්නවලට හැරවීම, භාෂාවන් වලට හරවා වාක්‍ය තැනීම, නාමපද භාවිතයෙන් සරල වාක්‍ය තැනීම හා පෙළපොතේ අභ්‍යාස සාකච්ජා කිරීම.~01:00:00~186~~~'வேணும்’ යන වචනය ලිඛිත භාෂාවෙන් ලියන්නේ කෙසේද?~~வேண்டுமா?~0
~~~~~~~~~~~~~~~~முடியும்~0
~~~~~~~~~~~~~~~~வேண்டும்~1
~~~~~~~~~~~~~~~~தெரியும்~0
~~~~~~~~~~~187~~~'போதும்’ යන වචනයේ තේරුම කුමක්ද?~~ඇති~1
~~~~~~~~~~~~~~~~පුළුවන්~0
~~~~~~~~~~~~~~~~දන්නවා~0
~~~~~~~~~~~~~~~~ඕනේ~0
~~~~~~~~~~~188~~~'சோறு வேண்டும்’ යන වාක්‍යයේ තේරුම කුමක්ද?~~බත්  ඕනේ~1
~~~~~~~~~~~~~~~~ගීත ඕනේ~0
~~~~~~~~~~~~~~~~පේර  ඕනේ~0
~~~~~~~~~~~~~~~~පලතුර  ඕනේ~0
~~~~~~~~~~~189~~~'දෙමළ කතා කරන්න පුළුවන්ද?’ යන වාක්‍යයේ දෙමළ වාක්‍ය කුමක්ද?~~ஜப்பான் பேச முடியும்~0
~~~~~~~~~~~~~~~~ஆங்கிலம் பேச முடியும்~0
~~~~~~~~~~~~~~~~சிங்களம் பேச முடியும்~0
~~~~~~~~~~~~~~~~தமிழ் பேச முடியும்~1
~~~~~~~~~~~190~~~'பச்சைக் கிளி' යන්නෙහි තේරුම කුමක්ද?~~කොළ ගිරවා~1
~~~~~~~~~~~~~~~~රතු ගිරවා~0
~~~~~~~~~~~~~~~~මාල ගිරවා~0
~~~~~~~~~~~~~~~~නිල් ගිරවා~0
39~2016~6~tamil-06-t3-l13-ep05~5~3~13~මග පෙන්වීම~බස් නැවතුම් පොල පිළිබඳ මග පෙන්වීම~බස්නැවතුම් පොලකදී ඇසෙන ප‍්‍රශ්න. (ප‍්‍රශ්න වචන ක‍්‍රියාපද එකතු කර ප‍්‍රශ්න විමසන ආකාරය පිළිබඳ අධ්‍යයනය)~01:00:00~191~~tamil-06-t3-l13-ep05-q1.jpg~මෙම රූපය කුමක්ද?~~கடை~0
~~~~~~~~~~~~~~~~பஸ் நிலையம்~1
~~~~~~~~~~~~~~~~பாடசாலை~0
~~~~~~~~~~~~~~~~வீடு~0
~~~~~~~~~~~192~~~ප‍්‍රශ්න ඇසීම සඳහා භාවිතා කරන වචනය නොවන්නේ කුමක්ද?~~எங்கே~0
~~~~~~~~~~~~~~~~எப்போது~0
~~~~~~~~~~~~~~~~எத்தனை~0
~~~~~~~~~~~~~~~~சோறு~1
~~~~~~~~~~~193~~~විකාශනය වන්නේ කීයටද? යන වාක්‍යයේ දෙමළ වාක්‍ය කුමක්ද?~~எப்போது ஒலிபரப்பாகும்?~1
~~~~~~~~~~~~~~~~எப்போது வரும்?~0
~~~~~~~~~~~~~~~~எப்போது தோடங்கும்?~0
~~~~~~~~~~~~~~~~எப்போது முடியும்?~0
~~~~~~~~~~~194~~~'எப்போது முடியும்?’ යන්නෙහි තේරුම කුමක්ද?~~ආරම්භ වන්නේ කීයටද ?~0
~~~~~~~~~~~~~~~~අවසන් වන්නේ කීයටද?~1
~~~~~~~~~~~~~~~~නවතින්නේ කීයටද?~0
~~~~~~~~~~~~~~~~පැවැත්වෙන්නෙ කීයටද?~0
~~~~~~~~~~~195~හිස්තැනට සුදුසු අකුර තෝරන්න.~~தொட…கும்.~~ன்~0
~~~~~~~~~~~~~~~~ந்~0
~~~~~~~~~~~~~~~~ங்~1
~~~~~~~~~~~~~~~~ண்~0
40~2016~6~tamil-06-t3-l13-ep06~6~3~13~මග පෙන්වීම~බස් නැවතුම් පොල පිළිබඳ මග පෙන්වීම තවදුරටත්~ප‍්‍රශ්න වචන ක‍්‍රියාපද එකතු කර ප‍්‍රශ්න විමසන ආකාරය හා වේලාව අධ්‍යයනය කිරීම.~01:00:00~196~~~'எப்போது புறப்படும்?’ යන ප‍්‍රශ්නයට ගැළපෙන පිළිතුර කුමක්ද?~~இப்பொழுது ஒலிபரப்பாகும்~0
~~~~~~~~~~~~~~~~இப்பொழுது வரும்~0
~~~~~~~~~~~~~~~~இப்பொழுது புறப்படும்~1
~~~~~~~~~~~~~~~~இப்பொழுது போகும்~0
~~~~~~~~~~~197~~~'முற்பகல் - பிற்பகல்' යන්නෙහි තේරුම කුමක්ද?~~පෙරවරු - පස්වරු~1
~~~~~~~~~~~~~~~~උදේ - දහවල්~0
~~~~~~~~~~~~~~~~උඩ - යට~0
~~~~~~~~~~~~~~~~යන්න - එන්න~0
~~~~~~~~~~~198~~tamil-06-t3-l13-ep06.q1.jpg~වේලාව කීයද?~~இரண்டு மணி~0
~~~~~~~~~~~~~~~~மூன்று மணி~1
~~~~~~~~~~~~~~~~நான்கு மணி~0
~~~~~~~~~~~~~~~~ஒரு மணி~0
~~~~~~~~~~~199~~~'ஒன்பது மணி' යන්නෙහි තේරුම කුමක්ද?~~වේලාව තුනයි~0
~~~~~~~~~~~~~~~~වේලාව හතරයි~0
~~~~~~~~~~~~~~~~වේලාව නමයයි~1
~~~~~~~~~~~~~~~~වේලාව දහයයි~0
~~~~~~~~~~~200~~~වේලාව හතයි. යන වාක්‍යයේ දෙමළ වාක්‍ය කුමක්ද?~~ஏழு மணி~1
~~~~~~~~~~~~~~~~எட்டு மணி~0
~~~~~~~~~~~~~~~~ஆறு மணி~0
~~~~~~~~~~~~~~~~நான்கு மணி~0
41~2016~6~tamil-06-t3-l13-ep07~7~3~13~මග පෙන්වීම~වේලාව පිළිබඳ ප‍්‍රශ්න ඇසීම නගර හඳුනාගැනීම~වේලාව පිළිබඳ ප‍්‍රශ්න ඇසීම නගර හඳුනාගැනීම හා ඒවා සාකච්ජා කිරීම.~01:00:00~201~~~'இப்பொழுது என்ன நேரம்?’ යන්නෙහි තේරුම කුමක්ද?~~දැන් වේලාව කීයද?~1
~~~~~~~~~~~~~~~~එන්නේ කීයටද?~0
~~~~~~~~~~~~~~~~නවත්වන්නේ කොහෙද?~0
~~~~~~~~~~~~~~~~වේලාව තුනයි.~0
~~~~~~~~~~~202~~~'யாழ்ப்பாணம்' යන වචනයේ තේරුම කුමක්ද?~~මහනුවර~0
~~~~~~~~~~~~~~~~යාපනය~1
~~~~~~~~~~~~~~~~මාතලේ~0
~~~~~~~~~~~~~~~~ගාල්ල~0
~~~~~~~~~~~203~~~'பஸ் வண்டி’ යන වචනයේ තේරුම කුමක්ද?~~බස් රථය~1
~~~~~~~~~~~~~~~~ත්‍රීරෝද රථය~0
~~~~~~~~~~~~~~~~මෝටර් රථය~0
~~~~~~~~~~~~~~~~දුම්රිය~0
~~~~~~~~~~~204~~~මඩකලපුව' යන වචනයේ දෙමළ වචනය කුමක්ද?~~மாத்தளை~0
~~~~~~~~~~~~~~~~கண்டி~0
~~~~~~~~~~~~~~~~மட்டக்களப்பு~1
~~~~~~~~~~~~~~~~கொழும்பு~0
~~~~~~~~~~~205~~~'காலி பஸ் வண்டி எத்தனை மணிக்குப் போகும்?’ යන්නෙහි තේරුම කුමක්ද?~~බස් රථය එන්නේ කීයටද?~0
~~~~~~~~~~~~~~~~ගාල්ල බස් රථය යන්නේ කීයටද?~1
~~~~~~~~~~~~~~~~මාතලේ බස් රථය නවත්වන්නේ කොහෙද?~0
~~~~~~~~~~~~~~~~ගාල්ල බලා යන බස් රථය පෙරවරු 9.00 ට පිටත් විය.~0
42~2016~6~tamil-06-t3-l14-ep08~8~3~14~තෛපොංගල්~තෛපොංගල් හඳුන්වාදීම~තෛ සහ පොංගල් යන වචනයේ අරුත් හඳුන්වාදීම පොංගල් බතක් සාදාගන්නා අයුරු පැහැදිලි කිරීම සහ මාස වර්ග හඳුන්වාදීම.~01:00:00~206~~~'தைப்பொங்கல்’ යනු මොන උත්සවයද?~~නත්තල්~0
~~~~~~~~~~~~~~~~දීපාවලී~0
~~~~~~~~~~~~~~~~තෛපොංගල්~1
~~~~~~~~~~~~~~~~වෙසක්~0
~~~~~~~~~~~207~~~'பங்குனி’  යනු මොන මාසයද?~~මැදින්~1
~~~~~~~~~~~~~~~~පොසොන්~0
~~~~~~~~~~~~~~~~නිකිණි~0
~~~~~~~~~~~~~~~~වප්~0
~~~~~~~~~~~208~~~ පොංගල් සෑදීමට ගන්නා ද්‍රව්‍යක් නොවන්නේ මින් කුමක්ද?~~அரிசி~0
~~~~~~~~~~~~~~~~பாசிப்பயறு~0
~~~~~~~~~~~~~~~~சர்க்கரை~0
~~~~~~~~~~~~~~~~எலுமிச்சை~1
~~~~~~~~~~~209~~~தைப்பொ…கல் හිස්තැනට සුදුසු අකුර තෝරන්න.~~ன்~0
~~~~~~~~~~~~~~~~ந்~0
~~~~~~~~~~~~~~~~ண்~0
~~~~~~~~~~~~~~~~ங்~1
~~~~~~~~~~~210~~~ පැණි වලට කියන දෙමළ වචනය කුමක්ද?~~நெய்~0
~~~~~~~~~~~~~~~~தேன்~1
~~~~~~~~~~~~~~~~ஏலம்~0
~~~~~~~~~~~~~~~~பால்~0
43~2016~6~tamil-06-t3-l14-ep09~9~3~14~තෛපොංගල්~දෙබස් සංවාදයක්~සුදන් සහ අන්වර් ඔවුන්ගේ ආගමික උත්සවයන් පිළිබඳ කරන දෙබස් සංවාදයක්.~01:00:00~211~~~'நாளைக்குத் தைப்பொங்கல்’ යන වාක්‍යයේ තේරුම කුමක්ද?~~අද තෛපොංගල්~0
~~~~~~~~~~~~~~~~හෙට තෛපොංගල්~1
~~~~~~~~~~~~~~~~අනිද්දා තෛපොංගල්~0
~~~~~~~~~~~~~~~~ඊයේ තෛපොංගල්~0
~~~~~~~~~~~212~~~තෛපොංගල් උත්සවය පවත්වා ස්තූති කරන්නේ කාටද?~~අම්මාට~0
~~~~~~~~~~~~~~~~තාත්තාට~0
~~~~~~~~~~~~~~~~හිරුට~1
~~~~~~~~~~~~~~~~සඳට~0
~~~~~~~~~~~213~~~'மழை - வெயில்’ යන වචනවල තේරුම් මොනවාද?~~වැස්ස - අව්ව~1
~~~~~~~~~~~~~~~~අහස - පොළොව~0
~~~~~~~~~~~~~~~~උඩ - යට~0
~~~~~~~~~~~~~~~~අව්ව - වැස්ස~0
~~~~~~~~~~~214~~~'நன்றி!’ යන්නෙහි තේරුම කුමක්ද?~~සමාවෙන්න~0
~~~~~~~~~~~~~~~~ස්තූතියි~1
~~~~~~~~~~~~~~~~එන්න~0
~~~~~~~~~~~~~~~~නාන්න~0
~~~~~~~~~~~215~~~'பிறந்தநாள் வாழ்த்துக்கள்’ යන්නෙහි තේරුම කුමක්ද?~~සුභ උදෑසනක් වේවා.~0
~~~~~~~~~~~~~~~~සුභ උපන් දිනයක් වේවා.~1
~~~~~~~~~~~~~~~~සුභ අලූත් අවුරුද්දක් වේවා.~0
~~~~~~~~~~~~~~~~සුභ නත්තලක් වේවා.~0
44~2016~6~tamil-06-t3-l14-ep10~10~3~14~තෛපොංගල්~කෑම වර්ග හඳුනාගැනීම~කෑම වර්ග හඳුනාගැනීම.~01:00:00~216~~~'உ…வுகள்’ යන්නෙහි හිස්තැනට සුදුසු අකුර තෝරන්න.~~ணு~0
~~~~~~~~~~~~~~~~ன~0
~~~~~~~~~~~~~~~~ண~1
~~~~~~~~~~~~~~~~ந~0
~~~~~~~~~~~217~~~ආහාරයක් නොවන්නේ මින් කුමක්ද?~~பொங்கல்~0
~~~~~~~~~~~~~~~~அப்பம்~0
~~~~~~~~~~~~~~~~தோசை~0
~~~~~~~~~~~~~~~~மரம்~1
~~~~~~~~~~~218~හිස්තැන් පුරවන්න.~tamil-06-t3-l14-ep10-q1.jpg~உங்களுக்கு என்ன வேணும்? /n எனக்கு ………………….. வேணும்.~~வடை~0
~~~~~~~~~~~~~~~~பிட்டு~0
~~~~~~~~~~~~~~~~இட்லி~0
~~~~~~~~~~~~~~~~லட்டு~1
~~~~~~~~~~~219~~tamil-06-t3-l14-ep10-q2.jpg~உங்களுக்கு என்ன வேணும்? /n எனக்கு ………………….. வேணும்.~~இடியப்பம்~0
~~~~~~~~~~~~~~~~வடை~1
~~~~~~~~~~~~~~~~லட்டு~0
~~~~~~~~~~~~~~~~இட்லி~0
~~~~~~~~~~~220~~tamil-06-t3-l14-ep10-q3.jpg~මෙය කුමක්ද?~~அப்பம்~0
~~~~~~~~~~~~~~~~இடியப்பம்~1
~~~~~~~~~~~~~~~~பொங்கல்~0
~~~~~~~~~~~~~~~~தோசை~0
45~2016~6~tamil-06-t3-l14-ep11~11~3~14~තෛපොංගල්~කෑම වර්ග හඳුනාගැනීම තවදුරටත්~විවිධ කෑම වර්ග හඳුන්වා දීම සහ (වේණුම්- ඕනෑ) යන වචනය යොදා ප‍්‍රශ්න ඇසීම.~01:00:00~221~හිස්තැන් පුරවන්න.~tamil-06-t3-l14-ep11-q1.jpg~உங்களுக்கு என்ன வேணும்? /n எனக்கு ………………….. வேணும்.~~வடை~0
~~~~~~~~~~~~~~~~தண்ணீர்~1
~~~~~~~~~~~~~~~~இட்லி~0
~~~~~~~~~~~~~~~~தேநீர்~0
~~~~~~~~~~~222~~tamil-06-t3-l14-ep11-q2.jpg~எத்தனை வேணும்?~~மூன்று வேணும்~0
~~~~~~~~~~~~~~~~ஏழு வேணும்~0
~~~~~~~~~~~~~~~~ஐந்து வேணும்~1
~~~~~~~~~~~~~~~~ஆறு வேணும்~0
~~~~~~~~~~~223~~tamil-06-t3-l14-ep11-q3.jpg~எத்தனை வேணும்?~~மூன்று வேணும்~0
~~~~~~~~~~~~~~~~ஏழு வேணும்~0
~~~~~~~~~~~~~~~~ஐந்து வேணும்~0
~~~~~~~~~~~~~~~~ஆறு வேணும்~1
~~~~~~~~~~~224~~tamil-06-t3-l14-ep11-q4.jpg~පින්තූරය සම්බන්ධ වැරදි පිළිතුර තෝරන්න.~~மூன்று பிட்டு இருக்கு~1
~~~~~~~~~~~~~~~~பொங்கல் இல்லை~0
~~~~~~~~~~~~~~~~தோசை இல்லை~0
~~~~~~~~~~~~~~~~இரண்டு பிட்டு இருக்கு~0
~~~~~~~~~~~225~~~'இ…லி' යන්නෙහි හිස්තැනට සුදුසු අකුර තෝරන්න.~~ர்~0
~~~~~~~~~~~~~~~~ட்~1
~~~~~~~~~~~~~~~~ற்~0
~~~~~~~~~~~~~~~~டு~0
46~2016~6~tamil-06-t3-l14-ep12~12~3~14~තෛපොංගල්~කෑම වර්ග හඳුනාගැනීම තවදුරටත්~කෑම වර්ග හඳුනාගෙන දෙමළ වචන භාවිතයෙන් වාක්‍ය සෑදීම හා පෙළපොත් අභ්‍යාස.~01:00:00~226~~~'தோசை எடுக்க முடியாது’  යන්නෙහි තේරුම කුමක්ද?~~තෝසේ ගන්න බැහැ~1
~~~~~~~~~~~~~~~~තෝසේ එපා~0
~~~~~~~~~~~~~~~~තෝසේ  ඕනේ~0
~~~~~~~~~~~~~~~~තෝසේ ගන්න පුලූවන්~0
~~~~~~~~~~~227~~~'…………… குடியுங்கள்' හිස්තැනට සුදුසු වචනය තෝරන්න.~~பிட்டு~0
~~~~~~~~~~~~~~~~முறுக்கு~0
~~~~~~~~~~~~~~~~தண்ணீர்~1
~~~~~~~~~~~~~~~~தோசை~0
~~~~~~~~~~~228~~~'…………… கழுவுங்கள்' හිස්තැනට සුදුසු වචනය තෝරන්න.~~முகம்~1
~~~~~~~~~~~~~~~~பால்~0
~~~~~~~~~~~~~~~~இடியப்பம்~0
~~~~~~~~~~~~~~~~லட்டு~0
~~~~~~~~~~~229~~tamil-06-t3-l14-ep12-q1.jpg~මෙය කුමක්ද?~~தண்ணீர்~0
~~~~~~~~~~~~~~~~முறுக்கு~1
~~~~~~~~~~~~~~~~வடை~0
~~~~~~~~~~~~~~~~இட்லி~0
~~~~~~~~~~~230~~~'சாப்பிடுங்கள்’ යන්නෙහි තේරුම කුමක්ද?~~බොන්න~0
~~~~~~~~~~~~~~~~ගන්න~0
~~~~~~~~~~~~~~~~කන්න~1
~~~~~~~~~~~~~~~~රසයි~0
47~2016~6~tamil-06-t3-l15-ep13~13~3~15~මේ අපේ පාසල~අපේ පාසල සුරකිමු~අපේ පාසල ආරක්ෂා කරගැනීම සම්බන්ධයෙන් උපදෙස් සාකච්ජා කිරීම.~01:00:00~231~~~'அழகானது’ යන්නෙහි තේරුම කුමක්ද?~~කැතයි.~0
~~~~~~~~~~~~~~~~ලස්සනයි.~1
~~~~~~~~~~~~~~~~ලොකුයි.~0
~~~~~~~~~~~~~~~~පොඩියි.~0
~~~~~~~~~~~232~~~'පාසල' යන වචනයේ දෙමළ වචනය කුමක්ද?~~கடை~0
~~~~~~~~~~~~~~~~பாடசாலை~1
~~~~~~~~~~~~~~~~வீடு~0
~~~~~~~~~~~~~~~~வண்டி~0
~~~~~~~~~~~233~~tamil-06-t3-l14-ep13-q1.jpg~මෙම පින්තූරයෙන් පෙන්වන්නේ කුමක්ද?~~மரங்களை நடுவோம்.~0
~~~~~~~~~~~~~~~~நீரைப் பேணுவோம்.~0
~~~~~~~~~~~~~~~~சத்தம் போட வேண்டாம்.~1
~~~~~~~~~~~~~~~~புத்தகங்களைக் கிழிக்க வேண்டாம்.~0
~~~~~~~~~~~234~~tamil-06-t3-l14-ep13-q2.jpg~මෙම පින්තූරයෙන් පෙන්වන්නේ කුමක්ද?~~நீரைப் பேணுவோம்.~0
~~~~~~~~~~~~~~~~சத்தம் போட வேண்டாம்.~0
~~~~~~~~~~~~~~~~குப்பை போட வேண்டாம்.~1
~~~~~~~~~~~~~~~~மரங்களை நடுவோம்.~0
~~~~~~~~~~~235~~~'வேண்டாம்' යන්නෙහි තේරුම කුමක්ද?~~එපා~1
~~~~~~~~~~~~~~~~ඕනේ~0
~~~~~~~~~~~~~~~~වෙනවා~0
~~~~~~~~~~~~~~~~දෙනවා~0
48~2016~6~tamil-06-t3-l15-ep14~14~3~15~මේ අපේ පාසල~අපේ පාසල සුරකිමු තවදුරටත්~පාසලක පුස්තකාලයක් භාවිතයේදී පිළිපැදිය යුතු උපදෙස් සාකච්ජා කිරීම, පාසල තුල භාවිතා කරන දැන්වීම් හා උපදෙස් භාවිතය හා සරල වාක්‍ය ගොඩනැගීම.~01:00:00~236~~~'நூலகம்’ යන්නෙහි තේරුම කුමක්ද?~~පාසල~0
~~~~~~~~~~~~~~~~ගෙදර~0
~~~~~~~~~~~~~~~~පුස්තකාලය~1
~~~~~~~~~~~~~~~~කර්මාන්තය~0
~~~~~~~~~~~237~~~පුස්තකාලයක ප‍්‍රදර්ශණය නොවන්නේ මින් කුමක්ද?~~அமைதியாக இருப்போம்~0
~~~~~~~~~~~~~~~~அமைதியாக வாசிப்போம்~0
~~~~~~~~~~~~~~~~புத்தகங்களை இங்கே வைப்போம்~0
~~~~~~~~~~~~~~~~அங்கே குப்பை போடுங்கள்~1
~~~~~~~~~~~238~~~'சத்தம்’ යන්නෙහි තේරුම කුමක්ද?~~ශබ්දය~1
~~~~~~~~~~~~~~~~තුවාය~0
~~~~~~~~~~~~~~~~වතුර~0
~~~~~~~~~~~~~~~~කෑගසන්න~0
~~~~~~~~~~~239~~~ 'කුණු' යන වචනයේ දෙමළ වචනය කුමක්ද?~~சுத்தம்~0
~~~~~~~~~~~~~~~~அங்கே~0
~~~~~~~~~~~~~~~~குப்பை~1
~~~~~~~~~~~~~~~~ தந்தை~0
~~~~~~~~~~~240~~~පාසලේ ඇති ස්ථානයක් නොවන්නේ මින් කුමක්ද?~~மைதானம்~0
~~~~~~~~~~~~~~~~காரியாலயம்~0
~~~~~~~~~~~~~~~~சிற்றுண்டிச்சாலை~0
~~~~~~~~~~~~~~~~வீடு~1
