id	name	question_image
31	english-06-t2-l04-ep01	english-06-t2-l04-ep01-q-2.jpg
31	english-06-t2-l04-ep01	english-06-t2-l04-ep01-q-4.jpg
32	english-06-t2-l04-ep02	english-06-t2-l04-ep02-q-3.jpg
32	english-06-t2-l04-ep02	english-06-t2-l04-ep02-q-4.jpg
35	english-06-t2-l05-ep05	english-06-t2-l05-ep05-q-3.jpg
42	english-06-t2-l06-ep12	english-06-t2-l06-ep12-q-1.jpg
42	english-06-t2-l06-ep12	english-06-t2-l06-ep12-q-5.jpg
50	english-06-t2-l06-ep20	english-06-t2-l06-ep20-q-4.jpg
57	english-06-t2-l07-ep27	english-06-t2-l07-ep27-q-1.jpg
372	geography-06-t1-l01-ep02	geography-06-t1-l01-ep02-q-1.jpg
372	geography-06-t1-l01-ep02	geography-06-t1-l01-ep02-q-2.jpg
372	geography-06-t1-l01-ep02	geography-06-t1-l01-ep02-q-3.jpg
372	geography-06-t1-l01-ep02	geography-06-t1-l01-ep02-q-4.jpg
372	geography-06-t1-l01-ep02	geography-06-t1-l01-ep02-q-5.jpg
374	geography-06-t1-l01-ep04	geography-06-t1-l01-ep04-q-2.jpg
376	geography-06-t1-l01-ep06	geography-06-t1-l01-ep06-q-3.jpg
376	geography-06-t1-l01-ep06	geography-06-t1-l01-ep06-q-4.jpg
381	geography-06-t2-l02-ep04	geography-06-t2-l02-ep04-q-5.jpg
383	geography-06-t2-l02-ep06	geography-06-t3-l04-ep06-q-5.jpg
97	history-06-t1-l02-ep07	history-06-t1-l02-ep07-q-3.png
97	history-06-t1-l02-ep07	history-06-t1-l02-ep07-q-4.png
97	history-06-t1-l02-ep07	history-06-t1-l02-ep07-q-5.png
130	ict-06-t1-l03-ep10	ict-06-t1-l03-ep10-q-2.jpg
132	ict-06-t2-l04-ep01	ict-06-t2-l04-ep01-q-1.jpg
137	ict-06-t2-l04-ep06	ict-06-t2-l04-ep06-q-3.jpg
140	ict-06-t2-l05-ep09	ict-06-t2-l05-ep09-q-2.jpg
149	ict-06-t3-l06-ep09	ict-06-t3-l06-ep09-q-4.jpg
395	maths-06-t1-l01-ep02	maths-06-t1-l01-ep02-q-1.jpg
395	maths-06-t1-l01-ep02	maths-06-t1-l01-ep02-q-2.jpg
395	maths-06-t1-l01-ep02	maths-06-t1-l01-ep02-q-3.jpg
395	maths-06-t1-l01-ep02	maths-06-t1-l01-ep02-q-4.jpg
396	maths-06-t1-l02-ep03	maths-06-t1-l02-ep03-q-5.jpg
399	maths-06-t1-l03-ep06	maths-06-t1-l03-ep06-q-4.jpg
404	maths-06-t1-l03-ep11	maths-06-t1-l03-ep11-q-1.jpg
404	maths-06-t1-l03-ep11	maths-06-t1-l03-ep11-q-2.jpg
408	maths-06-t1-l04-ep15	maths-06-t1-l04-ep15-q-4.jpg
408	maths-06-t1-l04-ep15	maths-06-t1-l04-ep15-q-5.jpg
409	maths-06-t1-l04-ep16	maths-06-t1-l04-ep16-q-1.jpg
409	maths-06-t1-l04-ep16	maths-06-t1-l04-ep16-q-2.jpg
409	maths-06-t1-l04-ep16	maths-06-t1-l04-ep16-q-3.jpg
409	maths-06-t1-l04-ep16	maths-06-t1-l04-ep16-q-4.jpg
409	maths-06-t1-l04-ep16	maths-06-t1-l04-ep16-q-5.jpg
410	maths-06-t1-l05-ep17	maths-06-t1-l05-ep17-q-1.jpg
410	maths-06-t1-l05-ep17	maths-06-t1-l05-ep17-q-2.jpg
410	maths-06-t1-l05-ep17	maths-06-t1-l05-ep17-q-3.jpg
410	maths-06-t1-l05-ep17	maths-06-t1-l05-ep17-q-5.jpg
411	maths-06-t1-l05-ep18	maths-06-t1-l05-ep18-q-4.jpg
411	maths-06-t1-l05-ep18	maths-06-t1-l05-ep18-q-5.jpg
412	maths-06-t1-l05-ep19	maths-06-t1-l05-ep19-q-1.jpg
412	maths-06-t1-l05-ep19	maths-06-t1-l05-ep19-q-2.jpg
412	maths-06-t1-l05-ep19	maths-06-t1-l05-ep19-q-5.jpg
415	maths-06-t1-l05-ep22	maths-06-t1-l05-ep22-q-1.jpg
415	maths-06-t1-l05-ep22	maths-06-t1-l05-ep22-q-4.jpg
419	maths-06-t1-l07-ep26	maths-06-t1-l07-ep26-q-1.jpg
420	maths-06-t1-l07-ep27	maths-06-t1-l07-ep27-q-1.jpg
420	maths-06-t1-l07-ep27	maths-06-t1-l07-ep27-q-2.jpg
420	maths-06-t1-l07-ep27	maths-06-t1-l07-ep27-q-3.jpg
420	maths-06-t1-l07-ep27	maths-06-t1-l07-ep27-q-4.jpg
423	maths-06-t1-l08-ep30	maths-06-t1-l08-ep30-q-5.jpg
424	maths-06-t2-l09-ep01	maths-06-t2-l09-ep01-q-2.jpg
424	maths-06-t2-l09-ep01	maths-06-t2-l09-ep01-q-3.jpg
429	maths-06-t2-l10-ep06	maths-06-t2-l10-ep06-q-1.jpg
429	maths-06-t2-l10-ep06	maths-06-t2-l10-ep06-q-2.jpg
429	maths-06-t2-l10-ep06	maths-06-t2-l10-ep06-q-3.jpg
429	maths-06-t2-l10-ep06	maths-06-t2-l10-ep06-q-4.jpg
429	maths-06-t2-l10-ep06	maths-06-t2-l10-ep06-q-5.jpg
436	maths-06-t2-l13-ep13	maths-06-t2-l13-ep13-q-3.jpg
437	maths-06-t2-l13-ep14	maths-06-t2-l13-ep14-q-1.jpg
438	maths-06-t2-l13-ep15	maths-06-t2-l13-ep15-q-5.jpg
446	maths-06-t2-l15-ep23	maths-06-t2-l15-ep23-q-1.jpg
446	maths-06-t2-l15-ep23	maths-06-t2-l15-ep23-q-2.jpg
446	maths-06-t2-l15-ep23	maths-06-t2-l15-ep23-q-3.jpg
446	maths-06-t2-l15-ep23	maths-06-t2-l15-ep23-q-5.jpg
447	maths-06-t2-l16-ep24	maths-06-t2-l16-ep24-q-5.jpg
448	maths-06-t2-l16-ep25	maths-06-t2-l16-ep25-q-3.jpg
448	maths-06-t2-l16-ep25	maths-06-t2-l16-ep25-q-5.jpg
449	maths-06-t2-l17-ep26	maths-06-t2-l17-ep26-q-2.jpg
449	maths-06-t2-l17-ep26	maths-06-t2-l17-ep26-q-4.jpg
451	maths-06-t2-l17-ep28	maths-06-t2-l17-ep28-q-4.jpg
456	maths-06-t3-l19-ep04	maths-06-t3-l19-ep04-q-5.jpg
468	maths-06-t3-l22-ep16	maths-06-t3-l22-ep16-q-3.jpg
468	maths-06-t3-l22-ep16	maths-06-t3-l22-ep16-q-4.jpg
468	maths-06-t3-l22-ep16	maths-06-t3-l22-ep16-q-5.jpg
469	maths-06-t3-l22-ep17	maths-06-t3-l22-ep17-q-1.jpg
469	maths-06-t3-l22-ep17	maths-06-t3-l22-ep17-q-2.jpg
469	maths-06-t3-l22-ep17	maths-06-t3-l22-ep17-q-3.jpg
469	maths-06-t3-l22-ep17	maths-06-t3-l22-ep17-q-4.jpg
469	maths-06-t3-l22-ep17	maths-06-t3-l22-ep17-q-5.jpg
470	maths-06-t3-l22-ep18	maths-06-t3-l22-ep18-q-1.jpg
470	maths-06-t3-l22-ep18	maths-06-t3-l22-ep18-q-2.jpg
470	maths-06-t3-l22-ep18	maths-06-t3-l22-ep18-q-3.jpg
470	maths-06-t3-l22-ep18	maths-06-t3-l22-ep18-q-4.jpg
470	maths-06-t3-l22-ep18	maths-06-t3-l22-ep18-q-5.jpg
471	maths-06-t3-l23-ep19	maths-06-t3-l23-ep19-q-1.jpg
471	maths-06-t3-l23-ep19	maths-06-t3-l23-ep19-q-2.jpg
471	maths-06-t3-l23-ep19	maths-06-t3-l23-ep19-q-3.jpg
471	maths-06-t3-l23-ep19	maths-06-t3-l23-ep19-q-4.jpg
471	maths-06-t3-l23-ep19	maths-06-t3-l23-ep19-q-5.jpg
472	maths-06-t3-l23-ep20	maths-06-t3-l23-ep20-q-1.jpg
472	maths-06-t3-l23-ep20	maths-06-t3-l23-ep20-q-2.jpg
472	maths-06-t3-l23-ep20	maths-06-t3-l23-ep20-q-3.jpg
472	maths-06-t3-l23-ep20	maths-06-t3-l23-ep20-q-4.jpg
472	maths-06-t3-l23-ep20	maths-06-t3-l23-ep20-q-5.jpg
473	maths-06-t3-l23-ep21	maths-06-t3-l23-ep21-q-1.jpg
473	maths-06-t3-l23-ep21	maths-06-t3-l23-ep21-q-2.jpg
473	maths-06-t3-l23-ep21	maths-06-t3-l23-ep21-q-3.jpg
473	maths-06-t3-l23-ep21	maths-06-t3-l23-ep21-q-4.jpg
473	maths-06-t3-l23-ep21	maths-06-t3-l23-ep21-q-5.jpg
477	maths-06-t3-l25-ep25	maths-06-t3-l25-ep25-q-1.jpg
477	maths-06-t3-l25-ep25	maths-06-t3-l25-ep25-q-2.jpg
477	maths-06-t3-l25-ep25	maths-06-t3-l25-ep25-q-3.jpg
477	maths-06-t3-l25-ep25	maths-06-t3-l25-ep25-q-4.jpg
477	maths-06-t3-l25-ep25	maths-06-t3-l25-ep25-q-5.jpg
478	maths-06-t3-l25-ep26	maths-06-t3-l25-ep26-q-2.jpg
478	maths-06-t3-l25-ep26	maths-06-t3-l25-ep26-q-3.jpg
478	maths-06-t3-l25-ep26	maths-06-t3-l25-ep26-q-4.jpg
478	maths-06-t3-l25-ep26	maths-06-t3-l25-ep26-q-5.jpg
154	science-06-t1-l01-ep04	science-06-t1-l01-ep04-q-4.jpg
158	science-06-t1-l02-ep08	science-06-t1-l02-ep08-q-4.jpg
171	science-06-t1-l04-ep21	science-06-t1-l04-ep21-q-4.jpg
171	science-06-t1-l04-ep21	science-06-t1-l04-ep21-q-5.jpg
172	science-06-t1-l04-ep22	science-06-t1-l04-ep22-q-4.jpg
177	science-06-t1-l05-ep27	science-06-t1-l05-ep27-q-1.jpg
177	science-06-t1-l05-ep27	science-06-t1-l05-ep27-q-4.jpg
177	science-06-t1-l05-ep27	science-06-t1-l05-ep27-q-5.jpg
178	science-06-t1-l05-ep28	science-06-t1-l05-ep28-q-1.jpg
178	science-06-t1-l05-ep28	science-06-t1-l05-ep28-q-2.jpg
178	science-06-t1-l05-ep28	science-06-t1-l05-ep28-q-3.jpg
186	science-06-t2-l06-ep06	science-06-t2-l06-ep06-q-3.jpg
189	science-06-t2-l07-ep09	science-06-t2-l07-ep09-q-1.jpg
190	science-06-t2-l07-ep10	science-06-t2-l07-ep10-q-3.jpg
190	science-06-t2-l07-ep10	science-06-t2-l07-ep10-q-4.jpg
190	science-06-t2-l07-ep10	science-06-t2-l07-ep10-q-5.jpg
192	science-06-t2-l07-ep12	science-06-t2-l07-ep12-q-1.jpg
192	science-06-t2-l07-ep12	science-06-t2-l07-ep12-q-2.jpg
193	science-06-t2-l07-ep13	science-06-t2-l07-ep13-q-1.jpg
193	science-06-t2-l07-ep13	science-06-t2-l07-ep13-q-2.jpg
194	science-06-t2-l07-ep14	science-06-t2-l07-ep14-q-2.jpg
199	science-06-t2-l08-ep19	science-06-t2-l08-ep19-q-5.jpg
203	science-06-t2-l08-ep23	science-06-t2-l08-ep23-q-5.jpg
204	science-06-t2-l08-ep24	science-06-t2-l08-ep24-q-2.jpg
204	science-06-t2-l08-ep24	science-06-t2-l08-ep24-q-3.jpg
204	science-06-t2-l08-ep24	science-06-t2-l08-ep24-q-5.jpg
205	science-06-t2-l08-ep25	science-06-t2-l08-ep25-q-1.jpg
207	science-06-t2-l08-ep27	science-06-t2-l08-ep27-q-3.jpg
213	science-06-t3-l09-ep03	science-06-t3-l09-ep03-q-3.jpg
213	science-06-t3-l09-ep03	science-06-t3-l09-ep03-q-5.jpg
214	science-06-t3-l09-ep04	science-06-t3-l09-ep04-q-3.jpg
224	science-06-t3-l10-ep14	science-06-t3-l10-ep14-q-1.jpg
224	science-06-t3-l10-ep14	science-06-t3-l10-ep14-q-2.jpg
224	science-06-t3-l10-ep14	science-06-t3-l10-ep14-q-5.jpg
227	science-06-t3-l10-ep17	science-06-t3-l10-ep17-q-1.jpg
227	science-06-t3-l10-ep17	science-06-t3-l10-ep17-q-2.jpg
227	science-06-t3-l10-ep17	science-06-t3-l10-ep17-q-3.jpg
227	science-06-t3-l10-ep17	science-06-t3-l10-ep17-q-4.jpg
227	science-06-t3-l10-ep17	science-06-t3-l10-ep17-q-5.jpg
230	science-06-t3-l11-ep20	science-06-t3-l11-ep20-q-3.jpg
230	science-06-t3-l11-ep20	science-06-t3-l11-ep20-q-4.jpg
230	science-06-t3-l11-ep20	science-06-t3-l11-ep20-q-5.jpg
232	science-06-t3-l11-ep22	science-06-t3-l11-ep22-q-1.jpg
232	science-06-t3-l11-ep22	science-06-t3-l11-ep22-q-2.jpg
232	science-06-t3-l11-ep22	science-06-t3-l11-ep22-q-3.jpg
232	science-06-t3-l11-ep22	science-06-t3-l11-ep22-q-4.jpg
232	science-06-t3-l11-ep22	science-06-t3-l11-ep22-q-5.jpg
237	science-06-t3-l11-ep27	science-06-t3-l11-ep27-q-1.jpg
272	sinhala-06-t2-l07-ep04	sinhala-06-t2-l07-ep04-q-1.JPG
272	sinhala-06-t2-l07-ep04	sinhala-06-t2-l07-ep04-q-2.JPG
272	sinhala-06-t2-l07-ep04	sinhala-06-t2-l07-ep04-q-3.JPG
496	tamil-06-t1-l01-ep02	tamil-06-t1-l01-ep02-q1.jpg
497	tamil-06-t1-l01-ep03	tamil-06-t1-l01-ep03-q1.jpg
497	tamil-06-t1-l01-ep03	tamil-06-t1-l01-ep03-q2.jpg
498	tamil-06-t1-l02-ep04	tamil-06-t1-l02-ep04-q1.jpg
498	tamil-06-t1-l02-ep04	tamil-06-t1-l02-ep04-q2.jpg
511	tamil-06-t2-l06-ep02	tamil-06-t2-l06-ep02-q1.jpg
511	tamil-06-t2-l06-ep02	tamil-06-t2-l06-ep02-q2.jpg
500	tamil-06-t1-l03-ep06	tamil-06-t1-l03-ep06-q1.jpg
594	tamil-06-t1-l03-ep07	tamil-06-t1-l04-ep07-q1.jpg
594	tamil-06-t1-l03-ep07	tamil-06-t1-l04-ep07-q2.jpg
594	tamil-06-t1-l03-ep07	tamil-06-t1-l04-ep07-q3.jpg
501	tamil-06-t1-l04-ep07	tamil-06-t1-l04-ep07-q1.jpg
501	tamil-06-t1-l04-ep07	tamil-06-t1-l04-ep07-q2.jpg
501	tamil-06-t1-l04-ep07	tamil-06-t1-l04-ep07-q3.jpg
503	tamil-06-t1-l04-ep09	tamil-06-t1-l04-ep09-q1.jpg
503	tamil-06-t1-l04-ep09	tamil-06-t1-l04-ep09-q2.jpg
503	tamil-06-t1-l04-ep09	tamil-06-t1-l04-ep09-q3.jpg
504	tamil-06-t1-l04-ep10	tamil-06-t1-l04-ep10-q1.jpg
504	tamil-06-t1-l04-ep10	tamil-06-t1-l04-ep10-q2.jpg
504	tamil-06-t1-l04-ep10	tamil-06-t1-l04-ep10-q3.jpg
505	tamil-06-t1-l04-ep11	tamil-06-t1-l04-ep11-q1.jpg
506	tamil-06-t1-l05-ep12	tamil-06-t1-l05-ep12-q1.jpg
507	tamil-06-t1-l05-ep13	tamil-06-t1-l05-ep13-q1.jpg
508	tamil-06-t1-l05-ep14	tamil-06-t1-l05-ep14-q1.jpg
508	tamil-06-t1-l05-ep14	tamil-06-t1-l05-ep14-q2.jpg
510	tamil-06-t2-l06-ep01	tamil-06-t2-l06-ep01-q1.jpg
512	tamil-06-t2-l06-ep03	tamil-06-t2-l06-ep03-q1.jpg
512	tamil-06-t2-l06-ep03	tamil-06-t2-l06-ep03-q2.jpg
512	tamil-06-t2-l06-ep03	tamil-06-t2-l06-ep03-q3.jpg
512	tamil-06-t2-l06-ep03	tamil-06-t2-l06-ep03-q4.jpg
513	tamil-06-t2-l06-ep04	tamil-06-t2-l06-ep04-q1.jpg
513	tamil-06-t2-l06-ep04	tamil-06-t2-l06-ep04-q2.jpg
513	tamil-06-t2-l06-ep04	tamil-06-t2-l06-ep04-q3.jpg
513	tamil-06-t2-l06-ep04	tamil-06-t2-l06-ep04-q4.jpg
514	tamil-06-t2-l07-ep05	tamil-06-t2-l07-ep05-q1.jpg
514	tamil-06-t2-l07-ep05	tamil-06-t2-l07-ep05-q2.jpg
514	tamil-06-t2-l07-ep05	tamil-06-t2-l07-ep05-q3.jpg
515	tamil-06-t2-l07-ep06	tamil-06-t2-l07-ep06-q1.jpg
517	tamil-06-t2-l07-ep08	tamil-06-t2-l07-ep08-q1.png
517	tamil-06-t2-l07-ep08	tamil-06-t2-l07-ep08-q2.png
518	tamil-06-t2-l07-ep09	tamil-06-t2-l07-ep09-q1.jpg
518	tamil-06-t2-l07-ep09	tamil-06-t2-l07-ep09-q2.jpg
518	tamil-06-t2-l07-ep09	tamil-06-t2-l07-ep09-q3.jpg
518	tamil-06-t2-l07-ep09	tamil-06-t2-l07-ep09-q4.jpg
519	tamil-06-t2-l08-ep10	tamil-06-t2-l08-ep10-q1.jpg
519	tamil-06-t2-l08-ep10	tamil-06-t2-l08-ep10-2.jpg
520	tamil-06-t2-l08-ep11	tamil-06-t2-l08-ep11-q1.jpg
521	tamil-06-t2-l08-ep12	tamil-06-t2-l08-ep12-q1.jpg
521	tamil-06-t2-l08-ep12	tamil-06-t2-l08-ep12-q2.jpg
521	tamil-06-t2-l08-ep12	tamil-06-t2-l08-ep12-q3.jpg
521	tamil-06-t2-l08-ep12	tamil-06-t2-l08-ep12-q4.jpg
522	tamil-06-t2-l08-ep13	tamil-06-t2-l08-ep13-q1.jpg
522	tamil-06-t2-l08-ep13	tamil-06-t2-l08-ep13-q2.jpg
523	tamil-06-t2-l09-ep14	tamil-06-t2-l08-ep14-q1.jpg
523	tamil-06-t2-l09-ep14	tamil-06-t2-l08-ep14-q2.jpg
524	tamil-06-t2-l09-ep15	tamil-06-t2-l09-ep15-q1.jpg
524	tamil-06-t2-l09-ep15	tamil-06-t2-l09-ep15-q2.jpg
524	tamil-06-t2-l09-ep15	tamil-06-t2-l09-ep15-q3.jpg
524	tamil-06-t2-l09-ep15	tamil-06-t2-l09-ep15-q4.jpg
525	tamil-06-t2-l09-ep16	tamil-06-t2-l09-ep16-q1.jpg
525	tamil-06-t2-l09-ep16	tamil-06-t2-l09-ep16-q2.jpg
525	tamil-06-t2-l09-ep16	tamil-06-t2-l09-ep16-q3.jpg
525	tamil-06-t2-l09-ep16	tamil-06-t2-l09-ep16-q4.jpg
526	tamil-06-t2-l10-ep17	tamil-06-t2-l10-ep17-q1.jpg
527	tamil-06-t2-l10-ep18	tamil-06-t2-l10-ep18-q1.jpg
527	tamil-06-t2-l10-ep18	tamil-06-t2-l10-ep18-q2.jpg
527	tamil-06-t2-l10-ep18	tamil-06-t2-l10-ep18-q3.jpg
528	tamil-06-t2-l10-ep19	tamil-06-t2-l10-ep19-q1.jpg
528	tamil-06-t2-l10-ep19	tamil-06-t2-l10-ep19-q2.jpg
529	tamil-06-t3-l11-ep01	tamil-06-t3-l11-ep01-q1.jpg
531	tamil-06-t3-l11-ep03	tamil-06-t3-l11-ep03-q1.jpg
531	tamil-06-t3-l11-ep03	tamil-06-t3-l11-ep03-q2.jpg
533	tamil-06-t3-l13-ep05	tamil-06-t3-l13-ep05-q1.jpg
534	tamil-06-t3-l13-ep06	tamil-06-t3-l13-ep06.q1.jpg
538	tamil-06-t3-l14-ep10	tamil-06-t3-l14-ep10-q1.jpg
538	tamil-06-t3-l14-ep10	tamil-06-t3-l14-ep10-q2.jpg
538	tamil-06-t3-l14-ep10	tamil-06-t3-l14-ep10-q3.jpg
539	tamil-06-t3-l14-ep11	tamil-06-t3-l14-ep11-q1.jpg
539	tamil-06-t3-l14-ep11	tamil-06-t3-l14-ep11-q2.jpg
539	tamil-06-t3-l14-ep11	tamil-06-t3-l14-ep11-q3.jpg
539	tamil-06-t3-l14-ep11	tamil-06-t3-l14-ep11-q4.jpg
540	tamil-06-t3-l14-ep12	tamil-06-t3-l14-ep12-q1.jpg
541	tamil-06-t3-l15-ep13	tamil-06-t3-l14-ep13-q1.jpg
541	tamil-06-t3-l15-ep13	tamil-06-t3-l14-ep13-q2.jpg
