1~2016~6~geography-06-t1-l01-ep01~1~1~1~පාසලක පිහිටීම හඳුනාගැනීම~පරිපාලන කොට්ඨාස ධූරාවලිය, ශ‍්‍රී ලංකාවේ ආකෘති සිතියමක පාසලේ පිහිටීම ලකුණු කිරීම සහ පළාත් හා දිස්ත‍්‍රික්ක~පාසලක පිහිටීම හඳුනා ගැනීම හා පරිපාලනය, (ග‍්‍රාම නිලධාරී කොට්ඨාස, ප‍්‍රාදේශීය ලේකම් කොට්ඨාස දිස්ත‍්‍රික්ක පළාත්) අධ්‍යයනය කිරීම.~01:00:00~1~~~පාසල පිහිටා ඇති කුඩාම පරිපාලන ඒකකය කුමක් ද?~~පළාත~0
~~~~~~~~~~~~~~~~දිස්ත‍්‍රික්කය~0
~~~~~~~~~~~~~~~~ප‍්‍රාදේශීය ලේකම් කොට්ඨාසය~0
~~~~~~~~~~~~~~~~ග‍්‍රාමනිලධාරී කොට්ඨාසය ~1
~~~~~~~~~~~2~~~ග‍්‍රාමනිලධාරී කොට්ඨාස කිහිපයක් එක් වීමෙන් සෑදෙන පරිපාලන ඒකකය කුමක් ද?~~පළාත~0
~~~~~~~~~~~~~~~~දිස්ත‍්‍රික්කය~0
~~~~~~~~~~~~~~~~ප‍්‍රාදේශීය ලේකම් කොට්ඨාසය ~1
~~~~~~~~~~~~~~~~ග‍්‍රාමනිලධාරී කොට්ඨාසය~0
~~~~~~~~~~~3~~~ශ‍්‍රී ලංකාවේ විශාලතම පරිපාලන ඒකකය කුමක් ද?~~පළාත~1
~~~~~~~~~~~~~~~~දිස්ත‍්‍රික්කය~0
~~~~~~~~~~~~~~~~ප‍්‍රාදේශීය ලේකම් කොට්ඨාසය~0
~~~~~~~~~~~~~~~~ග‍්‍රාමනිලධාරී කොට්ඨාසය~0
~~~~~~~~~~~4~~~දිස්ත‍්‍රික්ක පහක් එකතු වී සෑදී ඇති පළාත කුමක් ද?~~උතුරු පළාත ~1
~~~~~~~~~~~~~~~~නැගෙනහිර පළාත~0
~~~~~~~~~~~~~~~~බස්නාහිර පළාත~0
~~~~~~~~~~~~~~~~දකුණු පළාත~0
~~~~~~~~~~~5~~~කෑගල්ල දිස්ත‍්‍රික්කය අයත් වන පළාත වන්නේ?~~බස්නාහිර පළාත ~0
~~~~~~~~~~~~~~~~සබරගමුව පළාත ~1
~~~~~~~~~~~~~~~~වයඹ පළාත~0
~~~~~~~~~~~~~~~~ඌව පළාත~0
2~2016~6~geography-06-t1-l01-ep02~2~1~1~පාසලක පිහිටීම හඳුනාගැනීම~පාසල පිහිටි ඉඩමේ හැඩය හා දිශාව හඳුනාගැනීම~පාසල් වත්තක පිහිටීම හා දිශා සටහන හා තෝරා ගත් ස්ථාන කිහිපයක පිහිටි දිශාව පෙන්නුම් කිරීම. පාසල අවට වටපිටාව හා ප‍්‍රධාන දිශා අනුදිශා පිළිබද අධ්‍යයනය කිරීම.~01:00:00~6~~geography-06-t1-l01-ep02-q-1.jpg~කාර්යාලයට උතුරු දිශාවෙන් පිහිටා ඇත්තේ කුමක් ද?~~ක‍්‍රීඩා පිටිය~0
~~~~~~~~~~~~~~~~බුදු මැදුර ~1
~~~~~~~~~~~~~~~~ගොවිපොළ~0
~~~~~~~~~~~~~~~~ගේට්ටුව~0
~~~~~~~~~~~7~~geography-06-t1-l01-ep02-q-2.jpg~කාර්යාලය ගිණිකොන දිශාවෙන් පිහිටා ඇත්තේ කුමක් ද?~~ලංකා බැංකුව ~1
~~~~~~~~~~~~~~~~කොස් ගස~0
~~~~~~~~~~~~~~~~ක‍්‍රීඩා පිටිය~0
~~~~~~~~~~~~~~~~ගොවිපොළ~0
~~~~~~~~~~~8~~geography-06-t1-l01-ep02-q-3.jpg~ආපන ශාලාවට නිරිත දිශාවෙන් පිහිටා ඇත්තේ කුමක් ද?~~කොස් ගස~0
~~~~~~~~~~~~~~~~ගේට්ටුව ~1
~~~~~~~~~~~~~~~~ලංකා බැංකුව~0
~~~~~~~~~~~~~~~~ලිඳ~0
~~~~~~~~~~~9~~geography-06-t1-l01-ep02-q-4.jpg~අඹ ගසට උතුරු දිශාවෙන් පිහිටා ඇත්තේ?~~කාර්යාලය~0
~~~~~~~~~~~~~~~~කොස් ගස~0
~~~~~~~~~~~~~~~~ක‍්‍රීඩා පිටිය ~1
~~~~~~~~~~~~~~~~ගේට්ටුව~0
~~~~~~~~~~~10~~geography-06-t1-l01-ep02-q-5.jpg~ගොවිපොළ පිහිටා ඇත්තේ ආපන ශාලාවට කුමන දිශාවෙන් ද?~~උතුරු දිශාවෙනි ~1
~~~~~~~~~~~~~~~~දකුණු දිශාවෙනි~0
~~~~~~~~~~~~~~~~බස්නාහිර දිශාවෙනි~0
~~~~~~~~~~~~~~~~නැගෙනහිර දිශාවෙනි~0
3~2016~6~geography-06-t1-l01-ep03~3~1~1~පාසලක පිහිටීම හඳුනාගැනීම~විවිධ කාලගුණික තත්ත්වයන් සහිත ප‍්‍රදේශ~කාලගුණය යනු කුමක් ද? කාලගුණික අංග පිළිබඳව අවබෝධ කර ගැනීම.~01:00:00~11~~~උණුසුම් කාලගුණයක් ඇති ප‍්‍රදේශයක් ලෙස දැක්විය හැකි ප‍්‍රදේශය මින් කුමක් ද?~~ත‍්‍රිකුණාමලය ~1
~~~~~~~~~~~~~~~~මහනුවර~0
~~~~~~~~~~~~~~~~මාතලෙ~0
~~~~~~~~~~~~~~~~නුවරඑළිය~0
~~~~~~~~~~~12~~~ශ‍්‍රී ලංකාවේ අවම උෂ්ණත්වය දැකිය හැකි ප‍්‍රදේශයකි.~~කොළඹ~0
~~~~~~~~~~~~~~~~නුවර එළිය ~1
~~~~~~~~~~~~~~~~මන්නාරම~0
~~~~~~~~~~~~~~~~හම්බන්තොට~0
~~~~~~~~~~~13~~~බස්නාහිරට තද වැසි ලැබෙන්නේ කුමන දිශාවෙන් හමා එන සුළං මඟින් ද?~~නිරිත දිශාවෙන් ~1
~~~~~~~~~~~~~~~~ඊසාන දිශාවෙන්~0
~~~~~~~~~~~~~~~~දකුණු දිශාවෙන්~0
~~~~~~~~~~~~~~~~උතුරු දිශාවෙන්~0
~~~~~~~~~~~14~~~තද මීදුමක් සහිත ප‍්‍රදේශයක් දක්නට ලැබෙන්නේ?~~මන්නාරම~0
~~~~~~~~~~~~~~~~යාපනය~0
~~~~~~~~~~~~~~~~හපුතලේ ~1
~~~~~~~~~~~~~~~~හම්බන්තොට~0
~~~~~~~~~~~15~~~ශ‍්‍රී ලංකාවේ තදින් වර්ෂාව ලැබෙන ප‍්‍රදේශයකි.~~කුරුණෑගල~0
~~~~~~~~~~~~~~~~මන්නාරම~0
~~~~~~~~~~~~~~~~හම්බන්තොට~0
~~~~~~~~~~~~~~~~රත්නපුර ~1
4~2016~6~geography-06-t1-l01-ep04~4~1~1~පාසලක පිහිටීම හඳුනාගැනීම~උෂ්ණත්වය, වර්ෂාපතනය~පාසල අවට වටපිටාවේ කාලගුණය හා කාලගුණික තත්ව මනින උපකරණ පිළිබද හඳුනා ගනියි (කාලගුණික අංග හෙවත් උෂ්ණත්වය, වර්ෂාපතනය සුළං වළාකුළු හා වර්ෂාව ඇතිවන ආකාරය, ජල චක‍්‍රය ක‍්‍රියාත්මක වන අයුරු)~01:00:00~16~~~කාලගුණික අංගයක් නොවන්නේ?~~උෂ්ණත්වය~0
~~~~~~~~~~~~~~~~සුළං~0
~~~~~~~~~~~~~~~~වළාකුළු ~0
~~~~~~~~~~~~~~~~සීතල ~1
~~~~~~~~~~~17~~geography-06-t1-l01-ep04-q-2.jpg~ "A" මෙහි  ස්ථානයට අදාළ වන්නේ කුමන පිළිතුරද?~~සූර්යතාපය ~0
~~~~~~~~~~~~~~~~ඉහළ නැගීම~0
~~~~~~~~~~~~~~~~ඝනීභවණය ~1
~~~~~~~~~~~~~~~~උෂ්ණත්වය~0
~~~~~~~~~~~18~~~කාලගුණික තොරතුරු දැන ගැනීම වඩාත්ම ප‍්‍රයෝජනවත් වන්නේ පහත සඳහන් කවරෙකුටද?~~ගුරුවරුන්ටය ~0
~~~~~~~~~~~~~~~~ධීවරයින්ටය ~1
~~~~~~~~~~~~~~~~වෛද්‍යවරුන්ටය~0
~~~~~~~~~~~~~~~~වඩු කාර්මිකයින්ටය~0
~~~~~~~~~~~19~~~කාලගුණික මූලිකාංගයක් වන්නේ ......................................... යි.~~උෂ්ණත්වය ~1
~~~~~~~~~~~~~~~~භූවිෂමතාව~0
~~~~~~~~~~~~~~~~වනාන්තර~0
~~~~~~~~~~~~~~~~බෑවුම්~0
~~~~~~~~~~~20~~~ෆැරන්හයිට් සහ සෙල්සියස් යන එ්කක වලින් මනින්නේ.~~වේගය~0
~~~~~~~~~~~~~~~~ආර්ද්‍රතාවය~0
~~~~~~~~~~~~~~~~වර්ෂාපතනය~0
~~~~~~~~~~~~~~~~උෂ්ණත්වය ~1
5~2016~6~geography-06-t1-l01-ep05~5~1~1~පාසලක පිහිටීම හඳුනාගැනීම~සුළං~සුළං වර්ග පිළිබඳ හා එයින් ඇතිවන ආපදා තත්වයන් අධ්‍යයනය (සැඩ සුළං,  සුළි සුළං,  මද සුළං)  හා සුළගේ දිශාව මනින උපකරණ පිළිබඳ අවබෝධය ලබා දීම.~01:00:00~21~~~කාලගුණික අංග අතර මූලිකාංගය වන්නේ කුමක්ද?~~සුළඟ~0
~~~~~~~~~~~~~~~~උෂ්ණත්වය ~1
~~~~~~~~~~~~~~~~වර්ෂාව~0
~~~~~~~~~~~~~~~~වළාකුළු~0
~~~~~~~~~~~22~~~ජල වාෂ්ප ඉහළ නැග ඝනීභවනය වීමෙන් අපට ලැබෙන්නේ?~~සුළඟ~0
~~~~~~~~~~~~~~~~උෂ්ණත්වය~0
~~~~~~~~~~~~~~~~වර්ෂාව~0
~~~~~~~~~~~~~~~~වළාකුළු ~1
~~~~~~~~~~~23~~~වර්ෂාපතනය මනිනු ලබන්නේ,~~මිලි ලීටර වලිනි~0
~~~~~~~~~~~~~~~~ලීටර වලිනි~0
~~~~~~~~~~~~~~~~මිලිමීටර වලිනි~1
~~~~~~~~~~~~~~~~මීටර වලිනි~0
~~~~~~~~~~~24~~~සුළගේ වේගය මැනීමට භාවිතා කරන උපකරණය වන්නේ,~~අනිල මානය ~1
~~~~~~~~~~~~~~~~සුළං දිශා දර්ශකය~0
~~~~~~~~~~~~~~~~වර්ෂාමානය~0
~~~~~~~~~~~~~~~~උෂ්ණත්වමානය~0
~~~~~~~~~~~25~~~ සුළගේ වේගය මනිනු ලබන්නේ?~~නිරීක්ෂණය කිරීමෙනි~0
~~~~~~~~~~~~~~~~පැයට මීටර වලිනි~0
~~~~~~~~~~~~~~~~පැයට කිලෝමීටර වලිනි ~1
~~~~~~~~~~~~~~~~ඊතලය දක්වන දිශාවෙනි~0
6~2016~6~geography-06-t1-l01-ep06~6~1~1~පාසලක පිහිටීම හඳුනාගැනීම~වළාකුළු~කාළගුණික අංගයක් වන වළාකුළු ස්වභාවය හා ඒවා නිරීක්ෂණය කිරීම.~01:00:00~26~~~ස්වාභාවික භූගෝලීය ලක්ෂණයකි.~~ක‍්‍රීඩාපිටි~0
~~~~~~~~~~~~~~~~මාර්ග~0
~~~~~~~~~~~~~~~~ගොඩනැගිලි~0
~~~~~~~~~~~~~~~~උස්බිම් ~1
~~~~~~~~~~~27~~~මිනිසා විසින් නිර්මාණය කරන ලද භූගෝලීය ලක්ෂණයකි.~~වගා බිම් ~1
~~~~~~~~~~~~~~~~වනාන්තර~0
~~~~~~~~~~~~~~~~ඇළ දොළ~0
~~~~~~~~~~~~~~~~ගංගා~0
~~~~~~~~~~~28~~geography-06-t1-l01-ep06-q-3.jpg~පහත දැක්වෙන නිවස පිහිටා ඇති පරිසරය කුමක් ද?~~වතුකරයේ පිහිටි නිවසක්~0
~~~~~~~~~~~~~~~~ග‍්‍රාමීය පරිසරයක පිහිටි නිවසක්~0
~~~~~~~~~~~~~~~~කඳුකර පරිසරයක පිහිටි නිවසක් ~1
~~~~~~~~~~~~~~~~නාගරික පරිසරයක පිහිටි නිවසක්~0
~~~~~~~~~~~29~~geography-06-t1-l01-ep06-q-4.jpg~පහත දැක්වෙන නිවස පිහිටා ඇති පරිසරය කුමක් ද?~~වතුකරයේ පිහිටි නිවසක්~0
~~~~~~~~~~~~~~~~බෑවුම් ප‍්‍රදේශයක පිහිටි නිවසක්~0
~~~~~~~~~~~~~~~~තැනිතලා ප‍්‍රදේශයක පිහිටි නිවසක්~0
~~~~~~~~~~~~~~~~වෙරළ ආශ‍්‍රිත පරිසරයක පිහිටි නිවසක් ~1
~~~~~~~~~~~30~~~කාලගුණික අංගයක් වන්නේ,~~උෂ්ණත්වය~0
~~~~~~~~~~~~~~~~වර්ෂාපතනය~0
~~~~~~~~~~~~~~~~සුළං~0
~~~~~~~~~~~~~~~~ඉහත සියල්ලම ~1
7~2016~6~geography-06-t1-l01-ep07~7~1~1~පාසලක පිහිටීම හඳුනාගැනීම~භූගෝලීය ලක්ෂණ~මිනිසාගේ මැදිහත් වීමකින් යුතුව සිදුකරනු ලබන පාසල අවට වටපිටාවේ භූ දර්ශනය හා මිනිසාගේ මැදිහත් වීමකින් තොරව එනම් ස්වභාවිකව පිහිටි පරිසරය තුළ දක්නට ඇති දේවල් පිළිබඳ අවබෝධය ලබා දීම.~01:00:00~31~~~මේ අතුරින් භූ ලක්ෂණ සඳහා අයත් වන්නේ මොනවාද?~~උද්‍යාන~0
~~~~~~~~~~~~~~~~ගොඩනැඟිලි~0
~~~~~~~~~~~~~~~~මාර්ග ~0
~~~~~~~~~~~~~~~~ඉහත සියල්ලම ~1
~~~~~~~~~~~32~~~ උස්බිම් ආශ‍්‍රිත පාසල් බහුලව දැකිය හැක්කේ කොහේද?~~අනුරාධපුරය~0
~~~~~~~~~~~~~~~~කොළඹ~0
~~~~~~~~~~~~~~~~ගම්පහ~0
~~~~~~~~~~~~~~~~බදුල්ල ~1
~~~~~~~~~~~33~~~ චිත‍්‍රය හා කටු සිතියම අතර වෙනස පැහැදිලි වන ලක්ෂණය වනුයේ,~~සිතියමේ ලක්ෂණ ත‍්‍රිමාණ ස්වභාවයක් ගනී.~0
~~~~~~~~~~~~~~~~සිතියමකට වඩා චිත‍්‍රයකින් භූගෝලීය ලක්ෂණ වල පිහිටීම නිශ්චිතව දැක්විය හැකිය.~0
~~~~~~~~~~~~~~~~සිතියමේ ලක්ෂණ පැතලි ස්වභාවයක් මෙන්ම දුර ප‍්‍රමාණය භූ ලක්ෂණ හා හැඩය නිශ්චිතව දැක්විය හැකිය. ~1
~~~~~~~~~~~~~~~~චිත‍්‍රයේ ඇති ලක්ෂණ පැතලි වේ.~0
~~~~~~~~~~~34~~~මිනිසා විසින් නිර්මාණය කරන ලද භූ ලක්ෂණයක් නොවන්නේ,~~ගංගා ~1
~~~~~~~~~~~~~~~~මාර්ග~0
~~~~~~~~~~~~~~~~උද්‍යාන~0
~~~~~~~~~~~~~~~~ක‍්‍රීඩාපිිටි~0
~~~~~~~~~~~35~~~ස්වභාවික භූ ලක්ෂණයක් නොවන්නේ,~~ගංගා ~0
~~~~~~~~~~~~~~~~වනාන්තර ~0
~~~~~~~~~~~~~~~~උස්බිම්~0
~~~~~~~~~~~~~~~~මාර්ග ~1
8~2016~6~geography-06-t2-l02-ep01~1~2~2~නිවස අවට වටපිටාවේ භූමියේ ස්වභාවය~විවිධ පරිසරවල පිහිටා ඇති නිවාස~නිවස අවට වටපිටාවේ භූමියේ ස්වභාවය භූගෝලීය, පාරිසරික, භූමියේ ස්වභාවය අනුව නිවාස පිහිටා ඇති ආකාරය පිළිබඳ අධ්‍යයනය කරයි.~01:00:00~36~~~මිනිසාගේ නිවාස පිහිටා ඇති ප‍්‍රදේශ වන්නේ,~~කඳුකර~0
~~~~~~~~~~~~~~~~වෙරළ ආශ‍්‍රිත~0
~~~~~~~~~~~~~~~~තැනිතලා~0
~~~~~~~~~~~~~~~~ඉහත සියල්ලම ~1
~~~~~~~~~~~37~~~විශාල ලෙස ගොඩනැගිලි දැකගත හැකි ප‍්‍රදේශ වන්නේ,~~ග‍්‍රාමීය ප‍්‍රදේශ~0
~~~~~~~~~~~~~~~~නාගරික ප‍්‍රදේශ ~1
~~~~~~~~~~~~~~~~කඳුකර ප‍්‍රදේශ~0
~~~~~~~~~~~~~~~~වතු ආශ‍්‍රිත ප‍්‍රදේශ~0
~~~~~~~~~~~38~~~වැවිලි කර්මාන්තය (තේ වගාව) බහුලව දැකිය හැකි ප‍්‍රදේශය වන්නේ,~~නාගරික ප‍්‍රදේශ~0
~~~~~~~~~~~~~~~~ග‍්‍රාමීය ප‍්‍රදේශ~0
~~~~~~~~~~~~~~~~ගංගා ආශ‍්‍රිත ප‍්‍රදේශ~0
~~~~~~~~~~~~~~~~වතු ආශ‍්‍රිත ප‍්‍රදේශ ~1
~~~~~~~~~~~39~~~ස්වභාවික ආපදාවක් වන්නේ,~~නායයෑම්~0
~~~~~~~~~~~~~~~~සුනාමි~0
~~~~~~~~~~~~~~~~ගං වතුර~0
~~~~~~~~~~~~~~~~ඉහත සියල්ලම ~1
~~~~~~~~~~~40~~~ඉතා ඉක්මනින් ලෙඩ රෝග බෝ විය හැකි ප‍්‍රදේශය වන්නේ,~~ග‍්‍රාමීය~0
~~~~~~~~~~~~~~~~නාගරික ~1
~~~~~~~~~~~~~~~~කඳුකර~0
~~~~~~~~~~~~~~~~වතු ආශ‍්‍රිතව~0
9~2016~6~geography-06-t2-l02-ep02~2~2~2~නිවස අවට වටපිටාවේ භූමියේ ස්වභාවය~නිවස අවට පරිසරයේ විවිධත්වයක් ඇතිවීමට ශාක හා සතුන්ගේ බලපෑම~ශ‍්‍රී ලංකාවේ භූමියේ ස්වභාවය මෙන්ම දේශගුණික බලපෑම නිසා එක් එක් පරිසර පද්ධති තුළ ශාක වර්ග හා සත්ත්ව විශේෂ හඳුනාගැනීම.~01:00:00~41~~~සංචාරක පක්ෂියෙකි.~~අවිච්චියා ~1
~~~~~~~~~~~~~~~~කැහිබෙල්ලා~0
~~~~~~~~~~~~~~~~පඬුවන් බස්සා~0
~~~~~~~~~~~~~~~~අළු කෑ දැත්තා~0
~~~~~~~~~~~42~~~විවිධ අපද්‍රව්‍ය කැබලි කොට දිරාපත් වීමට උදව් කරන සත්වයෙකි,~~කපුටා~0
~~~~~~~~~~~~~~~~වේයා ~1
~~~~~~~~~~~~~~~~ගැඩවිල් පනුවා~0
~~~~~~~~~~~~~~~~බත්කූරා~0
~~~~~~~~~~~43~~~මහාමාරිය රෝගය බෝ කරන සත්වයෙකි.~~මදුරුවා~0
~~~~~~~~~~~~~~~~මීයා ~1
~~~~~~~~~~~~~~~~වවුලා~0
~~~~~~~~~~~~~~~~බල්ලා~0
~~~~~~~~~~~44~~~වගාවට හානි කරන ගොළුබෙල්ලන් විනාශ කරන සත්වයෙකි.~~කපුටා~0
~~~~~~~~~~~~~~~~වවුලා~0
~~~~~~~~~~~~~~~~ඇටි කුකුලා ~1
~~~~~~~~~~~~~~~~ගිරවා~0
~~~~~~~~~~~45~~~රාත‍්‍රියෙහි හැසිරෙන සත්වයෙකි.~~සමනලයා~0
~~~~~~~~~~~~~~~~කණාමැදිරියා ~1
~~~~~~~~~~~~~~~~මී මැස්සා~0
~~~~~~~~~~~~~~~~ගෙමැස්සා~0
10~2016~6~geography-06-t2-l02-ep03~3~2~2~නිවස අවට වටපිටාවේ භූමියේ ස්වභාවය~ශාක හා සත්ත්ව විවිධත්වය~ශාක වලින් හා සතුන්ගෙන් අපට ලැබෙන ප‍්‍රයෝජන වෙන වෙනම අධ්‍යනය කරයි.~01:00:00~46~~~ශාක වලින් ලැබෙන ප‍්‍රයෝජනයක් නොවන්නේ,~~ආහාර ලබාදීම~0
~~~~~~~~~~~~~~~~සෙවන ලබාදීම~0
~~~~~~~~~~~~~~~~ඉන්ධන ලබාදීම~0
~~~~~~~~~~~~~~~~අධ්‍යාපනය ලබාදීම ~1
~~~~~~~~~~~47~~~ශ්‍රී ලංකාවේ නිවර්තන වැසි වනාන්තරය වන්නේ,~~කුමන වනාන්තරය~0
~~~~~~~~~~~~~~~~විල්පත්තු වනාන්තරය~0
~~~~~~~~~~~~~~~~සිංහරාජ වනාන්තරය ~1
~~~~~~~~~~~~~~~~ඉහත සියල්ලම~0
~~~~~~~~~~~48~~~වගා හානි කරන සතුන් විනාශ කිරීම සඳහා උපකාරී වන සත්ත්වයකු වන්නේ,~~සමනලයා~0
~~~~~~~~~~~~~~~~ගිරවා~0
~~~~~~~~~~~~~~~~මයිනා~0
~~~~~~~~~~~~~~~~ඇටි කුකුළා ~1
~~~~~~~~~~~49~~~අපද්‍රව්‍ය කැබලි කිරීම සඳහා උපකාරී වන සත්ත්වයකු වන්නේ,~~ගිරවා~0
~~~~~~~~~~~~~~~~හාවා~0
~~~~~~~~~~~~~~~~වේයා ~1
~~~~~~~~~~~~~~~~පූසා~0
~~~~~~~~~~~50~~~කුණු කසල කා දමන සතෙකු වන්නේ,~~සමනලයා~0
~~~~~~~~~~~~~~~~බත්කූරා~0
~~~~~~~~~~~~~~~~කපුටා ~1
~~~~~~~~~~~~~~~~පූසා~0
11~2016~6~ geography-06-t2-l02-ep04~4~2~2~නිවස අවට වටපිටාවේ භූමියේ ස්වභාවය~පාසල / නිවස අවට ප‍්‍රජාව හඳුනා ගැනීම~පරිසරය තුල ජීවත් වන ප‍්‍රජාව හඳුනා ගැනීම සිදු කරයි. විවිධ ජන කණ්ඩායම් වල සංස්කෘතිය, ආගම, සිරිත් විරිත් පිළිබඳව අධ්‍යනය කරයි.~01:00:00~51~~~තෛයිපොංගල් උත්සවය සමරනු ලබන්නේ,~~ඉස්ලාම් බැතිමතුන් විසිනි.~0
~~~~~~~~~~~~~~~~දමිළ බැතිමතුන් විසිනි. ~1
~~~~~~~~~~~~~~~~බෞද්ධ බැතිමතුන් විසිනි.~0
~~~~~~~~~~~~~~~~කතෝලික බැතිමතුන් විසිනි.~0
~~~~~~~~~~~52~~~ඔබේ පාසල අවට ඇති පූජනීය ස්ථානයක් නොවන්නේ කුමක් ද?~~පන්සල~0
~~~~~~~~~~~~~~~~පල්ලිය~0
~~~~~~~~~~~~~~~~කෝවිල~0
~~~~~~~~~~~~~~~~රෝහල ~1
~~~~~~~~~~~53~~~බෞද්ධ ජනතාව විසින් සමරනු ලබන ප‍්‍රධාන ආගමික උත්සවයකි.~~රාමසාන් උත්සවය~0
~~~~~~~~~~~~~~~~දීපවාලි උත්සවය~0
~~~~~~~~~~~~~~~~වෙසක් උත්සවය ~1
~~~~~~~~~~~~~~~~නත්තල් උත්සවය~0
~~~~~~~~~~~54~~~  ශ‍්‍රී ලංකාවේ ජීවත්වන ජාතීන් වන්නේ,~~සිංහල~0
~~~~~~~~~~~~~~~~දෙමළ~0
~~~~~~~~~~~~~~~~මුස්ලිම්~0
~~~~~~~~~~~~~~~~ඉහත සියල්ලම ~1
~~~~~~~~~~~55~~geography-06-t2-l02-ep04-q-5.jpg~ඉහත රූපයේ දැක්වෙන ලාංඡනය කුමන ආගමට අයත් වේද?~~සිංහල~0
~~~~~~~~~~~~~~~~කතෝලික ~1
~~~~~~~~~~~~~~~~මුස්ලිම්~0
~~~~~~~~~~~~~~~~දෙමළ~0
12~2016~6~ geography-06-t2-l02-ep05~5~2~2~නිවස අවට වටපිටාවේ භූමියේ ස්වභාවය~පාසල / නිවස අවට ආර්ථික කටයුතු~පරිසරය තුල ජීවත් වන මිනිසුන් ජීවනෝපායන් තෝරාගන්නා ආකාරය හා ඒ ඒ ප‍්‍රදේශයන් හා බැඳුනු කෘෂිකර්මාන්ත පිළිබඳව අධ්‍යනය කරයි. කෘෂිකාර්මික කටයුතු දේශගුණය හා භූ ලක්ෂණ අනුව තෝරාගන්නා ආකාරය පිළිබඳව අධ්‍යනය කරයි.~01:00:00~56~~~ධීවර කර්මාන්තය දැකිය හැක්කේ මේ අතුරින් කුමන ප‍්‍රදේශය ආශ‍්‍රිතවද?~~කඳුකර ආශ‍්‍රිතව~0
~~~~~~~~~~~~~~~~වෙරළබඩ ආශ‍්‍රිතව ~1
~~~~~~~~~~~~~~~~වතු ආශ‍්‍රිතව~0
~~~~~~~~~~~~~~~~තැනිතලා ආශ‍්‍රිතව~0
~~~~~~~~~~~57~~~ප‍්‍රධාන ආර්ථික කටයුත්තක් වන්නේ,~~කෘෂිකර්මික~0
~~~~~~~~~~~~~~~~කාර්මික~0
~~~~~~~~~~~~~~~~සේවා~0
~~~~~~~~~~~~~~~~ඉහත සියල්ලම ~1
~~~~~~~~~~~58~~~කෘෂිකර්මික භූමි පරිභෝජනයට අයත් නොවන්නේ,~~බෝග වගා කිරිම~0
~~~~~~~~~~~~~~~~සත්ත්ව පාලනය~0
~~~~~~~~~~~~~~~~ධීවර කර්මාන්තය~0
~~~~~~~~~~~~~~~~ක‍්‍රීඩා කිරීම ~1
~~~~~~~~~~~59~~~උතුරු ප‍්‍රදේශයේ බහුලව දැකිය හැකි බෝග නම්,~~මිදි~0
~~~~~~~~~~~~~~~~රතු ලූණු~0
~~~~~~~~~~~~~~~~කෙසෙල්~0
~~~~~~~~~~~~~~~~ඉහත සියල්ලම ~1
~~~~~~~~~~~60~~~ මේ අතුරින් සත්ත්ව පාලනයට අයත් සතුන් වන්නේ,~~එළුවන්~0
~~~~~~~~~~~~~~~~ඌරන්~0
~~~~~~~~~~~~~~~~කුකුළන්~0
~~~~~~~~~~~~~~~~ඉහත සියල්ලම ~1
13~2016~6~geography-06-t2-l02-ep06~6~2~2~නිවස අවට වටපිටාවේ භූමියේ ස්වභාවය~පාසල / නිවස අවට ආර්ථික කටයුතු~ඒ ඒ ප‍්‍රදේශයන් හා බැඳුනු කාර්මික කටයුතු පිළිබඳව අධ්‍යනය කරයි. එම ප‍්‍රදේශයන් සතුව ඇති ස්වාභාවික සම්පත් උපයෝගී කරගෙන කාර්මික කටයුතු හා ගෘහාශ‍්‍රිත නිෂ්පාදන සිදු කරන ආකාරය පිළිබඳව අධ්‍යනය කරයි.~01:00:00~61~~~ශ‍්‍රී ලංකාවේ මැණික් සඳහා ප‍්‍රසිද්ධ නගරය කුමක්ද?~~කොළඹ~0
~~~~~~~~~~~~~~~~රත්නපුර ~1
~~~~~~~~~~~~~~~~කෑගල්ල~0
~~~~~~~~~~~~~~~~ගම්පහ~0
~~~~~~~~~~~62~~~ලී බඩු සඳහා ප‍්‍රසිද්ධ නගරය කුමක්ද?~~මීගමුව~0
~~~~~~~~~~~~~~~~ගම්පහ~0
~~~~~~~~~~~~~~~~මොරටුව ~1
~~~~~~~~~~~~~~~~රත්නපුර~0
~~~~~~~~~~~63~~~මැටි උපයෝගී කරගෙන කරනු ලබන කර්මාන්තයක් නොවන්නේ කුමක්ද?~~වළං~0
~~~~~~~~~~~~~~~~උළු~0
~~~~~~~~~~~~~~~~ගඩොල්~0
~~~~~~~~~~~~~~~~රස කැවිලි ~1
~~~~~~~~~~~64~~~ශ‍්‍රී ලංකාවේ වෙස්මුහුණු සඳහා ප‍්‍රසිද්ධ නගරය කුමක්ද?~~රත්නපුර~0
~~~~~~~~~~~~~~~~කෑගල්ල~0
~~~~~~~~~~~~~~~~අම්බලන්ගොඩ ~1
~~~~~~~~~~~~~~~~මොනරාගල~0
~~~~~~~~~~~65~~geography-06-t3-l04-ep06-q-5.jpg~ශ‍්‍රී ලංකාවේ පිත්තල භාණ්ඩ සඳහා ප‍්‍රසිද්ධ නගරය කුමක්ද?~~නුවර පිළිමතලාව ~1
~~~~~~~~~~~~~~~~කෑගල්ල~0
~~~~~~~~~~~~~~~~ගාල්ල~0
~~~~~~~~~~~~~~~~මාතර~0
14~2016~6~geography-06-t2-l02-ep07~7~2~2~නිවස අවට වටපිටාවේ භූමියේ ස්වභාවය~පාසල / නිවස අවට ආර්ථික කටයුතු~සේවාවක් යනු කුමක්ද? සේවාවන් වර්ග හා සෞඛ්‍ය, අධ්‍යාපන, තැපැල්, ප‍්‍රවාහන, බැංකු, ආරක්ෂක ක්ෂේත‍්‍රයන් පිළිබඳව අධ්‍යනය කරයි.~01:00:00~66~~~මේ අතුරින් සේවාවක් නොවන්නේ කුමක්ද?~~සෞඛ්‍ය සේවා~0
~~~~~~~~~~~~~~~~අධ්‍යාපන සේවා~0
~~~~~~~~~~~~~~~~තැපැල් සේවා~0
~~~~~~~~~~~~~~~~ගොඩනැඟිලි ඉදිකිරීම ~1
~~~~~~~~~~~67~~~රජය මැදිහත් වීමෙන් සහනදායී මිලකට ලබාදෙන සේවාවක් වන්නේ කුමක්ද?~~ප‍්‍රවාහන සේවය~0
~~~~~~~~~~~~~~~~අධ්‍යාපන සේවය~0
~~~~~~~~~~~~~~~~රාජ්‍ය ඔසුසල~0
~~~~~~~~~~~~~~~~ඉහත සියල්ලම ~1
~~~~~~~~~~~68~~~මුදල් අයකර සපයන සේවාවක් වන්නේ කුමක්ද?~~සමූපකාර භාණ්ඩ ලබාදීම~0
~~~~~~~~~~~~~~~~විදුලිය ලබාදීම~0
~~~~~~~~~~~~~~~~ජලය ලබාදීම~0
~~~~~~~~~~~~~~~~ඉහත සියල්ලම ~1
~~~~~~~~~~~69~~~පොදු සේවාවන් පිළිබඳව අසත්‍ය ප‍්‍රකාශය වන්නේ කුමක්ද?~~ජන ජීවිතය පහසු කිරීම~0
~~~~~~~~~~~~~~~~ජනතාවගේ ජීවන තත්ත්වය යහපත් කිරීම~0
~~~~~~~~~~~~~~~~තනිව සපයාගත නොහැකි සේවා ලබා නොගැනීම ~1
~~~~~~~~~~~~~~~~අඩු ආදායම් ලාභීන්ට සහන සැලසීම~0
~~~~~~~~~~~70~~~ශ‍්‍රී ලංකාවේ ප‍්‍රධාන වශයෙන් සේවා කොටස් කීයද?~~දෙකකි ~1
~~~~~~~~~~~~~~~~තුනකි~0
~~~~~~~~~~~~~~~~හතරකි~0
~~~~~~~~~~~~~~~~පහකි~0
15~2016~6~geography-06-t3-l03-ep01~1~3~3~තම නිවස අවට වටපිටාව යහපත්ව පවත්වා ගැනීම~භූමිය~ස්වාභාවික පරිසරයේ මූලිකාංග, භූමිය ප‍්‍රයෝජනයට ගන්නා ආකාරය, භූමිය නිවැරදිව පරිහරණය කිරීම සඳහා ගතහැකි ක‍්‍රියාමාර්ග, භූමිය අවිධිමත් ලෙස පරිහරණය කෙරෙන ආකාරය හා එමඟින් ඇතිවන ප‍්‍රතිවිපාක පිළිබඳව අධ්‍යනය කරයි.~01:00:00~71~~~අවිධිමත් භූමි පරිහරණය නිසා කඳුකර ප‍්‍රදේශවල දැකිය හැකි ස්වාභාවික ආපදාවකි.~~ගංවතුර~0
~~~~~~~~~~~~~~~~නායයෑම් ~1
~~~~~~~~~~~~~~~~භූමි කම්පා~0
~~~~~~~~~~~~~~~~සුළි සුළං~0
~~~~~~~~~~~72~~~වෙරළ ආශ‍්‍රිත ප‍්‍රදේශයේ දැකිය හැකි අවිධිමත් භූමි පරිහරණයක් ලෙස දැකිය හැක්කේ,~~මැටි කැපීම~0
~~~~~~~~~~~~~~~~මැණික් ගැරීම~0
~~~~~~~~~~~~~~~~හුණුගල් කැඩීම ~1
~~~~~~~~~~~~~~~~කෘෂිබිම් ව්‍යාප්තිය~0
~~~~~~~~~~~73~~~අවිධිමත් ජල පරිභෝජන අවස්ථාවක් නොවන්නේ,~~වීදුරුවක් හෝ කෝප්පයක් මඟින් ජලය පානය කිරීම. ~1
~~~~~~~~~~~~~~~~වාහන සේදීම.~0
~~~~~~~~~~~~~~~~ක‍්‍රීඩා තරඟ සඳහා ජලය භාවිතා කිරීම.~0
~~~~~~~~~~~~~~~~ජල කරාමයට අල්ලා ආහාර ද්‍රව්‍ය පිරිසිදු කර ගැනීම.~0
~~~~~~~~~~~74~~~ජලය හිඟ වීමෙන් ඇතිවිය හැකි ගැටලූවක් නොවන්නේ,~~පානීය ජලය හිඟ වීම.~0
~~~~~~~~~~~~~~~~ජීවීන්ගේ පැවැත්මට තර්ජනයක් වීම.~0
~~~~~~~~~~~~~~~~පස සරු වීම. ~1
~~~~~~~~~~~~~~~~ජල විදුලි බලය අඩාල වීම.~0
~~~~~~~~~~~75~~~ජල දූෂණය වලක්වාලීමට ගතහැකි උපක‍්‍රමයකි.~~කැළි කසල ජලයට බැහැර කිරීම.~0
~~~~~~~~~~~~~~~~සතුන් ජල මාර්ග වලින් නෑවීම.~0
~~~~~~~~~~~~~~~~කෘමි නාශක හා වල් නාශක භාවිතය.~0
~~~~~~~~~~~~~~~~කර්මාන්තශාලාවලින් පිටකරන ජලය නැවත භාවිතයට ගැනීමට කටයුතු කිරීම. ~1
16~2016~6~ geography-06-t3-l03-ep02~2~3~3~තම නිවස අවට වටපිටාව යහපත්ව පවත්වා ගැනීම~ජලය~එදිනෙදා ජීවිතයේ දී ජලය භාවිතයට ගන්නා අවස්ථා හා ජලය අවිධිමත් ලෙස පරිභෝජනයට ගන්නා අවස්ථා, ජලය හිග වීමෙන් ඇතිවිය හැකි ගැටළු හා ජලය තිරසාරව පවත්වා ගැනීම සඳහා ගතහැකි පියවර හා ජලය දූෂණය වන අවස්ථා පිළිබඳව අධ්‍යනය කරයි.~01:00:00~76~~~වායුගෝලයේ බහුලව දැකිය හැකි වායු වර්ගය වන්නේ,~~නයිට‍්‍රජන් ~1
~~~~~~~~~~~~~~~~ඔක්සිජන්~0
~~~~~~~~~~~~~~~~කාබන්ඩයොක්සයිඩ්~0
~~~~~~~~~~~~~~~~මීතේන්~0
~~~~~~~~~~~77~~~ශ්වසනයට අවශ්‍ය කරන වායු වර්ග කුමක් ද?~~නයිට‍්‍රජන්~0
~~~~~~~~~~~~~~~~හයිට‍්‍රජන්~0
~~~~~~~~~~~~~~~~ඔක්සිජන් ~1
~~~~~~~~~~~~~~~~කාබන්ඩයොක්සයිඩ්~0
~~~~~~~~~~~78~~~අම්ලවැසි ඇතිවීම නිසා ඇතිවිය හැකි ප‍්‍රතිඵලයක් වන්නේ,~~ඇදුම රෝගය සෑදීම~0
~~~~~~~~~~~~~~~~තද හිසරදය~0
~~~~~~~~~~~~~~~~වන විනාශය ~1
~~~~~~~~~~~~~~~~පෙණහලූ පිළිකා සෑදීම~0
~~~~~~~~~~~79~~~නිවසේ භාවිතයට නොගන්නා බලශක්ති මූලයක් නොවන්නේ,~~ජල විදුලිය~0
~~~~~~~~~~~~~~~~ගල් අඟුරු  ~1
~~~~~~~~~~~~~~~~ඛණිජ තෙල්~0
~~~~~~~~~~~~~~~~ස්වාභාවික ගෑස්~0
~~~~~~~~~~~80~~~පරිසර හානි අවම වන බලශක්ති මූලයකි.~~සූර්යය ශක්තිය ~1
~~~~~~~~~~~~~~~~ඛණිජ තෙල්~0
~~~~~~~~~~~~~~~~ගල්  අඟුරු ~0
~~~~~~~~~~~~~~~~දැව~0
17~2016~6~ geography-06-t3-l03-ep03~3~3~3~තම නිවස අවට වටපිටාව යහපත්ව පවත්වා ගැනීම~වාතය~වායු  දූෂණය, වායු දූෂණය නිසා ඇතිවන ප‍්‍රතිඵල පිළිබඳව අධ්‍යනය කරයි.~01:00:00~81~~~ලෝකයේ විශාලතම මහද්වීපය වන්නේ,~~ආසියාව ~1
~~~~~~~~~~~~~~~~අප‍්‍රිකාව~0
~~~~~~~~~~~~~~~~උතුරු ඇමරිකාව ~0
~~~~~~~~~~~~~~~~ඕස්ට්‍රේලියාව ~0
~~~~~~~~~~~82~~~ශ‍්‍රී ලංකාවේ පිහිටීම ආර්ථිකයට බලපාන ආකාරයකි.~~මෝසම් සුළං වල බලපෑමෙන් වර්ෂාව ඇති වීම.~0
~~~~~~~~~~~~~~~~ශ‍්‍රී ලංකාවේ වරායන් ජාත්‍යන්තර වෙළෙඳාමේ දී වැදගත් වීම. ~1
~~~~~~~~~~~~~~~~වියළි සුළං වල බලපෑම නිසා උතුරු ප‍්‍රදේශයේ උෂ්ණත්වය ඉහල යෑම.~0
~~~~~~~~~~~~~~~~බටහිර ජාතීන්ගේ පැමිණීම සමඟ ඔවුන්ගේ සංස්කෘතිකාංග ජන සමාජයට මිශ‍්‍ර වීම.~0
~~~~~~~~~~~83~~~ශ‍්‍රී ලංකාවේ සාපේක්ෂ පිහිටීම අනුව ශ‍්‍රී ලංකාවට උතුරින් පිහිටා ඇත්තේ,~~අග්නිදිග ආසියාව~0
~~~~~~~~~~~~~~~~ඉන්දියන් සාගරය~0
~~~~~~~~~~~~~~~~අප‍්‍රිකා මහද්වීපය~0
~~~~~~~~~~~~~~~~ආසියා මහද්වීපය ~1
~~~~~~~~~~~84~~~ශ‍්‍රී ලංකාවේ ප‍්‍රධාන පරිපාලන නගරය වන්නේ,~~කොළඹ~0
~~~~~~~~~~~~~~~~ශ‍්‍රී ජයවර්ධනපුර කෝට්ටේ ~1
~~~~~~~~~~~~~~~~මහනුවර~0
~~~~~~~~~~~~~~~~ගාල්ල~0
~~~~~~~~~~~85~~~කෝනේෂ්වරම් කෝවිල පිහිටා ඇත්තේ,~~යාපනයේ ය~0
~~~~~~~~~~~~~~~~කොළඹ ය~0
~~~~~~~~~~~~~~~~ත‍්‍රීකුණාමලයේ ය ~1
~~~~~~~~~~~~~~~~මඩකලපුවේ ය~0
18~2016~6~geography-06-t3-l03-ep04 ~4~3~3~තම නිවස අවට වටපිටාව යහපත්ව පවත්වා ගැනීම~බලශක්තිය~බලශක්තිය භාවිතා කෙරෙන අවස්ථා, බලශක්ති ඉල්ලූම ඉහල යාමට හේතු, නිවසේ විවිධ කාර්යන් සඳහා භාවිතා කෙරෙන බලශක්ති ප‍්‍රභව හා බලශක්තිය නිවැරදිව පරිහරණය කරන ක‍්‍රම පිළිබඳව අධ්‍යනය කරයි.~01:00:00~86~~~ශ‍්‍රී ලංකවේ ප‍්‍රධාන වාණිජ මධ්‍යස්ථානය වන්නේ,~~හම්බන්තොට~0
~~~~~~~~~~~~~~~~ගාල්ල~0
~~~~~~~~~~~~~~~~කොළඹ ~1
~~~~~~~~~~~~~~~~මහනුවර~0
~~~~~~~~~~~87~~~විදුලි බලය අරපිරිමැසුම් සහිතව භාවිතා කිරීමේ දී වාසි සහගත වන්නේ,~~සූර්ය කෝෂ භාවිතය යි.~0
~~~~~~~~~~~~~~~~ප‍්‍රමිතිය සහිත LED බල්බ පරිහරණය කිරීම. ~1
~~~~~~~~~~~~~~~~සමාන්‍ය විදුලි බල්බ භාවිතය යි.~0
~~~~~~~~~~~~~~~~ඉහත කිසිවක් නොවේ.~0
~~~~~~~~~~~88~~~නිවසේ දී බලශක්තිය අරපිරිමැස්මෙන් පරිහරණය කිරීමේ දී අනුගමනය කල යුතු කාර්යයක් වනුයේ කුමක් ද?~~ආහාර පිසීමෙන් පසු ලිප නිවා දැමීම. (දර ලිප)~0
~~~~~~~~~~~~~~~~අවශ්‍ය තැනට හා අවශ්‍ය අවස්ථාවට පමණක් විදුලි පහන් දැල්වීම.~0
~~~~~~~~~~~~~~~~හැකි සෑම විට ම මැදීමට අවශ්‍ය රෙදි එකවර මැද ගැනීම.~0
~~~~~~~~~~~~~~~~ඉහත සියල්ලම. ~1
~~~~~~~~~~~89~~~අතීතයේ දී මිනිසා බලශක්ති මාධ්‍යයක් ලෙස යොදා ගනු ලැබුවේ,~~සූර්ය ශක්තිය ~0
~~~~~~~~~~~~~~~~කාය ශක්තිය ~1
~~~~~~~~~~~~~~~~ඉන්ධන~0
~~~~~~~~~~~~~~~~සත්ත්වයින්~0
~~~~~~~~~~~90~~~බලශක්ති ඉල්ලූම ඉහළ යාමට හේතුවක් නොවන්නේ කුමක් ද? ~~ජන සංඛ්‍යාව අඩු වීම.  ~1
~~~~~~~~~~~~~~~~පාරිභෝගික අවශ්‍යතා ඉහළ යාම. ~0
~~~~~~~~~~~~~~~~කාර්මික කටයුතුවල වර්ධනය.  ~0
~~~~~~~~~~~~~~~~ජීවන තත්ත්වය උසස් වීම.~0
19~2016~6~geography-06-t3-l03-ep05~5~3~3~තම නිවස අවට වටපිටාව යහපත්ව පවත්වා ගැනීම~අපද්‍රව්‍ය බැහැර කිරීම~අපද්‍රව්‍ය ජනනය වන මූලාශ‍්‍ර, අපද්‍රව්‍ය නිසිලෙස බැහැර කරන ක‍්‍රම, ඒ සඳහා සිදුකල හැකි ක‍්‍රියාවන් පිළිබඳව අධ්‍යනය කරයි.~01:00:00~91~~~අපද්‍රව්‍ය නිසි ආකාරයෙන් බැහැර නොකිරීම නිසා සිදුවිය හැකි අහිතකර බලපෑමක් වන්නේ කුමක්ද?~~පරිසර දූෂණය~0
~~~~~~~~~~~~~~~~ජල දූෂණය~0
~~~~~~~~~~~~~~~~ලෙඩ රෝග බෝ වීම~0
~~~~~~~~~~~~~~~~ඉහත සියල්ලම ~1
~~~~~~~~~~~92~~~මේ අතුරින් නැවත භාවිතයට ගත හැක්කේ මොනවාද?~~පෙළපොත්~0
~~~~~~~~~~~~~~~~ඇසුරුම් පෙට්ටි~0
~~~~~~~~~~~~~~~~වීදුරු බෝතල්~0
~~~~~~~~~~~~~~~~ඉහත සියල්ලම ~1
~~~~~~~~~~~93~~~ප‍්‍රතිචක‍්‍රීකරණය පිළිබඳ අසත්‍ය ප‍්‍රකාශය කුමක්ද?~~දිරාපත් නොවන ප්ලාස්ටික් ⁄ පොලිතින් එක්රැස් කර ප‍්‍රතිචක‍්‍රීකරණය ආයතන වලට ලබාදිය හැකිය.~0
~~~~~~~~~~~~~~~~පරිසර දූෂණය අවම වීම.~0
~~~~~~~~~~~~~~~~ලෙඩ රෝග බෝ වීම. ~1
~~~~~~~~~~~~~~~~ප‍්‍රතිචක‍්‍රීකරණ ආයතන වලට ලබාදීම මඟින් ආදායමක් ලබාගත හැකි වීම.~0
~~~~~~~~~~~94~~~අපද්‍රව්‍ය ජනනය වන මූලාශ‍්‍රයක් වන්නේ කුමක්ද?~~ගෘහස්ථ~0
~~~~~~~~~~~~~~~~කෘෂිකාර්මික~0
~~~~~~~~~~~~~~~~කාර්මික~0
~~~~~~~~~~~~~~~~ඉහත සියල්ලම ~1
~~~~~~~~~~~95~~~ගෘහස්ථ අපද්‍රව්‍ය වන්නේ කුමක්ද?~~ප්ලාස්ටික්~0
~~~~~~~~~~~~~~~~ආහාර ඇසුරුම්~0
~~~~~~~~~~~~~~~~පොල්කටු~0
~~~~~~~~~~~~~~~~ඉහත සියල්ලම ~1
20~2016~6~geography-06-t3-l04-ep06~6~3~4~ශ‍්‍රී ලංකාවේ පිහිටීම~ශ‍්‍රී ලංකාවේ හැඳින්වීම~ශ‍්‍රී ලංකාව ඉන්දියන් සාගරයේ පිහිටීම හා එම නිසා ශ‍්‍රී ලංකාවට සිදුවන දේශගුණික, ආර්ථික, සංස්කෘතික බලපෑම් පිළිබඳව අධ්‍යනය කරයි.~01:00:00~96~~~අසත්‍ය ප‍්‍රකාශය වන්නේ,~~ශ‍්‍රී ලංකාව ඉන්දියාවට උතුරින් පිහිටා ඇත. ~1
~~~~~~~~~~~~~~~~ශ‍්‍රී ලංකාව ඉන්දියන් සාගරයේ පිහිටා ඇත.~0
~~~~~~~~~~~~~~~~ශ‍්‍රී ලංකාව ඉන්දියාවට දකුණින් පිහිටා ඇත.~0
~~~~~~~~~~~~~~~~ශ‍්‍රී ලංකාව දූපතකි.~0
~~~~~~~~~~~97~~~ශ‍්‍රී ලංකාව පිහිටා ඇති මහද්වීපය වන්නේ කුමක්ද?~~අප‍්‍රිකා මහද්වීපය~0
~~~~~~~~~~~~~~~~ඇන්ටාටික් මහද්වීපය~0
~~~~~~~~~~~~~~~~ආසියා මහද්වීපය ~1
~~~~~~~~~~~~~~~~යුරෝපා මහද්වීපය~0
~~~~~~~~~~~98~~~ලංකාවේ පිහිටීම දේශගුණයට බලපාන ආකාරය ඇතුලත් වැරදි පිළිතුර තෝරන්න?~~ශ‍්‍රී  ලංකාවේ උතුරු ප‍්‍රදේශයේ උෂ්ණත්වය ඉහල යාම.~0
~~~~~~~~~~~~~~~~විවිධ ජාතීන්ගේ බලපෑම නිතර සිදු වේ. ~1
~~~~~~~~~~~~~~~~දූපතක් ලෙස  පිහිටීම නිසා හමන සුළං මඟින් උෂ්ණත්වය සමනය වීම හා වසර මුළුල්ලේම වර්ෂාව ලැබීම.~0
~~~~~~~~~~~~~~~~මෝසම් සුළං වල බලපෑමෙන් වර්ෂාව ඇතිවිම.~0
~~~~~~~~~~~99~~~මේ අතුරින් ශ‍්‍රී ලංකාවේ ආර්ථීකයට බලපාන සාධකය කුමක්ද?~~දර්ශණීය වෙරළ තීරය~0
~~~~~~~~~~~~~~~~ඓතිහාසික ස්ථාන~0
~~~~~~~~~~~~~~~~සෞන්දර්යාත්මක ස්ථාන~0
~~~~~~~~~~~~~~~~ඉහත සියල්ලම ~1
~~~~~~~~~~~100~~~ඉහත රූපයෙන් දැක්වෙන්නේ කුමක්ද?~~පන්සලක්~0
~~~~~~~~~~~~~~~~ක‍්‍රිස්තියානි පල්ලියක් ~1
~~~~~~~~~~~~~~~~කෝවිලක්~0
~~~~~~~~~~~~~~~~මුස්ලිම් පල්ලියක්~0
21~2016~6~ geography-06-t3-l04-ep07~7~3~4~ශ‍්‍රී ලංකාවේ පිහිටීම~ශ‍්‍රී ලංකාවේ සාපේක්ෂ පිහිටීම~ශ‍්‍රී ලංකාවේ පිහිටීම හඳුනා ගැනීම. ශ‍්‍රී ලංකාවේ සාපේක්ෂ පිහිටීම යනු කුමක්ද? මහද්වීප ඇසුරින්, ලෝක සිතියම ඇසුරින් ලංකාවේ පිහිටීම පිළිබඳව අධ්‍යනය කරයි.~01:00:00~101~~~ශ‍්‍රී  ලංකාවට ආසන්න ව පිහිටි ශ‍්‍රී ලංකාවට අයත් කුඩා දූපත් පමණක් ඇතුලත් පිළිතුර තෝරන්න.~~කයිට්ස්, නයිනතිව්, කච්චතිව්, පුන්කුඩුතිව්. ~1
~~~~~~~~~~~~~~~~කයිට්ස්, නයිනතිව්, අන්දමන්, මැඩගස්කර්.~0
~~~~~~~~~~~~~~~~ඉරනතිව්, කච්චතිව්, මැඩගස්කර්, ෂී සෙල්ස්.~0
~~~~~~~~~~~~~~~~මන්නාරම, මාලදිවයින, ෂී සෙල්ස්, මැඩගස්කර්.~0
~~~~~~~~~~~102~~~ශ‍්‍රී ලංකාවේ සාපේක්ෂ පිහිටීම පිළිබඳ නිවැරදි ප‍්‍රකාශය මින් කුමක්ද?~~ශ‍්‍රී  ලංකාවට උතුරින් ඉන්දියාව පිහිටීම.~0
~~~~~~~~~~~~~~~~ශ‍්‍රී  ලංකාව ඇමරිකා මහද්වීපයට අයත් විම.~0
~~~~~~~~~~~~~~~~අප්‍රිකා මහද්වීපයට නැගෙනහිරින් ශ‍්‍රී  ලංකාව පිහිටීම. ~1
~~~~~~~~~~~~~~~~ශ‍්‍රී ලංකාව පැසිපික් සාගරයේ පිහිටා ඇත~0
~~~~~~~~~~~103~~~ඉන්දියාවත් ශ‍්‍රී ලංකාවත් අතර දුර ප‍්‍රමාණය කොපමණද?~~44km~0
~~~~~~~~~~~~~~~~22km~0
~~~~~~~~~~~~~~~~53km~0
~~~~~~~~~~~~~~~~32km ~1
~~~~~~~~~~~104~~~ශ‍්‍රී ලංකාව පිහිටි සාගරය කුමක්ද?~~පැසිපික් සාගරය~0
~~~~~~~~~~~~~~~~අත්ලාන්තික් සාගරය~0
~~~~~~~~~~~~~~~~ඉන්දියන් සාගරය ~1
~~~~~~~~~~~~~~~~ඇන්ටාටික් සාගරය~0
~~~~~~~~~~~105~~~ශ‍්‍රී ලංකාවේ පිහිටීම නිසා ආර්ථිකයට වූ බලපෑම ඇතුලත් වඩාත් නිවැරදි පිළිතුර තෝරන්න?~~ආකර්ෂණීය ස්ථාන තිබීම නිසා සංචාරක කර්මාන්තය දියුණු වීම.~0
~~~~~~~~~~~~~~~~ශ‍්‍රී ලංකාවේ වරායන් ජාත්‍යන්තර වෙළෙඳාමේ දී වැදගත් වීම.~0
~~~~~~~~~~~~~~~~බටහිර ජාතීන්ගේ පැමිණීමෙන් නව ආර්ථික රටා බිහිවීම.~0
~~~~~~~~~~~~~~~~ඉහත සඳහන් සියල්ලම. ~1
22~2016~6~ geography-06-t3-l04-ep08~8~3~4~ශ‍්‍රී ලංකාවේ පිහිටීම~ශ‍්‍රී ලංකාවේ පිහිටි වැදගත් ස්ථාන~ශ‍්‍රී ලංකාවේ සංවර්ධන ව්‍යාපෘති කිහිපයක් පිළිබඳව අධ්‍යනය කරයි.~01:00:00~106~~~මේ අතුරින් වරායක් පිහිටා නොමැත්තේ කොහේද?~~හම්බන්තොට වරාය~0
~~~~~~~~~~~~~~~~ත‍්‍රිකුණාමල වරාය~0
~~~~~~~~~~~~~~~~මාතර වරාය ~1
~~~~~~~~~~~~~~~~කොළඹ වරාය~0
~~~~~~~~~~~107~~~මේ අතුරින් ශ‍්‍රී ලංකාවේ ප‍්‍රධානතම ගුවන්තොටුපොළ වන්නේ කුමක්ද?~~කොළඹ (කටුනායක) ගුවන්තොටුපොළ ~1
~~~~~~~~~~~~~~~~හම්බන්තොට (මත්තල) ගුවන්තොටුපොළ~0
~~~~~~~~~~~~~~~~රත්මලාන ගුවන්තොටුපොළ~0
~~~~~~~~~~~~~~~~ඉහත කිසිවක් නොවේ~0
~~~~~~~~~~~108~~~ශ‍්‍රී ලංකාවේ ප‍්‍රධාන පරිපාලන නගරය කුමක්ද?~~මාතර~0
~~~~~~~~~~~~~~~~ශ‍්‍රී  ජයවර්ධනපුර කෝට්ටේ ~1
~~~~~~~~~~~~~~~~හම්බන්තොට~0
~~~~~~~~~~~~~~~~කොළඹ~0
~~~~~~~~~~~109~~~යාපනය ප‍්‍රදේශයේ ප‍්‍රචලිත බෝගයක් වන්නේ කුමක්ද?~~රතු ලූණු~0
~~~~~~~~~~~~~~~~මිදි~0
~~~~~~~~~~~~~~~~කෙසෙල්~0
~~~~~~~~~~~~~~~~ඉහත සියල්ලම ~1
~~~~~~~~~~~110~~~කෝනේෂ්වරම් කෝවිල පිහිටා ඇත්තේ කොහේද?~~ත‍්‍රිකුණාමලය ~1
~~~~~~~~~~~~~~~~ගාල්ල~0
~~~~~~~~~~~~~~~~මාතර~0
~~~~~~~~~~~~~~~~යාපනය~0
23~2016~6~geography-06-t3-l04-ep09~9~3~4~ශ‍්‍රී ලංකාවේ පිහිටීම~ශ‍්‍රී ලංකාවේ පිහිටි වැදගත් ස්ථාන~ශ‍්‍රී ලංකාවේ සංවර්ධන ව්‍යාපෘති කිහිපයක් හා ලෝකයේ පිහිටි දූපත් කිහිපයක් සහ ඒවාගේ විශාලත්වය පිළිබඳව අධ්‍යනය කරයි.~01:00:00~111~~~රුවන්වැලි මහා සෑය පිහිටා ඇත්තේ කොහේද?~~අනුරාධපුරය ~1
~~~~~~~~~~~~~~~~පොළොන්නරුව~0
~~~~~~~~~~~~~~~~කුරුණෑගල~0
~~~~~~~~~~~~~~~~යාපනය~0
~~~~~~~~~~~112~~~මේ අතුරින් ගාල්ල ප‍්‍රද්ශයේ පිහිටි ස්ථානයක් වන්නේ කුමක්ද?~~කෝනේෂ්වරම් කෝවිල~0
~~~~~~~~~~~~~~~~ගාලූ කොටුව ~1
~~~~~~~~~~~~~~~~සීගිරිය~0
~~~~~~~~~~~~~~~~රුවන්වැලි සෑය~0
~~~~~~~~~~~113~~~ලෝකයේ විශාලතම දූපත කුමක්ද?~~ශ‍්‍රී ලංකාව~0
~~~~~~~~~~~~~~~~ග‍්‍රීන්ලන්තය ~1
~~~~~~~~~~~~~~~~සිසිලිය~0
~~~~~~~~~~~~~~~~කියුබාව~0
~~~~~~~~~~~114~~~කියුබාව පිහිටා ඇත්තේ කොහේද?~~පැසිපික් සාගරයේ~0
~~~~~~~~~~~~~~~~ඉන්දියන් සාගරයේ~0
~~~~~~~~~~~~~~~~කැරිබියානු දූපත් ආශ‍්‍රිතව ~1
~~~~~~~~~~~~~~~~ඉහත කිසිවක් නොවේ~0
~~~~~~~~~~~115~~~මැඩගස්කරය අයත් මහද්වීපය වන්නේ කොහේද?~~ආසියා මහද්වීපය~0
~~~~~~~~~~~~~~~~අප‍්‍රිකා මහද්වීපය ~1
~~~~~~~~~~~~~~~~යුරෝපා මහද්වීපය~0
~~~~~~~~~~~~~~~~ඕස්ට්‍රේලියා මහද්වීපය~0
