1~sinhala-07-t1-l01-ep01~1~1~1~ගොවි බිරියගේ නුවණ~ජනකතා පිළිබඳ හඳුන්වාදීමල නිර්දිෂ්ට ජනකතාව කියා දීම.~“ ගොවිබිරියගේ නුවණ ” ජනකතාව අධ්‍යයනය කිරීම.~01:00:00~1~~~ජනකතාවක් යනු කුමක් ද?~~මිනිසුන් ලිවීමේ ක්‍රමයක් නො දැන සිටි අවධියේ සිට කටින් කට පැවත එන, ජනයා අතර ම නිර්මාණය වූ කතා විශේෂයකි.~1
~~~~~~~~~~~~~~මිනිසුන් ලිවීමේ ක්‍රමයක්  දැන සිටි අවධියේ සිට කටින් කට පැවත එන, ජනයා අතර ම නිර්මාණය වූ කතා විශේෂයකි.~0
~~~~~~~~~~~~~~මිනිසුන් ලිවීමේ ක්‍රමයක් නො දැන සිටි අවධියේ  නිර්මාණය වූ කතා විශේෂයකි.~0
~~~~~~~~~~~~~~     ඇඟිල් -   ඇඟිල්~0
~~~~~~~~~2~~~ගොවි බිරියගේ නුවණ යන ජනකතාව කුමන රටේ කතාවක් ද?~~ඉන්දියානු ජනකතාවකි~0
~~~~~~~~~~~~~~පාකිස්ථාන ජනකතාවකි~1
~~~~~~~~~~~~~~තෙළිඟු ජනකතාවකි~0
~~~~~~~~~~~~~~ශ්‍රී ලංකා ජනකතාවකි~0
~~~~~~~~~3~~~ව්‍යාඝ්‍රයා ගොවියා ළඟට පැමිණ කියා සිටියේ කුමක් ද?~~කුකුළන් කෑමට~0
~~~~~~~~~~~~~~එළුවන් කෑමට~0
~~~~~~~~~~~~~~හරක් බාන බිලි ගැනීමට~1
~~~~~~~~~~~~~~බත් කෑමට~0
~~~~~~~~~4~~~ගොවි බිරිය යෙදූ උපාය කුමක් ද?~~යක්ෂ අසරුවෙක් ලෙස යෑම~1
~~~~~~~~~~~~~~යක්ෂණියක් ලෙස යෑම~0
~~~~~~~~~~~~~~දඩයම්කරුවෙක් ලෙස යෑම~0
~~~~~~~~~~~~~~හොල්මනක් ලෙස යෑම~0
~~~~~~~~~5~~~මෙම ජනකතාවේ ඇතුළත් චරිතයක් නොවන්නේ කුමක් ද?~~ව්‍යාඝ්‍රයා~0
~~~~~~~~~~~~~~ගොවි බිරිඳ~0
~~~~~~~~~~~~~~ගමරාල~0
~~~~~~~~~~~~~~ආච්චි~1
2~sinhala-07-t1-l01-ep02~2~1~1~ගොවි බිරියගේ නුවණ~නිර්දිෂ්ට ජනකතාව කියා දීම.~“ ගොවිබිරියගේ නුවණ ” ජනකතාවේ ඉතිරි කොටස අධ්‍යයනය කිරීම හා කතාවේ චරිත හඳුනාගැනීම, කතාව ඇසුරින් අභ්‍යාස සිදුකිරීම.~01:00:00~6~~~ යක්ෂ අසුරුවාට බියෙන් මුලින්ම දිව ගියේ කවුද?~~හිවලා~0
~~~~~~~~~~~~~~ව්‍යාඝ්‍රයා~1
~~~~~~~~~~~~~~ගමරාල~0
~~~~~~~~~~~~~~ළමයා~0
~~~~~~~~~7~~~ගොවි බිරිය හිවලාට කියූ දෙය කුමක් ද?~~තව ම ව්‍යාඝ්‍ර මස් රස බලන්නට බැරි වී ය.~1
~~~~~~~~~~~~~~තව ම කුකුල් මස් රස බලන්නට බැරි වී ය.~0
~~~~~~~~~~~~~~තව ම වඳුරු මස් රස බලන්නට බැරි වී ය.~0
~~~~~~~~~~~~~~තව ම එළු මස් රස බලන්නට බැරි වී ය.~0
~~~~~~~~~8~~~පාන් සෑදීමට ගන්නේ කුමක් ද?~~තිරිඟු~1
~~~~~~~~~~~~~~බාර්ලි~0
~~~~~~~~~~~~~~ධාන්‍ය~0
~~~~~~~~~~~~~~යව~0
~~~~~~~~~9~~~හිවලා ගැහැණියගේ එල්ලෙන කොණ්ඩය දැක්කේ,~~තලප්පාව අස්සෙන්~1
~~~~~~~~~~~~~~හිස්වැස්ම අස්සෙන්~0
~~~~~~~~~~~~~~කබාය අස්සෙන්~0
~~~~~~~~~~~~~~සෙරෙප්පුව අස්සෙන්~0
~~~~~~~~~10~~~යුගල පදයක් වන්නේ මින් කුමක් ද?~~මඟුල් ගෙදර~0
~~~~~~~~~~~~~~තැළුම් පෙළුම්~1
~~~~~~~~~~~~~~ගැට ගසා               ~0
~~~~~~~~~~~~~~කදිම~0
3~sinhala-07-t1-l01-ep03~3~1~1~ගොවි බිරියගේ නුවණ~ප්‍රස්ථාව පිරුළු පිළිබඳ අවබෝධය~ප්‍රස්ථාව පිරුළු පිළිබඳ හඳුන්වාදීම හා ප්‍රස්ථාව පිරුළු සඳහා නිදසුන් විස්තර කිරීම.~01:00:00~11~~~ “තැනට ඔබින කියමනකි” යනුවෙන් හඳුන්වන්නේ කුමක් ද?~~ප්‍රස්තාව පිරුළු~1
~~~~~~~~~~~~~~යුගළ පද~0
~~~~~~~~~~~~~~තද්ධිත පද~0
~~~~~~~~~~~~~~විරාම ලක්ෂණ~0
~~~~~~~~~12~~~ප්‍රස්තාව පිරුළු නිර්මාණය වන්නේ කුමක් පදනම් කරගෙන ද?~~ජන  කියමන්~0
~~~~~~~~~~~~~~කතාන්දර~1
~~~~~~~~~~~~~~ඕපාදූප~0
~~~~~~~~~~~~~~නින්ද~0
~~~~~~~~~13~පහත දැක්වෙන ප්‍රස්තාව පිරුළු වල හිස්තැන් පුරවන්න.~~ ගමරාල .................... ගියා වගේ.~~ගෙදරට~0
~~~~~~~~~~~~~~වත්තට~0
~~~~~~~~~~~~~~දිව්‍ය ලෝකයේ~1
~~~~~~~~~~~~~~කුඹුරට~0
~~~~~~~~~14~~~පුහුල් හොරා ........... දැනෙයි.~~අතෙන්~0
~~~~~~~~~~~~~~බෙල්ලෙන්~0
~~~~~~~~~~~~~~කටින්~0
~~~~~~~~~~~~~~කරෙන්~1
~~~~~~~~~15~පහත සඳහන් අදහසට ගැලපෙන ප්‍රස්ථා පිරුළ ලියන්න.~~    නුසුදුසු අයට දේවල් ලැබීම~~කටුස්සාගේ කරේ රත්තරන් බැන්දා වගෙයි.~1
~~~~~~~~~~~~~~බීරි අලින්ට වීණා ගායනා කරනවා වගෙයි.~0
~~~~~~~~~~~~~~ඉඟුරු දී මිරිස් ගත්තා වගෙයි.~0
~~~~~~~~~~~~~~ඉබ්බා දියේ දැම්මා වගෙයි.~0
4~sinhala-07-t1-l01-ep04~4~1~1~ගොවි බිරියගේ නුවණ~ඉඟි වැකි පිළිබඳ අවබෝධය~ඉඟි වැකි පිළිබඳ සාකච්ඡා කිරීම. නිදසුන් හඳුනාගැනීම, අවබෝධය සඳහා අභ්‍යාස සිදු කිරීම‍.~01:00:00~16~~~ඉඟි වැකිවලට කියන තවත් නමක් වනුයේ,~~ප්‍රස්තාව පිරුළු~0
~~~~~~~~~~~~~~රූඪි~1
~~~~~~~~~~~~~~කෙටි යෙදුම්~0
~~~~~~~~~~~~~~ආප්තෝපදේශ~0
~~~~~~~~~17~~~ඉඟි වැකි හා ප්‍රස්තා පිරුළුවල දක්නට ලැබෙන වෙනස්කමක්  නොවන්නේ,~~සම්ප්‍රදායික යෙදුම් වේ.~0
~~~~~~~~~~~~~~ප්‍රස්තා පිරුළුවලට රූඪී යැයි නොකියයි.~0
~~~~~~~~~~~~~~ඉඟි වැකිවල පිට අර්ථය ඉක්මවා යනු ලැබේ.~0
~~~~~~~~~~~~~~වෙනත් අර්ථයක් ආරෝපණය වී තිබීම.~1
~~~~~~~~~18~පහත සඳහන් අදහසට ගැලපෙන ඉඟි වැකිය කුමක් ද?~~     ඉතා සතුටට පත් වීම  ~~කිඹුල් කඳුළු~0
~~~~~~~~~~~~~~කුකුළා අතින් අරන්~0
~~~~~~~~~~~~~~කරල පැහුණා~0
~~~~~~~~~~~~~~ඉහේ මලක් පිපුණා~1
~~~~~~~~~19~පහත සඳහන් ඉඟිවැකියේ  අදහස ලියන්න.~~     බළලා මල්ලෙන් එළියට පැන්නා~~අනපේක්ෂිත ගැටලුවකට මුහුණ දීම~0
~~~~~~~~~~~~~~උදෑසනින් ම~0
~~~~~~~~~~~~~~වාසියක්  සිදුවීම~0
~~~~~~~~~~~~~~සැඟවීමට උත්සාහ ගත් දෙයක් එළිදරවු වීම~1
~~~~~~~~~20~පහත සඳහන් වාක්‍ය වල තඳ කළු අකුරින් ඇති වචනයට අදාළ ඉඟිවැකිය යොදා වාක්‍ය නැවත ලියන්න.~~   තමරා යහළුවාගේ උගුලට අසු වුවාය.~~ගැටයට~1
~~~~~~~~~~~~~~බොරුවට ඇඬීම~0
~~~~~~~~~~~~~~උදෑසනින්ම~0
~~~~~~~~~~~~~~ගජ යහළුවා~0
5~sinhala-07-t1-l02-ep05~5~1~2~සසුන බැබළවූ සරණංකර සඟරාජ තෙරණුවෝ~සරණංකර සඟරාජ  තෙරණුවෝ චරිතයල චරිත කථාව~සරණංකර සංඝරාජ තෙරණුවෝ පිළිබඳ හැඳින්වීම‍, සඟරාජ  තෙරණුවන්ගේ චරිතය කියා දීම සහ චරිත‍ කථාව කියා දීම.~01:00:00~21~~~සංඝරාජ හිමියන් උපත සිදු වූයේ කුමන කාල පරාසය තුළ ද?~~2 වන විමලධර්මසූරිය රජුගේ කාලයේ දී~1
~~~~~~~~~~~~~~1  වන විමලධර්මසූරිය රජුගේ කාලයේ දී~0
~~~~~~~~~~~~~~විජය රජුගේ කාලයේ දී~0
~~~~~~~~~~~~~~ශ්‍රී වික්‍රමරාජසිංහ  රජුගේ කාලයේ දී~0
~~~~~~~~~22~~~සරණංකර හිමි උපන් ස්ථානය කුමක් ද?~~උලපනේ~0
~~~~~~~~~~~~~~මාතර~0
~~~~~~~~~~~~~~දික්වැල්ල~0
~~~~~~~~~~~~~~තුම්පනේ~1
~~~~~~~~~23~~~සරණංකර හිමියන්ට පාලි භාෂාව ඉගැන්වූ ගුරුවරයා වන්නේ කවුද?~~ලෙව්කේ රාල~1
~~~~~~~~~~~~~~සිටිනාමළුවේ සිල්වත් තැන~0
~~~~~~~~~~~~~~පල්කුඹුරේ අත්ථදස්සී හිමියන්~0
~~~~~~~~~~~~~~ගණින්නාන්සේලා~0
~~~~~~~~~24~~~ සරණංකර හිමියන් අපවත් වූ වර්ෂය වන්නේ,~~ක්‍රි. ව. 1778~1
~~~~~~~~~~~~~~ක්‍රි. ව. 1720~0
~~~~~~~~~~~~~~ක්‍රි. ව. 1780~0
~~~~~~~~~~~~~~ක්‍රි. ව. 1800~0
~~~~~~~~~25~~~පුරෝගාමියා” යනු~~නැවත පණ ගැන්වීම~0
~~~~~~~~~~~~~~මුල් වූ පුද්ගලයා~1
~~~~~~~~~~~~~~මනා සේ හික්මීම~0
~~~~~~~~~~~~~~ඉගෙනීමට දක්ෂ වීම~0
6~sinhala-07-t1-l02-ep06~6~1~2~සසුන බැබළවූ සරණංකර සඟරාජ තෙරණුවෝ~අවබෝධය සඳහා අභ්‍යාස කිරීම~සරණංකර සඟරාජ තෙරණුවෝ පිළිබඳ කරුණු ඇසුරින් අවබෝධය සඳහා අභ්‍යාස සිදු කිරීම, තොටගමුවේ ශ්‍රී රාහුල හිමි , වාරියපොල ශ්‍රී සුමංගල හිමි වැනි පැවිදි පඬි මිණි පහන් පිළිබඳ කෙටියෙන් හැඳින්වීම‍.~01:00:00~26~~~සරණංකර හිමිගේ සමයේ ලක්දිවට උපසම්පදාව ගෙන ආ රට කුමක් ද?~~සියම~1
~~~~~~~~~~~~~~තායිලන්තය~0
~~~~~~~~~~~~~~බුරුමය~0
~~~~~~~~~~~~~~ඉන්දියාව~0
~~~~~~~~~27~~~සරණංකර හිමියන් උපසම්පදාව ලැබු වයස කීයද?~~පනස් පස්වන වියේ දී~1
~~~~~~~~~~~~~~පනස් වන වියේ දී~0
~~~~~~~~~~~~~~හතළිස් වන වියේ දී~0
~~~~~~~~~~~~~~හතළිස් පස්වන වියේ දී~0
~~~~~~~~~28~~~දළදා වහන්සේට පූජෝපහාරයක් වශයෙන් දළදා කරඬුව රැගත් මාලිගාවේ පෙරහැරක් ඉදිරියෙන් ම ගමන් කළ යුතු යැයි යෝජනා කර ක්‍රියාත්මක කරන ලද්දේ කවුද?~~විමලධර්මසුරිය රජු~0
~~~~~~~~~~~~~~සරණංකර හිමියන්~1
~~~~~~~~~~~~~~ශ්‍රී වික්‍රම රාජසිංහ රජු~0
~~~~~~~~~~~~~~විජය රාජසිංහ රජු~0
~~~~~~~~~29~~~ ‘උඩඟු නොව මහණ, උඩඟු නොව මහණ’ යනුවෙන් සරණංකර හිමියන් ප්‍රදර්ශනය කළේ කොහේ ද?~~පන්සලේ දොර~0
~~~~~~~~~~~~~~පන්සලේ උළුවස්සේ~1
~~~~~~~~~~~~~~තම කුටිය තුළ~0
~~~~~~~~~~~~~~පන්සලේ ගේට්ටුවේ~0
~~~~~~~~~30~~~සරණංකර හිමියන් රචනා කරන ලද ග්‍රන්ථයක් නොවන්නේ කුමක් ද?~~මුනිගුණ අලංකාරය~0
~~~~~~~~~~~~~~සාරාර්ථ සංගහ්‍රය~0
~~~~~~~~~~~~~~භෙස්ජ්ජ මංජුසා සනන්ය~0
~~~~~~~~~~~~~~ගිරා සන්දේශය~1
7~sinhala-07-t1-l02-ep07~7~1~2~සසුන බැබළවූ සරණංකර සඟරාජ තෙරණුවෝ~සාමානාර්ථ පද පිළිබඳ අවබෝධය~සමාන පද පිළිබඳ පැහැදිලි කිරීම‍ හා අභ්‍යාස සිදු කිරීම.~01:00:00~31~~~සමාන පදවලට කියන තවත් නමක් දක්වන්න.~~පර්යාය පද~1
~~~~~~~~~~~~~~විරුද්ධ පද~0
~~~~~~~~~~~~~~සමාස පද~0
~~~~~~~~~~~~~~තද්ධිත පද~0
~~~~~~~~~32~~~ ‘ලෝකය’ යන වචනයට සමාන පදයක් අඩංගු පිළිතුර වනුයේ,~~දිය~1
~~~~~~~~~~~~~~අහස~0
~~~~~~~~~~~~~~පොළොව~0
~~~~~~~~~~~~~~ගගන~0
~~~~~~~~~33~~~පහත පදවලට සමාන පද 02 ක් නොමැති පිළිතුර තෝරන්න.~~     සතුට - (ප්‍රීතිය ,සොම්නස, වේදනාව)~0
~~~~~~~~~~~~~~     ළඟ   - (දුර, ඈත, ආසන්න)~1
~~~~~~~~~~~~~~     සිහින් - (මහත, කෘශ, කෙට්ටු)~0
~~~~~~~~~~~~~~     හඳ -   (හිමකර, තරුපති, හිරු)~0
~~~~~~~~~34~~~සමාන පද වැරදි ලෙස දක්වා ඇති වරණය තෝරන්න.~~    වැලි -  වාලුකා~0
~~~~~~~~~~~~~~    දූපත -  දිවයින~0
~~~~~~~~~~~~~~    ජලය  -  අග්නි~1
~~~~~~~~~~~~~~    ප්‍රසිද්ධ - පතළ   ~0
~~~~~~~~~35~~~දත් යන පදයට සමාන පදයක් නොවන්නේ,~~දන්ත~0
~~~~~~~~~~~~~~චූර්ණ~1
~~~~~~~~~~~~~~දසන්~0
~~~~~~~~~~~~~~දළ~0
8~sinhala-07-t1-l03-ep08~8~1~3~අක්ෂර මාලාව හා අක්ෂර වින්‍යාසය~අක්ෂර මාලාව විකාශනය~අක්ෂර මාලාවේ විකාශනය පිළිබඳ පැහැදිලි කිරීම‍ හා අක්ෂර මාලාව නිවැරදිව උච්චාරණය කිරීම.~01:00:00~36~~~සිංහල භාෂාවේ පැරණි ම ව්‍යාකරණ ග්‍රන්ථය කුමක් ද?~~සිඳත් සඟරාව~1
~~~~~~~~~~~~~~මහාවංශය~0
~~~~~~~~~~~~~~දීපවංශය~0
~~~~~~~~~~~~~~භෙසඡ්ජ මංජුසා~0
~~~~~~~~~37~~~සිඳත් සඟරාව රචනා කළේ කවුරුන් උදෙසා ද?~~පොත් ලියන ආධුනිකයන් සඳහා~0
~~~~~~~~~~~~~~පද්‍ය රචනා කරන ආධුනිකයින් සඳහා~1
~~~~~~~~~~~~~~පුරාවිද්‍යාඥයන් සඳහා~0
~~~~~~~~~~~~~~විද්‍යාඥයන් සඳහා~0
~~~~~~~~~38~~~ සිඳත් සඟරා හෝඩියේ අක්ෂර ගණන කීයද?~~32~0
~~~~~~~~~~~~~~30~1
~~~~~~~~~~~~~~35~0
~~~~~~~~~~~~~~40~0
~~~~~~~~~39~~~ශුද්ධ සිංහල හෝඩියේ අක්ෂර ගණන කීයද?~~32~1
~~~~~~~~~~~~~~30~0
~~~~~~~~~~~~~~35~0
~~~~~~~~~~~~~~40~0
~~~~~~~~~40~~~මිශ්‍ර සිංහල හෝඩියේ අක්ෂර ගණන කීයද?~~30~0
~~~~~~~~~~~~~~32~0
~~~~~~~~~~~~~~54~1
~~~~~~~~~~~~~~60~0
9~sinhala-07-t1-l03-ep09~9~1~3~අක්ෂර මාලාව හා අක්ෂර වින්‍යාසය~අක්ෂර මාලාව වර්ගීකරණය~අක්ෂර මාලාව වර්ගීකරණය පිළිබඳ විස්තර කිරීම හා හෝඩියේ ඇති අක්ෂර වර්ගීකරණය පැහැදිලි කිරීම‍.~01:00:00~41~~~නූතන සිංහල හෝඩියේ අක්ෂර ගණන කීයද?~~30~0
~~~~~~~~~~~~~~45~0
~~~~~~~~~~~~~~60~1
~~~~~~~~~~~~~~65~0
~~~~~~~~~42~~~ව්‍යාඤ්ජන අක්ෂරවලට අයත් වර්ගීකරණයක් නොවන්නේ කුමක් ද?~~ස්වර~1
~~~~~~~~~~~~~~අල්පප්‍රාණ  ~0
~~~~~~~~~~~~~~මහාප්‍රාණ~0
~~~~~~~~~~~~~~සඤ්ඤක~0
~~~~~~~~~43~~~මහප්‍රාණ අක්ෂර ගණන කීයද?~~10~1
~~~~~~~~~~~~~~15~0
~~~~~~~~~~~~~~20~0
~~~~~~~~~~~~~~5~0
~~~~~~~~~44~~~අල්පප්‍රාණ  අක්ෂර ගණන කීයද?~~10~1
~~~~~~~~~~~~~~15~0
~~~~~~~~~~~~~~20~0
~~~~~~~~~~~~~~5~0
~~~~~~~~~45~~~සඤ්ඤක අක්ෂර ගණන කීයද?~~10~0
~~~~~~~~~~~~~~15~0
~~~~~~~~~~~~~~20~0
~~~~~~~~~~~~~~5~1
10~sinhala-07-t1-l03-ep10~10~1~3~අක්ෂර මාලාව හා අක්ෂර වින්‍යාසය~ .න ල ණ. අක්ෂර භාවිතය කියා දීම හා අභ්‍යාස~“ න , ණ” සම්බන්ධයෙන් අක්ෂර‍ භාවිතය කියා දීම, අභ්‍යාස සිදු කිරීම හා අක්ෂර වින්‍යාසය පිළිබඳ අධ්‍යයනය කිරීම.~01:00:00~46~~~ මුර්ධජ “ණ” කාරය මුලට යෙදී ආරම්භ වන වචනයක්  නොවන්නේ,~~ණය~0
~~~~~~~~~~~~~~ණයකාරයා~0
~~~~~~~~~~~~~~ණයහිමියා~0
~~~~~~~~~~~~~~ණයා~1
~~~~~~~~~47~~~ නාමපදවල හා විශේෂණ පදවල “ර” යන්නට පසුව යෙදෙනුයේ කුමන “න” කාරය ද?~~මුර්ධජ~1
~~~~~~~~~~~~~~දන්තජ~0
~~~~~~~~~~~~~~සක්ඤක~0
~~~~~~~~~~~~~~තාලුජ~0
~~~~~~~~~48~~~පහත වචනවල වැරදි අක්ෂර වින්‍යාසය සහිත පදය තෝරන්න.~~ආමන්ත්‍රණය~0
~~~~~~~~~~~~~~පාෂාණ~0
~~~~~~~~~~~~~~අස්සන~0
~~~~~~~~~~~~~~ඝන්ටාර~1
~~~~~~~~~49~~~පහත වචනවල වැරදි අක්ෂර වින්‍යාසය සහිත පදය තෝරන්න.~~චිරන්තන~0
~~~~~~~~~~~~~~දූෂණ~0
~~~~~~~~~~~~~~ඉරාණය~1
~~~~~~~~~~~~~~තෘණ~0
~~~~~~~~~50~~~ පහත සඳහන් වචනවල වැරදි නිවැරදි කර ඇති නිවැරදි වරණය තෝරන්න.~~ආන්ඩුව -  ආණ්ඩුව~1
~~~~~~~~~~~~~~මිශ්‍රන - මිශ්‍රන~0
~~~~~~~~~~~~~~දේශණ -  දේශණ~0
~~~~~~~~~~~~~~සෟණ - සණ~0
11~sinhala-07-t1-l03-ep11~11~1~3~අක්ෂර මාලාව හා අක්ෂර වින්‍යාසය~“ල , ළ” අක්ෂර භාවිතය සහ “ෂ , ශ” අක්ෂර භාවිතය~“ල , ළ” සම්බන්ධයෙන් අක්ෂර‍ භාවිතය සහ “ෂ , ශ” අක්ෂර භාවිතය පිළිබඳ හැඳින්වීම‍‍.~01:00:00~51~~~තාලුජ “ශ” යන අකුරින් පටන් නොගන්නා වචනයක්  ලියන්න.~~ශබ්ද~0
~~~~~~~~~~~~~~ශරීර~0
~~~~~~~~~~~~~~සුද්ද~1
~~~~~~~~~~~~~~ශක්‍ර~0
~~~~~~~~~52~~~ “පිළි ” යන පදය මුලට යෙදෙන වචනයක් නොවන්නේ,~~පිළිතුරු~0
~~~~~~~~~~~~~~පිළිගැන්වීම~0
~~~~~~~~~~~~~~පිළිවෙළ~0
~~~~~~~~~~~~~~පිත්තල~1
~~~~~~~~~53~~~ “ශ” අකුරු එක ළඟ යෙදෙන වචනයක් වන්නේ,~~විශිෂ්ට~0
~~~~~~~~~~~~~~දුෂ්ට~0
~~~~~~~~~~~~~~අනිෂ්ට~0
~~~~~~~~~~~~~~නිශ්ශබ්ද~1
~~~~~~~~~54~~~ පහත සඳහන් වචන නිවැරදිව ලියා දක්වා ඇති නිවැරදි වරණය තෝරන්න.  ~~අඹන්පොල - අඹන්පොල~0
~~~~~~~~~~~~~~ගුවන් තොටුපොල - ගුවන් තොටුපල~0
~~~~~~~~~~~~~~වෙලදපොල -  වෙළෙඳපොළ~1
~~~~~~~~~~~~~~ගම්පොල  - ගම්පොල~0
~~~~~~~~~55~~~මුර්ධජ “ෂ” අක්ෂරය මුලින් යෙදෙන්නේ කිනම් අකුරුවලට පසුව ද?~~ක, ට, ඨ, ප~1
~~~~~~~~~~~~~~ත, ට, ම, ප~0
~~~~~~~~~~~~~~ක, ර, ඨ, ප~0
~~~~~~~~~~~~~~ක, ට, ඨ, බ~0
12~sinhala-07-t1-l03-ep12~12~1~3~අක්ෂර මාලාව හා අක්ෂර වින්‍යාසය~අවබෝධය සඳහා අභ්‍යාස කිරීම.~අක්ෂර මාලාව හා අක්ෂර වින්‍යාසය යන පාඩමෙන් අවබෝධය සඳහා අභ්‍යාස සිදු‍ කිරීම.~01:00:00~56~~~පහත සඳහන් වචන නිවැරදිව ලියා ඇති වරණය තෝරන්න.~~     දර්ෂනය -  දර්ෂණය            ~0
~~~~~~~~~~~~~~     ප්‍රදර්ෂනය - ප්‍රදර්ශනය              ~1
~~~~~~~~~~~~~~     ඇඟිළ්ල -   ඇඟිළ්ළ~0
~~~~~~~~~~~~~~     ළපටි - ලපටි            ~0
~~~~~~~~~57~~~දී ඇති වචන අතුරින් නිවැරදිව ලියා ඇති පිළිතුර තෝරන්න.~~   අඛණ්ඩ~1
~~~~~~~~~~~~~~   කණ්ටජ~0
~~~~~~~~~~~~~~   දේෂන  ~0
~~~~~~~~~~~~~~   කැළැන්ඩරය~0
~~~~~~~~~58~~~පහත අක්ෂරවලින් අල්පප්‍රාණ අක්ෂරය තෝරා ලියන්න.~~   ක~1
~~~~~~~~~~~~~~   ළ~0
~~~~~~~~~~~~~~   ය~0
~~~~~~~~~~~~~~   ර~0
~~~~~~~~~59~~~ස්වර අක්ෂරයක් වනුයේ,~~ප~0
~~~~~~~~~~~~~~ඉ~1
~~~~~~~~~~~~~~ත~0
~~~~~~~~~~~~~~ම~0
~~~~~~~~~60~~~සිදත් සඟරා හෝඩියේ ඇති ස්වර අකුරු ගණන කීයද?~~10කි~1
~~~~~~~~~~~~~~8කි~0
~~~~~~~~~~~~~~5කි~0
~~~~~~~~~~~~~~9කි~0
13~sinhala-07-t1-l04-ep13~13~1~4~ඔයි රයිරේ ඔයි රාමා~සිංහල භාෂාවේ ඇති විවිධ ව්‍යවහාර හඳුන්වා දීම හා නිර්දිෂ්ට පාඩම කියවීම.~ශ්‍රී ලාංකික ජනයා නිරත වන විවිධ කර්මාන්ත පිළිබඳ විස්තර කිරීම හා ඒවායේ දී ව්‍යවහාර වන විශේෂ වචන හඳුනාගැනීම.~01:00:00~61~~~ලංකාවේ පවතින කර්මාන්තයක් නොවේ,~~ගොවිතැන් කර්මාන්තය~0
~~~~~~~~~~~~~~පතල් කර්මාන්තය  ~0
~~~~~~~~~~~~~~සටන් කර්මාන්තය~1
~~~~~~~~~~~~~~කුඹල් කර්මාන්තය~0
~~~~~~~~~62~~~ලංකාවේ වටා පවතින මුහුදු තීරය යොදා ගෙන සිදු කරන කර්මාන්තය,~~කුඹල් කර්මාන්තය~0
~~~~~~~~~~~~~~ධීවර කර්මාන්තය~1
~~~~~~~~~~~~~~පතල් කර්මාන්තය~0
~~~~~~~~~~~~~~මිනිරන් කර්මාන්තය~0
~~~~~~~~~63~~~නිවාඩුව ගත කිරීමට මව සමඟ ගමට ගියේ කවුද?~~සිරිමල්~0
~~~~~~~~~~~~~~අනුරාධ~1
~~~~~~~~~~~~~~නිමල්~0
~~~~~~~~~~~~~~සුගත්~0
~~~~~~~~~64~~~ කමතේ ගොයම ආරක්ෂා කීරීමට වළලන ඖෂධ පොට්ටනිය හදුන්වන්නේ,~~අරක් බෙල්ලා~0
~~~~~~~~~~~~~~මැඩුවන්~0
~~~~~~~~~~~~~~අරක් මුත්තා~1
~~~~~~~~~~~~~~ගොයම් කොළය~0
~~~~~~~~~65~~~ කමත් භාෂාවේ උදේ  කෑම හදුන්වන නාමය වන්නේ,~~හීල් අඩුක්කුව~1
~~~~~~~~~~~~~~ඇඹුල~0
~~~~~~~~~~~~~~කළු ගඟුල~0
~~~~~~~~~~~~~~රතු ගඟුල~0
14~sinhala-07-t1-l04-ep14~14~1~4~ඔයි රයිරේ ඔයි රාමා~ගොවිතැන ආශ්‍රිත වචන හඳුන්වා දීම හා අවබෝධය සිදු කිරීම.~කමතේ දී භාවිත කරන ලද විශේෂිත වචන හඳුනාගැනීම හා ඒ්වායේ අරුත් පැහැදිලි කිරීම‍.~01:00:00~66~~~වීවලට කමත් භාෂාවෙන් යොදනු ලබන වචනය වන්නේ,~~බැත~1
~~~~~~~~~~~~~~බත්~0
~~~~~~~~~~~~~~හාල්~0
~~~~~~~~~~~~~~වී~0
~~~~~~~~~67~~~තේ, කෝපි, දෑකැත්ත යන වචනවලට යොදා ගන්නා කමත් ව්‍යවහාරය පිළිවෙළින් ලියා ඇත්තේ,~~කළු ගඟුල, රතු ගඟුල, ලියන්නා~0
~~~~~~~~~~~~~~රතු ගඟුල, කළු ගඟුල, ලියන්නා~1
~~~~~~~~~~~~~~ලියන්නා, රතු ගඟුල, කළු ගඟුල~0
~~~~~~~~~~~~~~කලවිට, රතු ගඟුල, ලියන්නා~0
~~~~~~~~~68~~~“ඈදුත්තේ නායකයා” ලෙස හඳුන්වන්නේ,~~කලාතයා~0
~~~~~~~~~~~~~~මුදුනා~1
~~~~~~~~~~~~~~කොළමුත්තා~0
~~~~~~~~~~~~~~එළිවිස්සා~0
~~~~~~~~~69~~~ “රත්තා බෝ කිරීම” යනුවෙන් අදහස් කරන්නේ කුමක් ද?~~ගිනිමැළය ගැසීම~1
~~~~~~~~~~~~~~නිදන් වස්තු තැන්පත් කිරීම~0
~~~~~~~~~~~~~~කොළ මැඩවීම~0
~~~~~~~~~~~~~~මදුරුවන් එළවීම~0
~~~~~~~~~70~~~නිදන් වස්තුවලට අයත් නොවන ද්‍රව්‍ය මින් කුමක් ද?~~හත් බෙල්ලා~0
~~~~~~~~~~~~~~ලියන්නා~0
~~~~~~~~~~~~~~ඖෂධ පොට්ටනිය~0
~~~~~~~~~~~~~~කාසි~1
15~sinhala-07-t1-l04-ep15~15~1~4~ඔයි රයිරේ ඔයි රාමා~නාම පද හඳුන්වා දීම හා නාම පද වර්ගීකරණය~නාම පද පිළිබද හැඳින්වීම, නාම පද වර්ගීකරණය කරන ආකාරය සාකච්ඡා කිරීම‍ හා සංඛ්‍යා බේදය අනුව වාක්‍ය නිර්මාණය කිරීම.~01:00:00~71~~~නාමපදවලට අයත් නොවන්නේ මින් කුමක් ද?~~පුද්ගල නාම~0
~~~~~~~~~~~~~~ද්‍රව්‍ය නාම~0
~~~~~~~~~~~~~~ස්ථාන නාම~0
~~~~~~~~~~~~~~සංඥාා නාම~1
~~~~~~~~~72~~~ඒක වචන හා බහු වචන පිළිවෙළට ඇති කාණ්ඩය තෝරන්න.~~මල, මල්, ගස්, ගස්හු, පොත්, පොත~0
~~~~~~~~~~~~~~මල්, මල්පොකුරු, ගස්, ගස්පෙළ, පොත් රාක්කය~0
~~~~~~~~~~~~~~මල, මල්, ගස, ගස්, පොත, පොත්~1
~~~~~~~~~~~~~~ගස්, පොත්, මල්, තරු~0
~~~~~~~~~73~~~උත්තම පුරුෂ ඒක වචන නාම පද හා බහු වචන නාම පද පිළිවෙළින් ඇති වරණය තෝරන්න.~~මම, ඔහු~0
~~~~~~~~~~~~~~අපි, නුඹ~0
~~~~~~~~~~~~~~මම, අපි~1
~~~~~~~~~~~~~~නුඹ, ඔහු~0
~~~~~~~~~74~~~ නිවැරදි වාක්‍ය තෝරන්න.~~මම පොත් බලයි.~0
~~~~~~~~~~~~~~අපි පොත් බලමු.~1
~~~~~~~~~~~~~~ඔහු පොත් බලන්නෙමි.~0
~~~~~~~~~~~~~~නුඹ පොත බලන්නේහු?~0
~~~~~~~~~75~~~ස්ත්‍රී ලිංග හා පුරුෂ ලිංග නිවැරදිව යෙදි ඇති වරණය තෝරන්න.~~අම්මා-තාත්තා~1
~~~~~~~~~~~~~~අයියා-මල්ලී~0
~~~~~~~~~~~~~~අලියා-ඇතා~0
~~~~~~~~~~~~~~අක්කා-නංගී~0
16~sinhala-07-t1-l05-ep16~16~1~5~ශ්‍රී ලංකාවේ අහිකූණ්ඨික ජනතාව~අහිකූණ්ඨක ජනතාව පිළිබඳ හඳුන්වා දීම හා නිර්දිෂ්ට පාඩම කියවීම.~ශ්‍රී ලංකාවේ අහිකූණ්ඨක ජනතාවගේ නිවාස ඉදිකිරීම, භාවිතා කරන උපකරණ හා ආගමික පසුබිම ආදිය පිළිබඳ අධ්‍යයනය කිරීම.~01:00:00~76~~~කණ්ඩායම් වශයෙන් වඳුරන් හා නාගයන් රැගෙන තැන තැන සංචාරය කරන, ස්ථිර වාසස්ථානයක් නොමැති මොවුන් ........................ නමින් හඳුන්වයි.~~හිඟන්නෝ~0
~~~~~~~~~~~~~~අහිකූණ්ඨික ජනතාව~1
~~~~~~~~~~~~~~ධීවර ජනතාව~0
~~~~~~~~~~~~~~වැදි ජනතාව~0
~~~~~~~~~77~පහත දැක්වෙන පද වලට යෙදෙන ව්‍යවහාරය නිවැරදිව ඇති වරණය තෝරන්න.~~       තලෙ, මස්කත්, ඉරමන්, සත්~~කුල්ල, පිහිය, හිරමනය, බේසම~0
~~~~~~~~~~~~~~බේසම, පිහිය, හිරමනය, කුල්ල~1
~~~~~~~~~~~~~~පිහිය, බේසම, කුල්ල, හිරමනය~0
~~~~~~~~~~~~~~කුල්ල, පිහිය, බේසම, හිරමනය~0
~~~~~~~~~78~~~අහිකූණ්ඨික ජනතාවගේ ශුද්ධ දිනයකි,~~සඳුදා~0
~~~~~~~~~~~~~~සෙනසුරාදා~0
~~~~~~~~~~~~~~සිකුරාදා~1
~~~~~~~~~~~~~~ඉරිදා~0
~~~~~~~~~79~~~අහිකූණ්ඨික ජනතාවගේ පුරුෂ පක්ෂය සිදු කරන රැකියාවකි,~~දඩයම් කිරීම~0
~~~~~~~~~~~~~~රිළවුන් හා නයි නැටවීම~1
~~~~~~~~~~~~~~ගොයම් කටයුතු කිරීම~0
~~~~~~~~~~~~~~බිලි පූජා පැවැත්වීම.~0
~~~~~~~~~80~~~අහිකූණ්ඨික ජනතාව පෝය දිනවල දී සිදු නොකරන ක්‍රියාවකි,~~සතුන්  මැරීම~1
~~~~~~~~~~~~~~නයි නැටවීම.~0
~~~~~~~~~~~~~~ගුරුකම් කිරීම~0
~~~~~~~~~~~~~~පුදපූජා පැවැත්වීම.~0
17~sinhala-07-t1-l05-ep17~17~1~5~ශ්‍රී ලංකාවේ අහිකූණ්ඨික ජනතාව~සිරිත් විරිත් පිළිබඳ අවබෝධය~අහිකූණ්ඨක ජනතාවගේ සිරිත් විරිත් පිළිබඳ සාකච්ඡා කිරීම හා ඔවුන්ගේ වචන භාවිතය පිළිබඳ අධ්‍යයනය කිරීම හා අවබෝධය සඳහා ප්‍රශ්න සාකච්ඡා කිරීම.~01:00:00~81~~~අහිකූණ්ඨික ජනතාව එක් ස්ථානයක රැදී සිටින කාලය කොපමණ ද?~~දවස් 05 කි~0
~~~~~~~~~~~~~~දවස් 03 කි~0
~~~~~~~~~~~~~~දවස් 07 කි~1
~~~~~~~~~~~~~~දවස් 06 කි~0
~~~~~~~~~82~~~කණ්ඩායමේ නායකයා කුමන නමකින් හඳුන්වයි ද?~~කෝරළ මාමා~0
~~~~~~~~~~~~~~විදානේ~0
~~~~~~~~~~~~~~ආරච්චි~1
~~~~~~~~~~~~~~ගමරාල~0
~~~~~~~~~83~~~අහිකූණ්ඨික ජනතාවගේ විවාහක ස්ත්‍රීන් හඳුනා ගන්නා සාධකයක් වන්නේ,~~මල්මාලා පැළඳවීම~0
~~~~~~~~~~~~~~දෙඅතටම වළලු දැමීම~1
~~~~~~~~~~~~~~සාස්තර නොකීම~0
~~~~~~~~~~~~~~තැල්ල නොදැමීම.~0
~~~~~~~~~84~~~අධිකරණ ක්‍රියාවලිය තුළ දිවුරුම් දීමේ ක්‍රමයක් වන්නේ,~~උල තැබීම~0
~~~~~~~~~~~~~~දඬු කදේ ගැසීම.~0
~~~~~~~~~~~~~~රත් වූ යකඩයක් ඇල්ලීම~1
~~~~~~~~~~~~~~කෝටු පාරවල් 50 ක් ගැසීම.~0
~~~~~~~~~85~~~මව, පියා, අයියා, යන පුද්ගල නාම අහිකූණ්ඨික ව්‍යවහාරයේ භාවිත වන පිළිවෙළ වන්නේ,~~මාමා, අබ්බඩා, අන්නා~1
~~~~~~~~~~~~~~අන්නා, මාමා, අබ්බඩා~0
~~~~~~~~~~~~~~මාමා, අන්නා, අබ්බඩා~0
~~~~~~~~~~~~~~අබ්බඩා, මාමා, අන්නා~0
18~sinhala-07-t1-l05-ep18~18~1~5~ශ්‍රී ලංකාවේ අහිකූණ්ඨික ජනතාව~උක්ත අනුක්ත භේදය~උක්ත අනුක්ත ‌බේදය පිළිබඳ සාකච්ඡා කිරීම හා අභ්‍යාස සිදු කිරීම.~01:00:00~86~ “අම්මා ළමයින්ට අවවාද දෙයි”~~ මෙම වාක්‍යයේ උක්ත පදය කුමක් ද?~~අම්මා~1
~~~~~~~~~~~~~~දෙයි~0
~~~~~~~~~~~~~~ළමයින්ට~0
~~~~~~~~~~~~~~අවවාද~0
~~~~~~~~~87~ “අම්මා ළමයින්ට අවවාද දෙයි”~~ඉහත වාක්‍යයේ ක්‍රියා පදය කුමක් ද?~~අම්මා~0
~~~~~~~~~~~~~~දෙයි~1
~~~~~~~~~~~~~~ළමයින්ට~0
~~~~~~~~~~~~~~අවවාද~0
~~~~~~~~~88~ “අම්මා ළමයින්ට අවවාද දෙයි”~~ඉහත වාක්‍යයේ කර්ම පදය කුමක් ද?~~අම්මා~0
~~~~~~~~~~~~~~දෙයි~0
~~~~~~~~~~~~~~ළමයින්ට~0
~~~~~~~~~~~~~~අවවාද~1
~~~~~~~~~89~~~නිවැරදි උක්ත අනුක්ත පදය සහිත පිළිතුර තෝරන්න.~~දැරියක් - දැරියක       ~1
~~~~~~~~~~~~~~සොරා - සොරු    ~0
~~~~~~~~~~~~~~බල්ලා - බල්ලෝ         ~0
~~~~~~~~~~~~~~මිනිසා-  මිනිස්සු~0
~~~~~~~~~90~~~අනුක්ත පදයට ගැළපෙන උක්ත පදය තෝරන්න.~~කුරුල්ලන්- කුරුල්ලා    ~1
~~~~~~~~~~~~~~කුමාරයා -  කුමාරයෝ     ~0
~~~~~~~~~~~~~~වැද්දා  - වැද්දන්       ~0
~~~~~~~~~~~~~~පිරිස -  පිරිස්~0
19~sinhala-07-t1-l06-ep19~19~1~6~මේ කාගේ දෝ කමතා~ජනකවියේ ස්වභාවය හා පසුබිම සාකච්ඡා කිරීම හා නිර්දිෂ්ට කවි පෙළ කියා දීම.~කොල මැඩීමේ දී භාවිත කරන ජන කවි කිහිපයක් අධ්‍යයනය කිරීම, ජනකවි බිහිවීම පිළිබඳ සාකච්ඡා කිරීම හා ජන කවි කිහිපයක් තේරුම් සහිතව අධ්‍යයනය කිරීම.~01:00:00~91~~~ජනකවිවල නිර්මාතෘ වන්නේ,~~විශාරදයෙකි~0
~~~~~~~~~~~~~~පණ්ඩිතයෙකි~0
~~~~~~~~~~~~~~විවිධ ගැමි ජනයා~1
~~~~~~~~~~~~~~කවියෙකි~0
~~~~~~~~~92~~~ ජනකවිවල ස්වභාවයකි,~~සංකීර්ණය~0
~~~~~~~~~~~~~~සරල බව~1
~~~~~~~~~~~~~~ඉතා ගැඹුරය     ~0
~~~~~~~~~~~~~~බොරුවකි~0
~~~~~~~~~93~~~ජනකවි තුළ ඇති සුවිශේෂ ගුණාංගයක් නොවන්නේ,~~අව්‍යාජත්වය~0
~~~~~~~~~~~~~~සංක්ෂිප්තභාවය~0
~~~~~~~~~~~~~~සරලත්වය~0
~~~~~~~~~~~~~~ගැඹුරභාවය~1
~~~~~~~~~94~~~පාඩමේ සඳහන් වන පළමු කවියෙන් අවසර ගනු ලබන්නේ,~~සඳ දෙවියන්ගෙන්     ~0
~~~~~~~~~~~~~~ඉර දෙවියන්ගෙන්      ~1
~~~~~~~~~~~~~~ශක්‍ර දෙවියන්ගෙන්     ~0
~~~~~~~~~~~~~~මිහිකත දෙවියන්ගෙන්~0
~~~~~~~~~95~~~දෙවැනි කවියෙන් අවසර ගනු ලබන්නේ,~~මිහිකත දෙවියන්ගෙන්    ~0
~~~~~~~~~~~~~~ඉර දෙවියන්ගෙන්     ~0
~~~~~~~~~~~~~~සඳ දෙවියන්ගෙන්     ~1
~~~~~~~~~~~~~~ශක්‍ර දෙවියන්ගෙන්  ~0
20~sinhala-07-t1-l06-ep20~20~1~6~මේ කාගේ දෝ කමතා~කවි පෙළ කියා දීම - 2 කොටස~ජන කවි කිහිපයක් අධ්‍යයනය කිරීම, කමත් භාෂාව තුළ භාවිත වන වචන සාකච්ඡා කිරීම හා පාඩමට අදාල වාක්‍යවල අරුත් පැහැදිලි කිරීමග අවබෝධය සිදු කිරීම.~01:00:00~96~~~ගොනාගේ බෙල්ලේ බැඳි කොළ වර්ගය කුමක් ද?~~තණකොළ  ~0
~~~~~~~~~~~~~~මදු කොළ    ~1
~~~~~~~~~~~~~~එරඬු කොළ  ~0
~~~~~~~~~~~~~~කෑලිය කොළ~0
~~~~~~~~~97~~~කවි පන්තියට අනුව බැත පුරවා තියෙන ස්ථානයක් නොවන්නේ,~~අටුකොටුවල      ~0
~~~~~~~~~~~~~~ලබු ගෙඩිවල     ~0
~~~~~~~~~~~~~~කළයක          ~1
~~~~~~~~~~~~~~ඉහළ පහළ~0
~~~~~~~~~98~~~කමතේ දී භාවිත කරන ප්‍රධාන වාදන භාණ්ඩයකි,~~තම්මැට්ටම    ~0
~~~~~~~~~~~~~~රබාන       ~0
~~~~~~~~~~~~~~බුම්මැඩිය       ~1
~~~~~~~~~~~~~~තාලම්පට~0
~~~~~~~~~99~~~නිවැරදිව අරුත් පැහැදිලි කර ඇති වරණය තෝරන්න.~~කමත -  ගොයම් පෑගීම~0
~~~~~~~~~~~~~~බැත  - හාල්~0
~~~~~~~~~~~~~~කොළ මැඬීම - ගොයම් පෑගීම~1
~~~~~~~~~~~~~~අමුඩය - උපකරණය~0
~~~~~~~~~100~~~  “බුදුන් වඩින වෙලාවයි” යන කවි පදයේ දෙවැනි පද පේළියට ආ යුතු වරණය තෝරන්න.~~කමත පිරෙන වේලාවයි.~0
~~~~~~~~~~~~~~කිරි උතුරන වේලාවයි.~1
~~~~~~~~~~~~~~කොළ මඩවන වේලාවයි.~0
~~~~~~~~~~~~~~ගෙන පුරවා මේ කමතා.~0
21~sinhala-07-t1-l06-ep21~21~1~6~මේ කාගේ දෝ කමතා~විවිධ ජනකවි පිළිබඳ අවබෝධය~විවිධ ජනකවි තේරුම් සමඟින් අධ්‍යයනය කිරීම හා රසස්වාදයක් සිදු කිරීම.~01:00:00~101~~~ජනකවි නිර්මාණය වීමට බලපාන නිමිත්තක් නොවන්නේ,~~වෘත්තිය     ~0
~~~~~~~~~~~~~~හැඟිම්      ~0
~~~~~~~~~~~~~~දෛනික ක්‍රියා      ~0
~~~~~~~~~~~~~~දහම් කරුණු ඇසීම~1
~~~~~~~~~102~~~ජනකවිවලට අයත් නොවන්නේ,~~ජනකවි     ~0
~~~~~~~~~~~~~~පාරු කවි       ~0
~~~~~~~~~~~~~~පතල් කවි      ~0
~~~~~~~~~~~~~~වන්නම්~1
~~~~~~~~~103~~~පැල් කවියක් වන්නේ මින් කුමක් ද?~~මාතර ගඟේ සිටිනා කිඹුලිගේ පැටියා~0
~~~~~~~~~~~~~~ඔංචිලි චිලි චිල්ල මලේ~0
~~~~~~~~~~~~~~ලස්සන හිමවතේ මා වී පැසෙන්නේ~1
~~~~~~~~~~~~~~තණ්ඩලේ දෙන්නා දෙපොලේ දක්කනවා~0
~~~~~~~~~104~පහත දැක්වෙන නෙළුම් කවියේ තුන්වැනි පදයට ආ යුතු වරණය තෝරන්න.~~“රන් දෑ කැති ගෙන නිති සැරසෙනවා”~~රිවි දුටු පිනි බිඳු ලෙස පහවෙනවා~1
~~~~~~~~~~~~~~රන් රත් පටි ඉන වට දිලිසෙනවා~0
~~~~~~~~~~~~~~සේලේ ඉන වට ඇඳගන් නෑනෝ~0
~~~~~~~~~~~~~~දුම්බර කෙතේ අපි ගොයම් කපනවා~0
~~~~~~~~~105~~~පහත දැක්වෙන ජනකවි අතුරින් පාරු කවියක් වන්නේ,~~ඉන්නේ දුම්බරයි මහා කළු ගලක් යට~0
~~~~~~~~~~~~~~මාතර ගඟේ ඉන්නා කිඹුලිගේ පැටියා~1
~~~~~~~~~~~~~~ලස්සන හිමවතේ මා වී පැසෙන්නේ~0
~~~~~~~~~~~~~~ගාන තෙල් සඳුන් වරලස ඔමරි කොට~0
22~sinhala-07-t1-l06-ep22~22~1~6~මේ කාගේ දෝ කමතා~විරුද්ධ පද පිළිබඳ අවබෝධය~විවිධ ජනකවි තේරුම් සමඟින් අධ්‍යයනය කිරීම, විරුද්ධ පද පිළිබඳව සාකච්ඡා කිරීම හා අභ්‍යාස සිදු කිරීම‍.~01:00:00~106~පහත දැක්වෙන පතල් කවියේ ඊළඟට ආ යුතු පදය තෝරන්න.~~“කළුවන් කළු රුවයි මන්ගෝ දිලිසෙනවා”~~විස්තර කියමි දුමිබර මිනිරන් පතලේ~0
~~~~~~~~~~~~~~මිනිරන් පතල හරියට අපේ ගෙදර වගේ~0
~~~~~~~~~~~~~~දුමිබර කන්ද පාමුල මිනිරන් පතලේ~0
~~~~~~~~~~~~~~මිනිරන් තෝරන්න දින ගණනින් යනවා~1
~~~~~~~~~107~~~පහත දැක්වෙන කවිවලින් ඔංචිලිවාරම් කවියක් වන්නේ කුමක් ද?~~අටදෙන අටකොණ වාඩි වෙයල්ලා~0
~~~~~~~~~~~~~~තණ්ඩලේ දෙන්නා දෙපොලේ දක්කනවා~1
~~~~~~~~~~~~~~ඇහැළ මලින් ගස් පිරිලා~0
~~~~~~~~~~~~~~තෙල් ගාලා හිස පීරන් නෑනෝ~0
~~~~~~~~~108~~~උපසර්ගයක් යෙදී නොමැතිව නිර්මාණය වී ඇති විරුද්ධ පදය තෝරන්න.~~නම්බුව -  අවනම්බුව~0
~~~~~~~~~~~~~~කීර්තිය -  අපකීර්තිය~0
~~~~~~~~~~~~~~ජන්මය - මරණය~1
~~~~~~~~~~~~~~ගුණ -  අවගුණ~0
~~~~~~~~~109~~~නිපාත පදයක් යෙදී නොමැති විරුද්ධ පදය තෝරන්න.~~සත් -  නොසත්~0
~~~~~~~~~~~~~~වෙනස් - නොවෙනස්~0
~~~~~~~~~~~~~~උසස් -  පහත්~1
~~~~~~~~~~~~~~සුව -  නොසුව~0
~~~~~~~~~110~~~නිවැරදිව විරුද්ධ පදය යෙදී ඇති වරණය තෝරන්න.~~නිසංසල - නිශ්චල~0
~~~~~~~~~~~~~~නව -  පැරණි~1
~~~~~~~~~~~~~~ධනය - නිධානය~0
~~~~~~~~~~~~~~කසළ - කුණු~0
23~sinhala-07-t1-l07-ep23~23~1~7~දෙව්දම් ඇදුරු එඩ්මන්ඩ් / පීිරිස් රදගුරු හිමි~එඩ්මන්ඩ් පීිරිස් රදගුරු හිමිගේ චරිත කථාව~එඩ්මන්ඩ් පීිරිස් රදගුරු හිමිගේ චරිත කථාව පිළිබඳ සාකච්ඡා කිරීම.~01:00:00~111~~~එඩ්මන්ඩ් පීරිස් පියතුමා උපන් වර්ෂය කුමක් ද?~~1892~0
~~~~~~~~~~~~~~1895~0
~~~~~~~~~~~~~~1897~1
~~~~~~~~~~~~~~1898~0
~~~~~~~~~112~~~ එඩ්මන්ඩ් පිීරිස් පියතුමාගේ පියා වුයේ,~~මිහිඳු කුලසූරිය එච්. දියෝගෝ~1
~~~~~~~~~~~~~~පියල් කුලසූරිය එච්. දියෝගෝ~0
~~~~~~~~~~~~~~ඇලෝසියස් කුලසූරිය එච්. දියෝගෝ~0
~~~~~~~~~~~~~~අලෙන්සු පීරිස්~0
~~~~~~~~~113~~~ 1933 වර්ෂයේ උසස් අධ්‍යාපනය සඳහා ඇතුළත් වූ විශ්වවිද්‍යාලය,~~කැනඩා විශ්වවිද්‍යාලය~0
~~~~~~~~~~~~~~මෙල්බර්න් විශ්වවිද්‍යාලය~0
~~~~~~~~~~~~~~ලන්ඩන් විශ්වවිද්‍යාලය~1
~~~~~~~~~~~~~~කොළඔ විශ්වවිද්‍යාලය~0
~~~~~~~~~114~~~ හලාවත අභිනව රදගුරු පියතුමා ලෙස අභිෂේක ලැබූ වර්ෂය,~~1945~0
~~~~~~~~~~~~~~1941~0
~~~~~~~~~~~~~~1940~1
~~~~~~~~~~~~~~1939~0
~~~~~~~~~115~~~ගුරුවරයෙක් වශයෙන් සේවය කළ පාසල කුමක් ද?~~ශාන්ත ඇලෝසියස් විදුහල~0
~~~~~~~~~~~~~~සාන්ත ජෝසප් විද්‍යාලය~1
~~~~~~~~~~~~~~ආවේ මරියා විද්‍යාලය~0
~~~~~~~~~~~~~~බිශෝප් විද්‍යාලය~0
24~sinhala-07-t1-l07-ep24~24~1~7~දෙව්දම් ඇදුරු එඩ්මන්ඩ් / පීිරිස් රදගුරු හිමි~සාරාංශ ගත කිරීම හා අවබෝධය ප්‍රශ්න සිදු කිරීම~එඩ්මන්ඩ් පීිරිස් රදගුරු හිමිගේ චරිතය පිළිබඳ තවදුරටත් අධ්‍යයනය කිරිම, ඔහුගේ චරිතයෙන් ගත හැකි ආදර්ශ පිළිබද හැඳින්වීම, අරුත් පැහැදිලි කිරීම හා අවබෝධය සඳහා ප්‍රශ්න සිදු කිරීම.~01:00:00~116~~~කැලණිය විශ්වවිද්‍යාලයෙන් එඩ්මන්ඩ් පීරිස් පියතුමාට සාහිත්‍ය චක්‍රවර්තී සම්මාන උපාධිය පිරිනැමූ වර්ෂය කුමක් ද?~~1979~1
~~~~~~~~~~~~~~1978~0
~~~~~~~~~~~~~~1969~0
~~~~~~~~~~~~~~1977~0
~~~~~~~~~117~~~රදගුරු ලාංඡනයට අඩංගු වන රූපය දැක්වෙන නිවැරදි වරණය තෝරන්න.~~කුරුසයක් අතින් ගත් සිංහයෙකු~1
~~~~~~~~~~~~~~කුරුසයක් අතින් ගත් රාජාලියෙකු~0
~~~~~~~~~~~~~~කුරුසයක් අතින් ගත් පරවියා~0
~~~~~~~~~~~~~~කුරුසයක් අතින් ගත් කුඩා දරුවා~0
~~~~~~~~~118~~~ දිළිඳු ළමයි සඳහා පුත්තලමේ ආරම්භ කරවූ අධ්‍යාපන නිවාසය කුමක් ද?~~මුත්තසාමි නිවාසය     ~0
~~~~~~~~~~~~~~මුත්තකුමාර නිවාසය      ~1
~~~~~~~~~~~~~~මිත්‍ර නිවාසය     ~0
~~~~~~~~~~~~~~මාවතගම නිවාසය~0
~~~~~~~~~119~~~එඩ්මන්ඩ් පීරිස් රදගුරුතුමා විසින් රචනා කරන ලද ග්‍රන්ථයක් නොවන්නේ,~~සිරිලක මරිය බැතිය~0
~~~~~~~~~~~~~~මහනුවර ගිවිසුම~0
~~~~~~~~~~~~~~සිංහල ක්‍රිස්තියානි සාහිත්‍ය වංශය~0
~~~~~~~~~~~~~~ජාතික තොටිල්ල~1
~~~~~~~~~120~~~එඩ්මන්ඩ් පීිරිස් පියතුමා ස්වර්ගස්ථ වු වර්ෂය කුමක් ද?~~1998~0
~~~~~~~~~~~~~~1989~1
~~~~~~~~~~~~~~1988~0
~~~~~~~~~~~~~~1999~0
25~sinhala-07-t1-l07-ep25~25~1~7~දෙව්දම් ඇදුරු එඩ්මන්ඩ් / පීිරිස් රදගුරු හිමි~ක්‍රියා පද හඳුන්වාදීම හා ක්‍රියා පද වර්ගීකරණය~ක්‍රියා පද පිළිබඳ හැඳින්වීම, ක්‍රියා පද අර්ථ දැක්වීම හා ක්‍රියා පද වර්ගීකරණය කිරීම.~01:00:00~121~~~වාක්‍යයක අවසානය දැක්වීම සඳහා යොදන පදයකි,~~උක්තය~0
~~~~~~~~~~~~~~කර්මය~0
~~~~~~~~~~~~~~ක්‍රියා පදය~1
~~~~~~~~~~~~~~නිපාත~0
~~~~~~~~~122~~~ක්‍රියා පදයක් ලෙස අර්ථ නොගැන්වෙන්නේ,~~කිරීමක්~0
~~~~~~~~~~~~~~විදීමක්~0
~~~~~~~~~~~~~~වීමක්~0
~~~~~~~~~~~~~~සමාන වීමක්~1
~~~~~~~~~123~~~ක්‍රියා පදවල ක්‍රියා මූලය නිවැරදිව දක්වා ඇති වරණය තෝරන්න.~~නටයි -  නට         ~1
~~~~~~~~~~~~~~දුවයි -  දුව         ~0
~~~~~~~~~~~~~~කපයි - කපලා        ~0
~~~~~~~~~~~~~~කියයි - කිය~0
~~~~~~~~~124~~~ “ළමයා වැඩ කරයි” මෙහි කරයි යනු,~~වීමක්~0
~~~~~~~~~~~~~~විදීමක්~0
~~~~~~~~~~~~~~කිරීමක්~1
~~~~~~~~~~~~~~නැටීමක්~0
~~~~~~~~~125~~~ “මල් සුළඟට සෙලවෙයි” මෙහි සෙලවෙයි යනු,~~විදීමක්~0
~~~~~~~~~~~~~~කිරීමක්~0
~~~~~~~~~~~~~~වීමක්~1
~~~~~~~~~~~~~~බැනීමක්~0
26~sinhala-07-t1-l07-ep26~26~1~7~දෙව්දම් ඇදුරු එඩ්මන්ඩ් / පීිරිස් රදගුරු හිමි~පුර්ව ක්‍රියා පද හා මිශ්‍ර පද~ක්‍රියා පද වර්ගීකරණය කිරීම පිළිබඳ සාකච්ඡා කිරීම (අවසාන, අනවසාන සහ මිශ්‍ර ක්‍රියා පද) හා අභ්‍යාස සිදු කිරීම.~01:00:00~126~~~ “තාත්තා වැඩට යයි” මෙහි යයි යන පදය,~~අවසාන ක්‍රියාව වේ~1
~~~~~~~~~~~~~~අනවසාන ක්‍රියාව වේ~0
~~~~~~~~~~~~~~පූර්ව ක්‍රියාව වේ~0
~~~~~~~~~~~~~~මිශ්‍ර ක්‍රියාව වේ~0
~~~~~~~~~127~~~වාක්‍යයක ප්‍රධාන ක්‍රියාවට සමඟම මිශ්‍රව සිදුවන අනෙක් ක්‍රියාව හඳුන්වන නාමය වන්නේ,~~පූර්ව ක්‍රියා~0
~~~~~~~~~~~~~~මිශ්‍ර ක්‍රියා~1
~~~~~~~~~~~~~~අපර ක්‍රියා~0
~~~~~~~~~~~~~~භාව ක්‍රියා~0
~~~~~~~~~128~~~වාක්‍යයක අවසාන ක්‍රියාවට පෙර සිදු කරන ක්‍රියාව හඳුන්වන නාමය කුමක් ද?~~මිශ්‍ර ක්‍රියා~0
~~~~~~~~~~~~~~අපර ක්‍රියා~0
~~~~~~~~~~~~~~භාව ක්‍රියා~0
~~~~~~~~~~~~~~පූර්ව ක්‍රියා~1
~~~~~~~~~129~~~ මිශ්‍ර ක්‍රියා පදය තෝරන්න.~~කියවා~0
~~~~~~~~~~~~~~බලා~0
~~~~~~~~~~~~~~විමසමින්~1
~~~~~~~~~~~~~~නටා~0
~~~~~~~~~130~~~ පූර්ව ක්‍රියා පදය තෝරන්න.~~බල බලා~0
~~~~~~~~~~~~~~නටමින්~0
~~~~~~~~~~~~~~කියවා~1
~~~~~~~~~~~~~~දුවමින්~0
27~sinhala-07-t1-l08-ep27~27~1~8~කතා බහට සංයමයක්~සංවාදයන් සිදු කිරීම පිළිබඳ හඳුන්වාදීම, පුද්ගල විවිධත්වයට ගැළපෙන ලෙස කතා කිරීම හා අවබෝධ කරවීම.~සංවාදයන් සිදු කිරීමට අවශ්‍ය වන කරුණු සාධක සාකච්ඡා කිරීම, පුද්ගල විවිධත්වයට ගැළපෙන ලෙස කතා‍ කිරීම අවබෝධ කරවීම‍ හා උදාහරණ මඟින් සංවාද පෙන්වාදීම.~01:00:00~131~~~ සංවාදයක දී නොපැවතිය යුතු ගුණාංගයක් වන්නේ,~~සංයමය     ~0
~~~~~~~~~~~~~~ආචාරශීලීත්වය~0
~~~~~~~~~~~~~~කලබල වීම~1
~~~~~~~~~~~~~~තේරුම් ගැනීම~0
~~~~~~~~~132~~~ නිවසේ දී ඇතිවෙන පළමු සංවාදය තුළ සිටින පුද්ගල චරිතයක් නොවන්නේ,~~අම්මා~0
~~~~~~~~~~~~~~පුතා~0
~~~~~~~~~~~~~~නංගි~0
~~~~~~~~~~~~~~තාත්තා~1
~~~~~~~~~133~~~ “ඉන්න මං හොයලා දෙන්නම්” යන ප්‍රකාශය කළේ කවුද?~~අම්මා~1
~~~~~~~~~~~~~~පුතා~0
~~~~~~~~~~~~~~නංගි~0
~~~~~~~~~~~~~~තාත්තා~0
~~~~~~~~~134~~~මිතුරන් දෙදෙනා අතර ඇතිවන සංවාදයේ දී ගෙදර වැඩ නොකර ආ මිතුරා කවුද?~~සුනිල්~0
~~~~~~~~~~~~~~ නිමල්~1
~~~~~~~~~~~~~~කමල්~0
~~~~~~~~~~~~~~විමල්~0
~~~~~~~~~135~~~ “ඒත් ඔයාටත් තව වැඩ තියෙනවා නේ ” මේ ප්‍රකාශය කළේ කවුද?~~විමල්~0
~~~~~~~~~~~~~~නිමල්~1
~~~~~~~~~~~~~~සුනිල්~0
~~~~~~~~~~~~~~කමල්~0
28~sinhala-07-t1-l08-ep28~28~1~8~කතා බහට සංයමයක්~සංවාද - 01 හා සංවාද - 02~සංවාදයක් සිදු කිරීමට වැදගත් වන කරුණු පෙන්වාදීම. සංවාද 01 ‘හරි පුදුම ඉස්කෝලේ’ කෘතියෙන් උපුටා ගත් කොටසක් ඇසුරින් සංවාදයක් ඉදිරිපත් කිරීම හා එම සංවාදය විස්තරාත්මකව සාකච්ඡා කිරීම‍. සංවාද 02 - එදිනෙදා ජීවිතයේ සිදු කරන සංවාදයක් පෙන්වාදීම හා එම සංවාදය විස්තරාත්මකව සාකච්ඡා කිරීම‍.~01:00:00~136~~~භාෂාවක් අවශ්‍ය වනුයේ ‍......................... හුවමාරු කර ගැනීමට ය.~~අදහස්~0
~~~~~~~~~~~~~~අවශ්‍යතා~0
~~~~~~~~~~~~~~වුවමනා~0
~~~~~~~~~~~~~~මේ සියල්ල~1
~~~~~~~~~137~~~දඟකාර ජපන් දැරියක් හා අසිරිමත් පාසලක් ගැන කියැවෙන පොත රචනා කළ කතුවරයා කවුද?~~ටෙට්සුකෝ කුරොයානගී~1
~~~~~~~~~~~~~~ටොට්ටෝ චං~0
~~~~~~~~~~~~~~ටෙක්ෂිකෝ වා~0
~~~~~~~~~~~~~~ඉක්වායු ලී~0
~~~~~~~~~138~~~ “හරි පුදුම ඉස්කෝලේ” යන කථා පොත පරිවර්තනය කළ කතුවරයා කවුද?~~ගාමිණී අබේවික්‍රම     ~0
~~~~~~~~~~~~~~ලීලානන්ද ගමාච්චි    ~1
~~~~~~~~~~~~~~සුදත් රෝහණ    ~0
~~~~~~~~~~~~~~ටී බී ඉලංගරත්න~0
~~~~~~~~~139~~~ “අක්කර පහ” යන කෘතිය රචනා කරන ලද්දේ කවුරුන් විසින් ද?~~මාර්ටින් වික්‍රමසිංහ    ~0
~~~~~~~~~~~~~~ටී . බී ඉලංගරත්න   ~0
~~~~~~~~~~~~~~මඩවල . එස් . රත්නායක    ~1
~~~~~~~~~~~~~~කුමාරතුංග මුනිදාස~0
~~~~~~~~~140~~~ “නෑ මං කතා කළේ මල් පාත්තිය බලා ගන්න කියන්න” මෙම ප්‍රකාශය කළේ කවුද?~~අක්කා~0
~~~~~~~~~~~~~~මල්ලී~1
~~~~~~~~~~~~~~අයියා~0
~~~~~~~~~~~~~~තාත්තා~0
29~sinhala-07-t1-l08-ep29~29~1~8~කතා බහට සංයමයක්~සංවාද - 03 හා සංවාද - 04~සංවාදයේ දී භාෂාව හසුරුවන ආකාරය පෙන්වාදීම. සංවාද 03 ‘අඹ යාළුවෝ’ කෘතියෙන් උපුටා ගත් කොටසක් ඇසුරින් සංවාදයක් ඉදිරිපත් කිරීම හා එම සංවාදය විස්තරාත්මකව සාකච්ඡා කිරීම‍. සංවාද 04 - එදිනෙදා ජීවිතයේ සිදු කරන සංවාදයක් පෙන්වාදීම හා එම සංවාදය විස්තරාත්මකව සාකච්ඡා කිරීම‍.~01:00:00~141~~~ ටී . බී ඉලංගරත්න විසින් රචනා කරන ලද නවකතාව කුමක් ද?~~මඟුල් කෑම     ~0
~~~~~~~~~~~~~~අක්කර පහ    ~0
~~~~~~~~~~~~~~අඹ යහළුවෝ     ~1
~~~~~~~~~~~~~~හීන් සැරය~0
~~~~~~~~~142~~~අඹ යහළුවෝ නවකතාවේ ඉන්න එක් කුඩා පිරිමි ළමයෙකි,~~සුනිල්~0
~~~~~~~~~~~~~~නිමල්~1
~~~~~~~~~~~~~~සුදු අප්පෝ~0
~~~~~~~~~~~~~~කමල්~0
~~~~~~~~~143~~~පන්සලේ පවත්වන බෝධි පූජාව භාරව තිබූ අය කවුද?~~විදානේ රාළහාමි    ~1
~~~~~~~~~~~~~~රාලහාමි    ~0
~~~~~~~~~~~~~~උපාසක     ~0
~~~~~~~~~~~~~~සාදිරිස්~0
~~~~~~~~~144~~~“බැහැ දකිනවා” යන වචනයේ තේරුම කුමක් ද?~~හමුවීම    ~1
~~~~~~~~~~~~~~තොරතුරු දීම     ~0
~~~~~~~~~~~~~~පැමිණීම        ~0
~~~~~~~~~~~~~~කථා කිරීම~0
~~~~~~~~~145~~~නිමල්ගේ පියා නිමල්ට යන්න යැයි කියූ ප්‍රදේශය කුමක් ද?~~ගම්පහ    ~0
~~~~~~~~~~~~~~නුවර    ~1
~~~~~~~~~~~~~~මාතලේ    ~0
~~~~~~~~~~~~~~අනුරාධපුරය~0
30~sinhala-07-t1-l08-ep30~30~1~8~කතා බහට සංයමයක්~අභ්‍යාස සිදු කිරීම.~අභ්‍යාස සිදු කරමින් සංවාද ගොඩනැගීම හා සාකච්ඡා කිරීම.~01:00:00~146~~~ නිමල් ලියුමක් ලියාපදිංචි තැපෑලෙන් යැවීමට යා යුතු ස්ථානය,~~බැංකුවට~0
~~~~~~~~~~~~~~සණස සමිතියට~0
~~~~~~~~~~~~~~තැපැල් කන්තෝරුවට~1
~~~~~~~~~~~~~~පාසලට~0
~~~~~~~~~147~~~පන්ති කාමරයේ අලංකාරය සඳහා  මල් රැගෙන එන ශිෂ්‍යාව කවුද?~~සුනිල්~0
~~~~~~~~~~~~~~දුලාන්~0
~~~~~~~~~~~~~~රමණී~1
~~~~~~~~~~~~~~පවිත්‍රා~0
~~~~~~~~~148~~~උදෑසන පාසලට පැමිණ පන්ති කාමරය අතුගාන ශිෂ්‍යාව කවුද?~~හංසිකා~1
~~~~~~~~~~~~~~සුනිල්~0
~~~~~~~~~~~~~~රමණී~0
~~~~~~~~~~~~~~දුලාන්~0
~~~~~~~~~149~~~පන්ති කාමරය මෙන් ම මිදුල ද අතුගෑමට යෝජනා කළ ශිෂ්‍යයා කවුද?~~රමණී~0
~~~~~~~~~~~~~~දුලාන්~0
~~~~~~~~~~~~~~සුනිල්~1
~~~~~~~~~~~~~~හංසිකා~0
~~~~~~~~~150~~~ හොඳම ගෙවත්ත තේරීම සඳහා තරගයක් සංවිධානය කළේ කවුද?~~දුලාන්~0
~~~~~~~~~~~~~~සඳුන්~1
~~~~~~~~~~~~~~සුනිල්~0
~~~~~~~~~~~~~~හංසිකා~0
31~sinhala-07-t2-l09-ep01~1~2~9~තිලමුට්ඨි ජාතකය~ජාතක කතා හඳුන්වා දීම හා නිර්දිෂ්ට ජාතක කතාව කියා දීම.~පන්සිය පනස් ජාතක කතා පොත හැඳින්වීම, එහි ඇතුළත් වර්තමාන කතාවල අතීත කතාව සහ පූර්වාපර සන්ධි ගැළපීම යන අවස්ථා තුන හැඳින්වීම හා තිලමුට්ඨි ජාතකය පිළිබඳ හැඳින්වීම.~01:00:00~151~~~පන්සිය පනස් ජාතක ක පොත ලියැවුණු යුගය කුමක් ද?~~අනුරාධපුර යුගය~0
~~~~~~~~~~~~~~පොළොන්නරු යුගය~0
~~~~~~~~~~~~~~කුරුණෑගල යුගය~1
~~~~~~~~~~~~~~ගම්පොළ යුගය~0
~~~~~~~~~152~~~කුමන රජුගේ අනුග්‍රහය ඇතිව ද පන්සිය පනස් ජාතක පොත රචනා වුයේ,~~ විජය රජු~0
~~~~~~~~~~~~~~ දුටුගැමුණු රජු~0
~~~~~~~~~~~~~~ දෙවැනි පණ්ඩිත පරාක්‍රමබාහු~1
~~~~~~~~~~~~~~ මුගලන් රජු~0
~~~~~~~~~153~~~පන්සිය පනස් ජාතක කථා පොතේ ඇති ජාතක කථා ගණන කීයද?~~550~0
~~~~~~~~~~~~~~547~1
~~~~~~~~~~~~~~555~0
~~~~~~~~~~~~~~574~0
~~~~~~~~~154~~~කුමාරයා ශිල්ප හැදෑරීමට ගියේ කොහේට ද?~~මියලු නුවරට~0
~~~~~~~~~~~~~~රජගහ නුවරට~0
~~~~~~~~~~~~~~කොසඹෑ නුවරට~0
~~~~~~~~~~~~~~තක්ෂිලා නුවරට~1
~~~~~~~~~155~~~ රජතුමා තම පුතුට ශිල්ප ඉගෙනීමට දුන් මුදල් ප්‍රමාණය කොපමණ ද?~~මසුරන් දහසක්~1
~~~~~~~~~~~~~~මසුරන් සියයක්~0
~~~~~~~~~~~~~~මසුරන් අඩක්~0
~~~~~~~~~~~~~~මසුරන් පනහක්~0
32~sinhala-07-t2-l09-ep02~2~2~9~තිලමුට්ඨි ජාතකය~නිර්දිෂ්ට ජාතක කතාව කියා දීම.~තිලමුට්ඨි ජාතක කතාවේ ඉතිරි කොටස පිළිබඳව හා ජාතක කථාවේ සාරය කියා දීම.~01:00:00~156~~~ගුරුතුමා හා ශිෂ්‍යයන් දිය  නෑමට ගියේ කුමන ස්ථානයට ද?~~ගඟට~0
~~~~~~~~~~~~~~මුහුදට~0
~~~~~~~~~~~~~~වැවට~1
~~~~~~~~~~~~~~ඇළට~0
~~~~~~~~~157~~~කුමාරයා තල සොරකම් කළේ කාගෙන් ද?~~තරුණියකගෙන්~0
~~~~~~~~~~~~~~වයසක මැහැල්ලගෙන්~1
~~~~~~~~~~~~~~වයසක මහලු ස්ත්‍රියක්~0
~~~~~~~~~~~~~~හිගන්නෙක්~0
~~~~~~~~~158~~~කුමාරයා කී වතාවක් තල සොරකම් කළේ ද?~~දෙවතාවයි~0
~~~~~~~~~~~~~~තුන්වතාවයි~1
~~~~~~~~~~~~~~එක්වතාවයි~0
~~~~~~~~~~~~~~පස්වතාවයි~0
~~~~~~~~~159~~~සොරකම් කරන ලද තල වෙනුවට රජතුමා දීමට සැරසුණේ මොනවා ද?~~මුදල්~1
~~~~~~~~~~~~~~රත්තරං~0
~~~~~~~~~~~~~~රිදී~0
~~~~~~~~~~~~~~තෑගි~0
~~~~~~~~~160~~~ දිසාපාමොක් හට ලැබුණු තනතුර කුමක් ද?~~පුරෝහිත~1
~~~~~~~~~~~~~~භාණ්ඩාගාරික~0
~~~~~~~~~~~~~~සභාපති~0
~~~~~~~~~~~~~~භාණ්ඩගාරික~0
33~sinhala-07-t2-l09-ep03~3~2~9~තිලමුට්ඨි ජාතකය~ජාතක කථාවේ ලක්ෂණ හා මෙම ජාතක කථාවේ ආදර්ශය~තිලමුට්ඨි ජාතක කතාවේ පෙළගැස්ම අධ්‍යයනය කිරීම, එම කතාවෙන් ගතහැකි ආදර්ශ සාකච්ඡා කිරීම, අරුත් පැහැදිලි කිරීම සහ අවබෝධය සඳහා අභ්‍යාස කිරීම.~01:00:00~161~~~කුමාරයා සොරකම් කළේ මොනවා ද?~~උඳු~0
~~~~~~~~~~~~~~මෑ~0
~~~~~~~~~~~~~~තල~1
~~~~~~~~~~~~~~මිනේරි~0
~~~~~~~~~162~~~මෙම කතාවේ කතා පෙළට ඇතුළත් නොවන්නේ,~~දඬුවම් දීම~0
~~~~~~~~~~~~~~වෛර බැඳීම~0
~~~~~~~~~~~~~~ශිල්ප හදාරා පිටව යෑම~0
~~~~~~~~~~~~~~යුද්ධයක් තිබීම~1
~~~~~~~~~163~~~මෙම පාඩමෙන් ගත හැකි ආදර්ශයක් නොවන්නේ,~~හොඳින් ශිල්ප ඉගෙනීම~0
~~~~~~~~~~~~~~කුඩා කළ සිට ම සොරකම් නොකිරීම~0
~~~~~~~~~~~~~~ගුරුවරයෙක් දඬුවමක් ලබා දුන් විට වෛර නොබැඳ ගැනීම~0
~~~~~~~~~~~~~~වැරදි තීරණ ගැනීම~1
~~~~~~~~~164~~~“පිළී සඟළක්” යනු කුමක් ද?~~පිළි ගඳක්~0
~~~~~~~~~~~~~~රෙද්දක්~0
~~~~~~~~~~~~~~රෙදි යුගලයක්~1
~~~~~~~~~~~~~~සෙරප්පුවක්~0
~~~~~~~~~165~~~ වහන් සඟළක් යනු කුමක් ද?~~පිළි ගඳක්~0
~~~~~~~~~~~~~~රෙද්දක්~0
~~~~~~~~~~~~~~රෙදි යුගලයක්~0
~~~~~~~~~~~~~~පාවහන් යුගළක්~1
34~sinhala-07-t2-l10-ep04~4~2~10~අපේ ලෝහ තාක්ෂණයේ යටගියාව~ලංකාවේ ලෝහ තාක්ෂණය පිළිබඳ ඉතිහාසය හා ලෝහ නිස්සාරණයේ සාධක~ශ්‍රී ලංකාවේ අතීත ලෝහ තාක්ෂණය සහ ලෝහ තාක්ෂණය භාවිතය, ලෝහ නිස්සාරණය කරන ආකාරය , විවිධ ලෝහ වර්ග සඳහා ප්‍රසිද්ධ ස්ථාන , ලෝහ තාක්ෂණය ලංකාව තුළ තිබු බවට සාක්ෂි සහිත ස්ථාන හා ලෝහ තාක්ෂණය භාවිතයෙන් සිදුකරන ලද අතීත නිර්මාණ පිළිබඳව සාකච්ඡා කිරීම.~01:00:00~166~~~ආදි මානවයා මුලින් ම භාවිත කළේ මොනවා ද?~~ශිලා මෙවලම්~1
~~~~~~~~~~~~~~ප්ලාස්ටික්~0
~~~~~~~~~~~~~~දැව~0
~~~~~~~~~~~~~~ලෝහ~0
~~~~~~~~~167~~~විවිධ ලෝහ වර්ගවලට ප්‍රසිද්ධියට පත් ගම්මානයක නමක් නොවන්නේ,~~රිදීිගම~0
~~~~~~~~~~~~~~තුලාධාර ගම~0
~~~~~~~~~~~~~~තම්බපිට්ටි ගම~0
~~~~~~~~~~~~~~රත්ගම~1
~~~~~~~~~168~~~ කර්මාන්තවල නියැලුණු ශිල්පීන් හැඳින්වීමට විවිධ නම් භාවිත කරයි. එවැනි නමක් නොවන්නේ,~~කබර~0
~~~~~~~~~~~~~~බර~1
~~~~~~~~~~~~~~තබකර~0
~~~~~~~~~~~~~~තුලදර~0
~~~~~~~~~169~~~කාසි නිෂ්පාදනය සඳහා භාවිත කළ රන් පිඬු ලැබුණේ කුමන ස්ථානයෙන් ද?~~අභයගිරිය~1
~~~~~~~~~~~~~~ජේතවනය~0
~~~~~~~~~~~~~~මිරිසවැටිය~0
~~~~~~~~~~~~~~ලෝවාමහාපාය~0
~~~~~~~~~170~~~අතීතයේ දී යකඩ නිස්සාරණය කරනු ලැබුවේ කුමන ඛනිජය යොදා ගෙන ද?~~හීමටයිට්~1
~~~~~~~~~~~~~~බොර~0
~~~~~~~~~~~~~~රසදිය~0
~~~~~~~~~~~~~~සල්ෆර්~0
35~sinhala-07-t2-l10-ep05~5~2~10~අපේ ලෝහ තාක්ෂණයේ යටගියාව~අරුත් පැහැදිලි කිරීම හා ව්‍යාකරණානුකූලව වාක්‍ය ලිවීම.~පාඩමෙහි අන්තර්ගත වචන වල අරුත් පැහැදිලි කිරීම හා අභ්‍යාස සිදු කිරීම.~01:00:00~171~~~සහස්‍රකය යනු කුමක් ද?~~දහසකින් සමන්විත ඒකකය~1
~~~~~~~~~~~~~~දහයකින් සමන්විත ඒකකය~0
~~~~~~~~~~~~~~සියයකින් සමන්විත ඒකකය~0
~~~~~~~~~~~~~~විස්සකින් සමන්විත ඒකකය~0
~~~~~~~~~172~~~"පුරාවිද්‍යාඥයෝ” යන්නෙහි තේරුම කුමක් ද?~~සත්ත්වයන් පිළිබඳ අධ්‍යයනය කරන්නා~0
~~~~~~~~~~~~~~පෞරාණික වස්තු පිළිබඳ ව පරීක්ෂා කරන්නෝ~1
~~~~~~~~~~~~~~අභව්‍යකාශය පිළිබඳ අධ්‍යයනය කරන්නෝ~0
~~~~~~~~~~~~~~රෝග පිළිබඳ අධ්‍යයනය කරන්නා~0
~~~~~~~~~173~~~"කබර” යනුවෙන් හඳුන්වන්නේ,~~ලෝහ කර්මාන්තයේ නියුක්ත ශිල්පියා~0
~~~~~~~~~~~~~~දැව කර්මාන්තයේ නියුක්ත ශිල්පියා~0
~~~~~~~~~~~~~~යකඩ කර්මාන්තයේ නියුක්ත ශිල්පියා~1
~~~~~~~~~~~~~~වීදුරු කර්මාන්තයේ නියුක්ත ශිල්පියා~0
~~~~~~~~~174~~~"තුලදර” යනුවෙන් හඳුන්වන්නේ,~~ලෝහ කර්මාන්තයේ නියුක්ත ශිල්පියා~0
~~~~~~~~~~~~~~දැව කර්මාන්තයේ නියුක්ත ශිල්පියා~0
~~~~~~~~~~~~~~යකඩ කර්මාන්තයේ නියුක්ත ශිල්පියා~0
~~~~~~~~~~~~~~රන් කර්මාන්තයේ නියුක්ත ශිල්පියා~1
~~~~~~~~~175~~~ත්‍රිපිටකය තුළ අඩංගු නොවන්නේ මොනවා ද?~~සූත්‍ර~0
~~~~~~~~~~~~~~විනය~0
~~~~~~~~~~~~~~අභිධර්ම~0
~~~~~~~~~~~~~~පාලි~1
36~sinhala-07-t2-l10-ep06~6~2~10~අපේ ලෝහ තාක්ෂණයේ යටගියාව~වාක්‍ය රීති~වාක්‍ය නිර්මාණය හා නීතිරීති අධ්‍යයනය කිරිම. (උක්තය, කර්මය සහ ආක්‍යාතය පිළිබඳ අධ්‍යයනය, වාක්‍ය ලිවීමේ දී උක්ත ආක්‍යාත සම්බන්ධයෙන් පවතින නීති රීති අධ්‍යයනය)~01:00:00~176~~~වාක්‍යයක් නිර්මාණය කිරීමේ දී පවතින මූලික අංගයක් නොවන්නේ,~~උක්තය~0
~~~~~~~~~~~~~~කර්මය~0
~~~~~~~~~~~~~~ක්‍රියාව~0
~~~~~~~~~~~~~~පූර්ව ක්‍රියාව~1
~~~~~~~~~177~~~අවසාන ක්‍රියාවෙන් උක්ත වන පදය හඳුන්වන නාමය වන්නේ,~~කර්මය~0
~~~~~~~~~~~~~~ක්‍රියාව~0
~~~~~~~~~~~~~~උක්තය~1
~~~~~~~~~~~~~~මිශ්‍ර ක්‍රියාව~0
~~~~~~~~~178~~~උක්තයේ ක්‍රියාවට යටත් වන පදය හඳුන්වන නාමය වන්නේ,~~උක්තය~0
~~~~~~~~~~~~~~මිශ්‍ර ක්‍රියාව~0
~~~~~~~~~~~~~~කර්මය~1
~~~~~~~~~~~~~~ක්‍රියාව~0
~~~~~~~~~179~ හිස්තැන් පුරවන්න.~~අක්කා පාසල් ….......................~~යයි~1
~~~~~~~~~~~~~~යති~0
~~~~~~~~~~~~~~යන්නේ~0
~~~~~~~~~~~~~~යන්නෝය~0
~~~~~~~~~180~හිස්තැන් පුරවන්න.~~ළමයි සෙල්ලම් ….......................~~කරයි~0
~~~~~~~~~~~~~~කරන ලදී~0
~~~~~~~~~~~~~~කළේය~0
~~~~~~~~~~~~~~කරති~1
37~sinhala-07-t2-l10-ep07~7~2~10~අපේ ලෝහ තාක්ෂණයේ යටගියාව~වාක්‍ය රීති හා අභ්‍යාස~කාලබේදය අනුව වාක්‍යක උක්තයට අනුව ආක්‍යාතය යොදන ආකාරය පිළිබඳව අධ්‍යයනය කිරීම සහ අභ්‍යාස සිදු කිරීම‍.~01:00:00~181~~~"නො ගිය විරූ" යනුවෙන් හැඳින්වෙන්නේ කුමක් ද?~~පෙර නො යන ලද~1
~~~~~~~~~~~~~~ගිය තැන්~0
~~~~~~~~~~~~~~හිටපු තැන~0
~~~~~~~~~~~~~~යන්න හිටපු තැන~0
~~~~~~~~~182~~~"පරිගෘහීත" යන්නෙහි අරුත කුමක් ද?~~පරිබාහිර~0
~~~~~~~~~~~~~~ගෘහය~0
~~~~~~~~~~~~~~අරක් ගත්~1
~~~~~~~~~~~~~~පෙර නො බොන ලද~0
~~~~~~~~~183~~~"පාද නමැති නෙලුම් මල" යන අදහස දෙන වචනය වනුයේ,~~නෙලුම් මල~0
~~~~~~~~~~~~~~මානෙල් මල~0
~~~~~~~~~~~~~~පාපියුම්~1
~~~~~~~~~~~~~~ඕලු~0
~~~~~~~~~184~~~"ශශ” ලාංඡනය යනු කුමක් ද?~~හාවාගේ සලකුණ~1
~~~~~~~~~~~~~~පූසාගේ සලකුණ~0
~~~~~~~~~~~~~~මීයාගේ සලකුණ~0
~~~~~~~~~~~~~~සදේ සලකුණ~0
~~~~~~~~~185~~~"යටතට” යන වචනයට ගැළපෙන තේරුම වනුයේ,~~වසඟයට~1
~~~~~~~~~~~~~~පහතට~0
~~~~~~~~~~~~~~යටට~0
~~~~~~~~~~~~~~හැරෙන්න~0
38~sinhala-07-t2-l11-ep08~8~2~11~ප්‍රායෝගික ලේඛන~රාජකාරි ලිපි ලිවීමල අභ්‍යාසය 01~ප්‍රායෝගික ලේඛන ලිපි හුවමාරුව පිළිබඳ අධ්‍යයනය (පෞද්ගලික ලිපි හා රාජකාරි ලිපි), රාජකාරි ලිපි ලිවීමල ලිපි ලිවීමේ දී සැලකිලිමත් විය යුතු කරුණු හා රාජකාරි ලිපියක අඩංගු මූලික කරුණු අධ්‍යයනය කිරීම.~01:00:00~186~~~ලියුම් වර්ගයකට අයත් නොවන්නේ,~~පෞද්ගලික ලිපි~0
~~~~~~~~~~~~~~ව්‍යාපාරික ලිපි~0
~~~~~~~~~~~~~~රාජකාරි ලිපි~0
~~~~~~~~~~~~~~ආරාධනා පත්‍ර~1
~~~~~~~~~187~~~පෞද්ගලික ලිපි නොලියන්නේ කාටද?~~පවුලේ අයට~0
~~~~~~~~~~~~~~මිතුරන්ට~0
~~~~~~~~~~~~~~ගුරුවරයාට~0
~~~~~~~~~~~~~~කලාප අධ්‍යක්ෂට~1
~~~~~~~~~188~~~රාජකාරි ලිපි නොලියනු ලබන්නේ කාටද?~~විදුහල්පති~0
~~~~~~~~~~~~~~කලාප අධ්‍යක්ෂ~0
~~~~~~~~~~~~~~කළමනාකරු  ~0
~~~~~~~~~~~~~~නිමල්ට~1
~~~~~~~~~189~~~රාජකාරි ලිපියක තිබෙන විශේෂ අංගයක් වන්නේ,~~මාතෘකාව~1
~~~~~~~~~~~~~~ලිපිනය~0
~~~~~~~~~~~~~~අන්තර්ගතය~0
~~~~~~~~~~~~~~අවසානය~0
~~~~~~~~~190~~~පැණිවෙළුරව මහා විද්‍යාලය පවතින සංගමයක් වන්නේ,~~“පරිසර මිතුරෝ” සංවිධානය~1
~~~~~~~~~~~~~~බාලදක්ෂ සංවිධානය~0
~~~~~~~~~~~~~~කලා සංගමය~0
~~~~~~~~~~~~~~විද්‍යා සංගමය~0
39~sinhala-07-t2-l11-ep09~9~2~11~ප්‍රායෝගික ලේඛන~රාජකාරි ලිපි ලිවීමල අභ්‍යාසය 02~රාජකාරි ලිපියක ආකෘතිය සාදන ආකාරය අධ්‍යයනය කිරීම සහ රාජකාරි ලිපි කිහිපයක් ලිවීම.~01:00:00~191~~~රාජකාරි ලිපියක ආකෘතියට අයත් නොවන්නේ,~~යවන්නාගේ ලිපිනය~0
~~~~~~~~~~~~~~ලබන්නාගේ ලිපිනය~0
~~~~~~~~~~~~~~මාතෘකාව~0
~~~~~~~~~~~~~~සැප දුක විමසීම~1
~~~~~~~~~192~~~පෞද්ගලික ලිපියක ආකෘතියට අයත් නොවන්නේ,~~මාතෘකාව~1
~~~~~~~~~~~~~~දිනය~0
~~~~~~~~~~~~~~අන්තර්ගතය~0
~~~~~~~~~~~~~~යවන්නාගේ ලිපිනය~0
~~~~~~~~~193~~~බඹරගස්දෙණිය විද්‍යාලයේ ඇති සංගමයක් නොවන්නේ,~~පරිසර නියමුභට සංගමය~0
~~~~~~~~~~~~~~ශිෂ්‍ය නායක සංගමය~0
~~~~~~~~~~~~~~මිතුරු ක්‍රීඩා සංගමය~1
~~~~~~~~~~~~~~තූර්ය වාදක සංගමය~0
~~~~~~~~~194~~~බඹරගස්දෙණිය විද්‍යාලයේ ක්‍රීඩා සංගමයේ ලේකම් වන්නේ,~~කසුන් පෙරේරා~1
~~~~~~~~~~~~~~නිපුන සිල්වා~0
~~~~~~~~~~~~~~ලහිරු ධනුෂ්ක~0
~~~~~~~~~~~~~~සුපුන් ගුණතිලක~0
~~~~~~~~~195~~~පාසල් බස් රථය නිසි වේලාවට ධාවනය නොවීම සම්බන්ධයෙන් රාජකාරි ලිපියක් යවන්නේ කවුරුන් හට ද?~~පළාත් අධ්‍යාපන අධ්‍යක්ෂතුමාට~0
~~~~~~~~~~~~~~ඩිපෝ අධිකාරිතුමාට~1
~~~~~~~~~~~~~~කලාප අධ්‍යක්ෂතුමාට~0
~~~~~~~~~~~~~~පළාත් මහ ඇමතිතුමාට~0
40~sinhala-07-t2-l11-ep10~10~2~11~ප්‍රායෝගික ලේඛන~ආරාධනා පත්‍ර හඳුන්වාදීමල අභ්‍යාසය 03~ආරාධනා පත්‍ර සැකසීම සහ එහි අන්තර්ගතය පිළිබඳ සාකච්ඡා කිරීම, ආරාධනා පත්‍ර කිහිපයක් නිර්මාණය කිරීම.~01:00:00~196~~~ප්‍රායෝගික ලේඛනවලට අයත් නොවන්නේ,~~පෞද්ගලික ලිපි~0
~~~~~~~~~~~~~~රාජකාරි ලිපි~0
~~~~~~~~~~~~~~තද්ධිත~1
~~~~~~~~~~~~~~ආරාධනා පත්‍ර~0
~~~~~~~~~197~~~ආරාධනා පත්‍ර සකස් කරන අවස්ථාවක් නොවන්නේ මින් කුමක් ද?~~මංගල උත්සවය~0
~~~~~~~~~~~~~~අවමංගල්‍ය උත්සවය~1
~~~~~~~~~~~~~~පාසල් උත්සව~0
~~~~~~~~~~~~~~සමිති සමාගම් අතර උත්සව~0
~~~~~~~~~198~~~ආරාධනා පත්‍රයක තිබු යුතු අංගයක් නොවන්නේ,~~අරමුණ~0
~~~~~~~~~~~~~~ස්ථානය~0
~~~~~~~~~~~~~~දිනය~0
~~~~~~~~~~~~~~යවන්නාගේ නම~1
~~~~~~~~~199~~~විද්‍යාලයේ දීප්තිමත් ආදි ශිෂ්‍යයකු වන්නේ කවුද?~~ආන්නද පෙරේරා මහතා~0
~~~~~~~~~~~~~~සාලිය ඩයස් මහතා~0
~~~~~~~~~~~~~~කැලුම් මහතා~0
~~~~~~~~~~~~~~බි්‍රගේඩියර් සාලිය මුදුන්ගොඩ~1
~~~~~~~~~200~~~ශිෂ්‍ය නායක නිල ලාංඡන පැලඳවීමේ උලෙළ පවත්වන දිනය කවදා ද?~~ජනවාරි 24~1
~~~~~~~~~~~~~~ජනවාරි 23~0
~~~~~~~~~~~~~~ජනවාරි 27~0
~~~~~~~~~~~~~~ජනවාරි 21~0
41~sinhala-07-t2-l11-ep11~11~2~11~ප්‍රායෝගික ලේඛන~ලියුම් ලිවීම හුරුකරවිමල අභ්‍යාසය 04~රාජකාරි ලිපි ලිවීම.~01:00:00~201~~~පාසල් බස් රථයේ ප්‍රමාදය පිළිබඳව ලිපියක් ලිව්වේ කුමන පාසලේ විදුහල්පති ද?~~හඳපානාගල මහා විද්‍යාලය~1
~~~~~~~~~~~~~~ගලෙන් බිඳුනු වැව මහා විද්‍යාලය~0
~~~~~~~~~~~~~~අම්පාර මහා විද්‍යාලය~0
~~~~~~~~~~~~~~වඳුරුව මහා විද්‍යාලය~0
~~~~~~~~~202~~~පරිසර මිතුරෝ සංවිධානයේ ලේකම් කවුද?~~නිමල්~0
~~~~~~~~~~~~~~ලසන්ත~0
~~~~~~~~~~~~~~කසුන්~1
~~~~~~~~~~~~~~අනිල්~0
~~~~~~~~~203~~~පාසල තුළ බැංකු ශාඛාවක් පිහිටුවා ගැනීමට ලියුමක් නිර්මාණය කලේ කුමන පාසල ද?~~සුරිඳුගම මහා විද්‍යාලය~1
~~~~~~~~~~~~~~ගලෙන් බිඳුනු වැව මහා විද්‍යාලය~0
~~~~~~~~~~~~~~හඳපානාගල මහා විද්‍යාලය~0
~~~~~~~~~~~~~~වඳුරුව මහා විද්‍යාලය~0
~~~~~~~~~204~~~ක්‍රීඩා භාණ්ඩ ලබා ගැනීමට අත්‍යවශ්‍ය වුයේ කුමන පාසලට ද?~~බඹරගස්දෙණිය විද්‍යාලය~1
~~~~~~~~~~~~~~ගලෙන් බිඳුනු වැව මහා විද්‍යාලය~0
~~~~~~~~~~~~~~අම්පාර මහා විද්‍යාලය~0
~~~~~~~~~~~~~~වඳුරුව මහා විද්‍යාලය~0
~~~~~~~~~205~~~බැංකු ශාඛාවක් පිහිටුවීමට අදහස් කරන බැංකුව කුමක් ද?~~සහන බැංකුව~1
~~~~~~~~~~~~~~ඉතිරි කිරීමේ බැංකුව~0
~~~~~~~~~~~~~~මහජන බැංකුව~0
~~~~~~~~~~~~~~සංවර්ධන බැංකුව~0
42~sinhala-07-t2-l12-ep12~12~2~12~සිනා කුමරි~චන්ද්‍රරත්න මානවසිංහයන් පිළිබඳ අවබෝධය හා නිර්දිෂ්ට කවි පෙළ පිළිබඳ අවබෝධය~ශ්‍රී චන්ද්‍රරත්න මානවසිංහ මහතාගේ චරිතය හා ඔහුගේ කාව්‍ය නිර්මාණ පිළිබඳ අධ්‍යයනය කිරීම හා සිනා කුමරි පද්‍ය පන්තිය තේරුම් සමඟ සාකච්ඡා කිරීම.~01:00:00~206~~~කෝමල රේඛා නැමැති පද්‍ය සංග්‍රහය කාගේ නිර්මාණයක් ද?~~චන්ද්‍රරත්න මානවසිංහ~1
~~~~~~~~~~~~~~ගුණදාස අමරසේකර~0
~~~~~~~~~~~~~~සිරි ගුණසිංහ~0
~~~~~~~~~~~~~~ඇරැව්වල නන්දිමිත්‍ර~0
~~~~~~~~~207~~~ "මනෝහාරි” නැමැති නිර්මාණය කුමන නිර්මාණ ගණයට අයත් ද?~~කාව්‍ය නිර්මාණ~0
~~~~~~~~~~~~~~ගීත නාටක~1
~~~~~~~~~~~~~~ගී පද රචනා~0
~~~~~~~~~~~~~~නවකතා~0
~~~~~~~~~208~~~වෙසක් මිහිර නැමැති නිර්මාණය කුමන නිර්මාණ ගණයට අයත් ද?~~කාව්‍ය නිර්මාණ~1
~~~~~~~~~~~~~~ගීත නාටක~0
~~~~~~~~~~~~~~ගී පද රචනා~0
~~~~~~~~~~~~~~නවකතා~0
~~~~~~~~~209~කෙසෙල් ගසින් මතුවෙලා \n ගොබය වටින් දැවටිලා \n .....................................................~~අහසට පැන පාවෙලා මෙම කවියේ හිස්තැන් සම්පුර්ණ කරන්න.~~සඳ කැන් මිණි කැට අස්සෙන්~0
~~~~~~~~~~~~~~ළා අඹ දළු නව නවා~0
~~~~~~~~~~~~~~අතරින් සැලි සැලී කනට~0
~~~~~~~~~~~~~~කිරි පාටට ඔපලා ගෙන~1
~~~~~~~~~210~නෙලුම් මලේපෙතිසලා \n ......................................... \n බට්ට වටේ රේණුපොකුර \n~~රතු පැහැයෙන් සරසලා මෙම කවියේ හිස්තැන් සම්පුර්ණ කරන්න.~~පෙරළි පෙරළි සෙල්ලම් කොට~0
~~~~~~~~~~~~~~අහසට පැන පා වෙලා~0
~~~~~~~~~~~~~~සඳ කැන් මිණි කැට අස්සෙන්~0
~~~~~~~~~~~~~~පුබුදුවමින් නොම තළා~1
43~sinhala-07-t2-l12-ep13~13~2~12~සිනා කුමරි~කාව්‍ය උපක්‍රම හඳුන්වා දීම හා කාව්‍ය උපක්‍රම සාකච්ඡා කිරීම - 1 කොටස~සිනා කුමරි පද්‍ය පන්තියේ ඇතුලත් වචන වල අරුත් පැහැදිලි කිරීම හා අවබෝධය සඳහා අභ්‍යාස සිදු කිරීම.~01:00:00~211~~~"හෙල්මැලි” යනු කුමන මල් වර්ගයක් ද?~~දියේ පිපෙන සුදු පැහැති මල් වර්ගයක්~1
~~~~~~~~~~~~~~දියේ පිපෙන නිල්පැහැති මල් වර්ගයක්  ~0
~~~~~~~~~~~~~~දියේ පිපෙන රතු පැහැති මල් වර්ගයක්  ~0
~~~~~~~~~~~~~~දියේ පිපෙන මල් වර්ගයක්  ~0
~~~~~~~~~212~~~"ඔප” යන වචනයට සමාන පදයක් නොවන්නේ මින් කුමක් ද?~~දිස්නය~0
~~~~~~~~~~~~~~කාන්තිය~0
~~~~~~~~~~~~~~බැබළීම~0
~~~~~~~~~~~~~~පිහිදනවා   ~1
~~~~~~~~~213~~~කවියා පුවක් මලේ පාට දකින්නේ කෙසේ ද?~~සුදු පාටට~0
~~~~~~~~~~~~~~ඇත් දළ පාටට~1
~~~~~~~~~~~~~~දුඹුරු පාටට~0
~~~~~~~~~~~~~~අළු පාටට~0
~~~~~~~~~214~~~කවි නිර්මාණය කිරීමේ දී යොදා ගන්නා කාව්‍ය අලංකාරයක් නොවන්නේ මින් කුමක් ද?~~විරිත~0
~~~~~~~~~~~~~~අනුප්‍රාසය  ~0
~~~~~~~~~~~~~~එළිසමය  ~0
~~~~~~~~~~~~~~විස්මයාදී ලකුණ~1
~~~~~~~~~215~~~හා හා හරි හාවා - කැලේ මැදින් ආවා”  මෙම කවිය රචනා කළේ කවු ද?~~මුනිදාස කුමාරතුංග      ~1
~~~~~~~~~~~~~~තොටගමුවේ ශ්‍රී රාහුල හිමි     ~0
~~~~~~~~~~~~~~සිරි ගුණසිංහ     ~0
~~~~~~~~~~~~~~කුඩලිගම~0
44~sinhala-07-t2-l12-ep14~14~2~12~සිනා කුමරි~කාව්‍ය උපක්‍රම සාකච්ඡා කිරීම - 2 කොටස~කවි නිර්මාණය කිරීමේ දී යොදාගන්නා ලද විවිධ වූ අංග අධ්‍යයනය කිරීම (රූපකල උත්ප්‍රේක්ෂාලංකාරයල උපමා යෙදීම) හා අවබෝධය සඳහා අභ්‍යාස සිදු කිරීම.~01:00:00~216~~~මල් තාරුකා” යන යෙදුම අයත් වන්නේල~~රූපක~1
~~~~~~~~~~~~~~උපමා~0
~~~~~~~~~~~~~~ඉඟිවැකියකි~0
~~~~~~~~~~~~~~තද්ධිතයකි~0
~~~~~~~~~217~ර්‍ණනිල් රෙද්දක රන්තැටියක් \n හංගන හැටි මෙන්නකියා \n රන්වන් අපෙ ඉරුදෙවියෝ~~හැංගෙති මහ මුහුදු කුසේ ”  මෙම කවියේ සඳහන් රූපකයක් වන්නේල~~රන්වන්       ~0
~~~~~~~~~~~~~~ඉරු  දෙවියෝ        ~0
~~~~~~~~~~~~~~නිල් රෙද්දක      ~1
~~~~~~~~~~~~~~මුහුදු කුසේ~0
~~~~~~~~~218~ර්‍ණජම්බු ගහට රත  පොරවන්නී~~බක්මී ගහ කහ අන්දන්නී යන මෙම කවිය රචනා කළේ කවු ද?~~අරීසෙන් අහුබුදු~1
~~~~~~~~~~~~~~මුනිදාස මහතා~0
~~~~~~~~~~~~~~සිරි ගුණසිංහ     ~0
~~~~~~~~~~~~~~කුඩලිගම~0
~~~~~~~~~219~ර්‍ණමගෙ සුරතල්අක්කාගේ \n මාලේ මුතු ඇටවාගේ \n මේ වැටෙන්නෙ පිනිබිංදුත්~~හදමු එකක් ඒ වාගේ” මෙම කවියේ පවතින උපමාවක් දක්වන්න.~~මේ වැටෙන්නෙ පිනි බිංදුත්      ~0
~~~~~~~~~~~~~~මාලේ මුතු ඇට වාගේ   ~1
~~~~~~~~~~~~~~සුරතල් අක්කාගේ   ~0
~~~~~~~~~~~~~~පිනි බිංදු~0
~~~~~~~~~220~ර්‍ණකෙන්ද පොල්ඉතා \n සුළු දෙයකි සැකනැතා \n ..................................................~~ගෙන, බැන්ද හැකි ඇතා, මෙම කවියේ හිස්තැන් පුරවන්න.~~කඹය ඉන්ගොතා    ~1
~~~~~~~~~~~~~~සමගිය ම වේ යා      ~0
~~~~~~~~~~~~~~දෙකට එක දිය ම  ය   ~0
~~~~~~~~~~~~~~මහනෙල් සුවඳ ම ය~0
45~sinhala-07-t2-l12-ep15~15~2~12~සිනා කුමරි~ලබාදෙන මාතෘකාව ඔස්සේ කාව්‍ය නිර්මාණය~කවි නිර්මාණය කරන ආකාරය අධ්‍යයනය කිරීම හා අභ්‍යාස සිදු කිරීම.~01:00:00~221~~~කවියේ ඇති මල වටා නැටුම් නටන්නේ කවු ද?~~බඹරු~1
~~~~~~~~~~~~~~සමනල්ලු~0
~~~~~~~~~~~~~~පැණි කුරුල්ලෝ~0
~~~~~~~~~~~~~~ගිරවු~0
~~~~~~~~~222~~~කවියේ සඳහන් පරිදි සිල් අරගෙන තියෙන්නේ කවු ද?~~අරලිය මල්~0
~~~~~~~~~~~~~~ඉද්ද මල්~0
~~~~~~~~~~~~~~වතුසුද්ද මල්~1
~~~~~~~~~~~~~~රෝස මල්~0
~~~~~~~~~223~~~රතු පාටින් දිලිසෙන්නේ මොනවා ද?~~එරබදු~1
~~~~~~~~~~~~~~ජම්බු~0
~~~~~~~~~~~~~~වෙරලු~0
~~~~~~~~~~~~~~ලොවි~0
~~~~~~~~~224~~~ආඩම්බරකමින් අහසේ සිරි මවන්නේ කවු ද?~~තරු~0
~~~~~~~~~~~~~~සඳ~1
~~~~~~~~~~~~~~ඉර~0
~~~~~~~~~~~~~~වළාකුළු~0
~~~~~~~~~225~~~කිරිමදු වැල් ආහාරයට ගන්නේ කවු ද?~~හාවා~0
~~~~~~~~~~~~~~ගිරවා~0
~~~~~~~~~~~~~~වසු පැටියා~1
~~~~~~~~~~~~~~ලේනා~0
46~sinhala-07-t2-l13-ep16~16~2~13~වාක්‍ය රචනය~වාක්‍ය රචනය පිළිබඳ හඳුන්වාදීමල රචනා සැකිල්ල සකස් කිරිම - 1 කොටස~වාක්‍ය රචනයක් ලියන ආකාරය අධ්‍යයනය කිරිමල රචනයක කරුණු පෙළගස්වන ආකාරය සාකච්ඡා කිරීම. (ප්‍රවේශය, ශරීරය, මධ්‍යය හෙවත් ස්කන්ධය හා අවසානය හෙවත් සමාප්තිය)~01:00:00~226~~~"යමක් රටාවකට අනුව ලියා ඉදිරිපත් කිරීම” යනුවෙන් හඳුවන්නේ කුමක් ද?~~රාජකාරි ලිපි~0
~~~~~~~~~~~~~~පෞද්ගලික ලිපි~0
~~~~~~~~~~~~~~දැන්වීම්~0
~~~~~~~~~~~~~~රචනා~1
~~~~~~~~~227~~~රචනාව සංවිධානයේ අංගයක් නොවන්නේ,~~ප්‍රවේශය  ~0
~~~~~~~~~~~~~~මාතෘකානුකූල  ~0
~~~~~~~~~~~~~~සමාලෝචනය~0
~~~~~~~~~~~~~~පුර්ව අපර සන්ධි ගැලපීම~1
~~~~~~~~~228~~~හෝර්ටන් තැන්න මුහුදු මට්ටමේ සිට කොපමණ උස ද?~~මීටර් 2000කට අධිකය~1
~~~~~~~~~~~~~~මීටර් 200කට අධිකය~0
~~~~~~~~~~~~~~මීටර් 20කට අධිකය~0
~~~~~~~~~~~~~~මීටර් 20000කට අධිකය~0
~~~~~~~~~229~~~බෝවිටියා මල්  කුමන පාටකින් යුක්ත ද?~~නිල් පැහැයකින්~1
~~~~~~~~~~~~~~සුදු පැහැයකින්  ~0
~~~~~~~~~~~~~~රතු පැහැයකින්  ~0
~~~~~~~~~~~~~~කොළ පැහැයකින්~0
~~~~~~~~~230~~~දිය සීරා ඇති තැන්වලින් පැන නැගුණ ශාකයක් නොවන්නේ,~~කූඩලු වර්ග~0
~~~~~~~~~~~~~~බිගෝනියා~0
~~~~~~~~~~~~~~කෝලියාස්~0
~~~~~~~~~~~~~~මාර~1
47~sinhala-07-t2-l13-ep17~17~2~13~වාක්‍ය රචනය~රචනා සැකිල්ල සකස් කිරිමල රචනා සැකිල්ල සකස් කිරිම - 2 කොටස~රචනයක සැකිල්ල සකස් කරන ආකාරය අධ්‍යයනය සහ රචනා කිහිපයක සැකිල්ල සකස් කිරීම.~01:00:00~231~~~හෝර්ටන් තැන්නේ පවතින දිය ඇල්ලකි,~~රාවණා~0
~~~~~~~~~~~~~~බෝපත් ඇල්ල~0
~~~~~~~~~~~~~~දුන්හිඳ~0
~~~~~~~~~~~~~~බේකර්ස් දිය ඇල්ල  ~1
~~~~~~~~~232~~~පොදු දේපළක් නොවන්නේ කුමක් ද?~~පන්සල~0
~~~~~~~~~~~~~~පාසල~0
~~~~~~~~~~~~~~රෝහල~0
~~~~~~~~~~~~~~නිමල්ගේ නිවස~1
~~~~~~~~~233~~~වැසි දිනයක් යන රචනා සැකිල්ල යටතේ යොදා ගත කරුණක් නොවන්නේ,~~වර්ෂාවට පෙර පරිසරයේ ඇති වූ වෙනස~0
~~~~~~~~~~~~~~දරුණුවට ඉර පායා තිබීම~1
~~~~~~~~~~~~~~කෙමෙන් මහා වර්ෂාවක් බවට පත් වූ ආකාරය~0
~~~~~~~~~~~~~~වර්ෂාව නිසා පරිසරයේ ඇති වූ වෙනස්කම්~0
~~~~~~~~~234~~~ පොදු දේපළ සුරැකීම” යන රචනා සැකිල්ලට අයත් නොවන කරුණ වන්නේ,~~පාසල පොදු දේපළකි.~0
~~~~~~~~~~~~~~එය රැක ගත යුතු ආකාරය  ~0
~~~~~~~~~~~~~~පරිසරය යනු කුමක් ද~1
~~~~~~~~~~~~~~ගමනාගමනය සලසන රථවාහන ආරක්ෂා කළ යුතු පිළිවෙළ  ~0
~~~~~~~~~235~~~වැඩිහිටියන් රැක බලා ගනිමු යන මාතෘකාව යටතේ රචනා සැකිල්ලට අයත් නොවන්නේ,~~වැඩිහිටියන් යනු කවුරුන් ද?  ~0
~~~~~~~~~~~~~~වැඩිහිටියන් රැක බලා ගැනීම පිළිබඳ සාකච්ඡා කිරීමට සිදු වීම~0
~~~~~~~~~~~~~~වැඩිහිටියන්ගේ අගය, ඔවුන් සමාජයට සම්පතක් වන බව~0
~~~~~~~~~~~~~~පරිසරයෙන් ඇති ප්‍රයෝජන සාකච්ඡා කිරීම~1
48~sinhala-07-t2-l13-ep18~18~2~13~වාක්‍ය රචනය~අලංකාර ඡේදයක් නිර්මාණය කිරිම හා අභ්‍යාස~අලංකාර ඡේද නිර්මාණය කරන ආකාරය සාකච්ඡා කිරීම සහ අභ්‍යාස සිදු කිරීම.~01:00:00~236~~~අවුරුදු කාලයට පිපෙන මල් වර්ගයක් වනුයේ,~~අරලිය~0
~~~~~~~~~~~~~~රෝස~0
~~~~~~~~~~~~~~ඉද්ද~0
~~~~~~~~~~~~~~එරබදු~1
~~~~~~~~~237~~~රාත්‍රී කාලයේ පිපෙන මලකි,~~කුමුදු~1
~~~~~~~~~~~~~~අරලිය~0
~~~~~~~~~~~~~~වතුසුද්ද~0
~~~~~~~~~~~~~~එරබදු~0
~~~~~~~~~238~~~"සිංහල සාහිත්‍ය නම් අහසට සඳක් වැනි ය.” ලෙස උපමාවට බදුන් වුයේ කවුද?~~රාහුල මා හිමියෝ~1
~~~~~~~~~~~~~~කුඩලිගම~0
~~~~~~~~~~~~~~සිරි ගුණසිංහ~0
~~~~~~~~~~~~~~මාර්ටින් වික්‍රමසිංහ~0
~~~~~~~~~239~~~කුරුල්ලා යන පදයට සමාන පදයකි,~~පක්ෂියා~1
~~~~~~~~~~~~~~අරවින්ද~0
~~~~~~~~~~~~~~කුමුදු~0
~~~~~~~~~~~~~~සිසි~0
~~~~~~~~~240~~~"ආහ්, සුන්දර ලක්දිව\n ගිම්හාන සාගරයේ මුතු ඇටය,\n ඔබේ දුඹුරු පැහැති දරුවන් අතර කල් ගෙවමින් ” මෙම පාඨය ඉදිරිපත් කළේ කවුද?~~හෙන්රි ස්ටීල් ඕල්කට් තුමා~1
~~~~~~~~~~~~~~අනගාරික ධර්මපාලතුමා~0
~~~~~~~~~~~~~~වලිසිංහ හරිස්චන්ද්‍ර මහතා~0
~~~~~~~~~~~~~~ඩී. ඇස්. සේනානායක මහතා~0
49~sinhala-07-t2-l13-ep19~19~2~13~වාක්‍ය රචනය~රචනා ලිවීම~මාතෘකාවට අදාලව රචනයක් ගොඩනැගීම.~01:00:00~241~~~පැණි කුරුල්ලා ආහාරයට නොගන්නේ මොනවා ද?~~බත්~0
~~~~~~~~~~~~~~පලතුරු~0
~~~~~~~~~~~~~~පැණි~0
~~~~~~~~~~~~~~මාළු~1
~~~~~~~~~242~~~තුරුලතා වලින් ඇති ප්‍රයෝජනයක් නොවන්නේ,~~පිරිසිදු ඔක්සිජන් වාතය ලබා දීම~0
~~~~~~~~~~~~~~ආහාර පාන ලබා දීම~0
~~~~~~~~~~~~~~එළිය ලබා දීම~1
~~~~~~~~~~~~~~සෙවණ ලබා දීම~0
~~~~~~~~~243~~~පරිසරය දූෂණය නොවන ක්‍රමයකි,~~ශබ්ද දූෂණය~0
~~~~~~~~~~~~~~ජල දූෂණය~0
~~~~~~~~~~~~~~වායු දූෂණය~0
~~~~~~~~~~~~~~ගස් සිටුවීම~1
~~~~~~~~~244~~~මත්ද්‍රව්‍ය භාවිතය නිසා ඇති වන ලෙඩ රෝගයක් නොවනුයේ,~~පිළිකා~0
~~~~~~~~~~~~~~හෘදයාබාධ~0
~~~~~~~~~~~~~~ඇදුම~0
~~~~~~~~~~~~~~දත් කැක්කුම~1
~~~~~~~~~245~~~ලෝක පාලක ධර්මයන් මොනවාද ?~~ලැජ්ජාව- බිය~1
~~~~~~~~~~~~~~දුක - සතුට~0
~~~~~~~~~~~~~~නින්දා - ප්‍රසංශා~0
~~~~~~~~~~~~~~සැප - දුක~0
50~sinhala-07-t2-l14-ep20~20~2~14~නිවේදනය~නිවේදන පිළිබඳ අවබෝධය හා නිවේදනයන් අසා එය ග්‍රහණය කිරීම.~නිවේදනය කරන ආකාරය අධ්‍යයනය කිරීමල කෙටි නිවේදන කිහිපයක් අසා දැනගැනීම.~01:00:00~246~~~නිවාස රැස්වීම් පැවැත්වෙන දිනය කවදා ද?~~විසි අට වනදා~1
~~~~~~~~~~~~~~විසි නව වනදා~0
~~~~~~~~~~~~~~විසි වනදා~0
~~~~~~~~~~~~~~විසි දෙවැනි දා~0
~~~~~~~~~247~~~ගැමුණු නිවාසයේ ශිෂ්‍ය ශිෂ්‍යාවන් එකතු විය යුතු ස්ථානය කුමක් ද?~~ප්‍රධාන ශාලාවට~0
~~~~~~~~~~~~~~සමාධි ශාලාවට~1
~~~~~~~~~~~~~~මෛත්‍රී ශාලාවට~0
~~~~~~~~~~~~~~බුදු මැදුර අසළට~0
~~~~~~~~~248~~~පරාක්‍රම නිවාසයේ ශිෂ්‍ය ශිෂ්‍යාවන් එකතු විය යුතු ස්ථානය කුමක් ද?~~ප්‍රධාන ශාලාවට~0
~~~~~~~~~~~~~~සමාධි ශාලාවට~0
~~~~~~~~~~~~~~මෛත්‍රී ශාලාවට~1
~~~~~~~~~~~~~~බුදු මැදුර අසළට~0
~~~~~~~~~249~~~කෘෂිකාර්මික ප්‍රදර්ශනය පැවැත්වෙන ස්ථානය කොහේ ද?~~අනුරාධපුරය~0
~~~~~~~~~~~~~~කෑගල්ල~0
~~~~~~~~~~~~~~මහනුවර~1
~~~~~~~~~~~~~~මාතර~0
~~~~~~~~~250~~~යාපනය බලා පිටත් වන්නේ කුමන දුම්රිය ද?~~යාල් දේවි දුම්රිය~1
~~~~~~~~~~~~~~පොඩි මැණිකේ දුම්රිය~0
~~~~~~~~~~~~~~ගාලු කුමාරි දුම්රිය~0
~~~~~~~~~~~~~~සමුද්‍ර දේවී දුම්රිය~0
51~sinhala-07-t2-l14-ep21~21~2~14~නිවේදනය~මාතෘකානූකූල කතා නිර්මාණය කිරීම හා අභ්‍යාස~මාතෘකාවට අදාලව කතා පවත්වන ආකාරය සාකච්ඡා කිරීම හා  පාඩමට අදාළ අභ්‍යාස සිදු කිරීම.~01:00:00~251~~~ප්‍රදර්ශන භූමිය තුළ සිටි රුවනි පැමිණියේ කොහේ සිටද?~~කෑගල්ලේ සිට~1
~~~~~~~~~~~~~~නුවර සිට~0
~~~~~~~~~~~~~~මාතර සිට~0
~~~~~~~~~~~~~~ගාල්ලේ සිට~0
~~~~~~~~~252~~~ගුරුතුමිය ළමයින්ට බහින්න එපා යැයි කියු ඉස්ටේසම කුමක් ද?~~මහනුවර~0
~~~~~~~~~~~~~~පේරාදෙණිය~1
~~~~~~~~~~~~~~නාවලපිටිය~0
~~~~~~~~~~~~~~නානු ඹය~0
~~~~~~~~~253~~~අසිත සමඟ සංවාදයේ යෙදී සිටියේ කවුද?~~කමල්~0
~~~~~~~~~~~~~~නදුන්~0
~~~~~~~~~~~~~~සමිත~1
~~~~~~~~~~~~~~කසුන්~0
~~~~~~~~~254~~~පුස්තකාල ගොඩනැගිල්ල විවෘත කිරීමේ උත්සවය පවත්වනු ලබන දිනය කවදා ද?~~ජුනි මස 30~1
~~~~~~~~~~~~~~ජුනි මස 25~0
~~~~~~~~~~~~~~ජුනි මස 03~0
~~~~~~~~~~~~~~ජුනි මස 20~0
~~~~~~~~~255~~~ප්‍රධාන ආරාධිත අමුත්තා වුයේ කවුද?~~පළාත් අධ්‍යාපන අධ්‍යක්ෂකතුමා~1
~~~~~~~~~~~~~~විදුහල්පති~0
~~~~~~~~~~~~~~අධ්‍යාපන ඇමැති~0
~~~~~~~~~~~~~~කලාප අධ්‍යාපන අධ්‍යක්ෂකි~0
52~sinhala-07-t2-l14-ep22~22~2~14~නිවේදනය~මාතෘකානූකූල කතා නිර්මාණය කිරීම හා අභ්‍යාස~මාතෘකාවට අදාලව කතා පවත්වන ආකාරය සාකච්ඡා කිරීම හා  පාඩමට අදාළ අභ්‍යාස සිදු කිරීම.~01:00:00~256~~~මාතෘකානුකූල කතා වල ප්‍රධාන ලක්ෂණයක් නොවන්නේ මින් කුමක් ද?~~අර්ථවත් බව~0
~~~~~~~~~~~~~~පැහැදිලි බව~0
~~~~~~~~~~~~~~කෑගැසීම  ~1
~~~~~~~~~~~~~~හඬ පාලනය  ~0
~~~~~~~~~257~~~කියවීමේ  අගය වන මාතෘකාව යටතේ කතාව සැකසීමේ දී අඩංගු නොවිය යුතු කරුණ කුමක් ද?~~කියවීම හොඳ පුරුද්දක් බව කියා දීම~0
~~~~~~~~~~~~~~කියවීමේ ඇති යහපත් ප්‍රතිථල කියා දීම~0
~~~~~~~~~~~~~~අසල්වැසියන් සමඟ නිතරම කියවිය යුතු බව~1
~~~~~~~~~~~~~~කියවීම මගින් මිනිසා සම්පුර්ණ වන බව කියා දීම.~0
~~~~~~~~~258~~~වැඩිහිටියන්ට ගරු කරමු යන මාතෘකාව යටතේ කතාව සැකසීමේ දී අඩංගු නොවිය යුතු කරුණ කුමක් ද?~~වැඩිහිටියන් යනු කවුද?~0
~~~~~~~~~~~~~~සුරතලාට ආදරය දැක්වීම~1
~~~~~~~~~~~~~~වැඩිහිටියන් රැක ගැනීම~0
~~~~~~~~~~~~~~වැඩිහිටියන්ට වර්තමානයේ සිදු වී ඇති දේ~0
~~~~~~~~~259~~~ලංකාවේ වාරි කර්මාන්තය යන මාතෘකාව යටතේ කතාව සැකසීමේ දී අඩංගු නොවිය යුතු කරුණ කුමක් ද?~~වාරි කර්මාන්තය පිළිබඳ හඳුන්වා දීම~0
~~~~~~~~~~~~~~අතීත රජවරු කළ වැව් කිහිපයක් පිළිබඳ කතා කිරීම~0
~~~~~~~~~~~~~~ලංකාවේ වාරි තාක්ෂණයේ විශිෂ්ටත්වය ගැන කතා කිරීම~0
~~~~~~~~~~~~~~1818 කැරැල්ල ගැන කතා කිරීම~1
~~~~~~~~~260~~~පරිසරය සුරකිමු යන මාතෘකාව යටතේ කතාව සැකසීමේ දී අඩංගු නොවිය යුතු කරුණ කුමක් ද?~~පරිසරයට අයත් අංග හඳුන්වා දීම~0
~~~~~~~~~~~~~~පරිසරය විනාශ කරන ආකාරය~0
~~~~~~~~~~~~~~පරිසරය රැක ගැනීමට කළ යුතු දේවල් මොනවා ද?~0
~~~~~~~~~~~~~~ගංවතුරින් අසරණ වුවන්ට පිහිට වෙන්න~1
53~sinhala-07-t2-l15-ep23~23~2~15~ලොවට තර්ජනයක් වන විද්‍යුත් අපද්‍රව්‍ය~නිර්දේශිත පාඩම කියවීම හා අවබෝධය~ඉලෙක්ට්‍රොනික අපද්‍රව්‍ය පිළිබඳව යනු මෙනෙවා ද? ඒවා වර්ග, එහි අහිතකර බලපෑම සහ අහිතකර බලපෑම් අවම කර ගන්නා ආකාරය සාකච්ඡා කිරීම හා අරුත් පැහැදිලි කිරීම.~01:00:00~261~~~වසරකට ඉලෙක්ට්‍රෝනික අපද්‍රව්‍ය කොපමණ ප්‍රමාණයක් පරිසරයට මුදා හරිනු ලැබේ ද?~~ටොන් මිලියන 40කට වඩා~1
~~~~~~~~~~~~~~ටොන් මිලියන 30කට වඩා~0
~~~~~~~~~~~~~~ටොන් මිලියන 20කට වඩා~0
~~~~~~~~~~~~~~ටොන් මිලියන 40කට වඩා~0
~~~~~~~~~262~~~සංවර්ධිත රටවල් විසින් නිපදවන පරිගණක ප්‍රමාණයෙන් කොපමණක් බැහැර කරයි ද?~~50%ක්~1
~~~~~~~~~~~~~~60%ක~0
~~~~~~~~~~~~~~40%ක~0
~~~~~~~~~~~~~~20%ක~0
~~~~~~~~~263~~~නිරන්තරයෙන් පරිසරයට එකතු වන අපද්‍රව්‍යයක් නොවන්නේ මින් කුමක් ද?~~ප්‍රතිදීප්ත පහන්~0
~~~~~~~~~~~~~~සංයුක්ත තැටි   ~0
~~~~~~~~~~~~~~රත්තරන්~1
~~~~~~~~~~~~~~රූපවාහිනී යන්ත්‍ර  ~0
~~~~~~~~~264~~~හරිතාගාර වායුවක් වන්නේ මින් කුමක් ද?~~ඔක්සිජන්~0
~~~~~~~~~~~~~~සල්ෆර්~0
~~~~~~~~~~~~~~මීතෙන්~1
~~~~~~~~~~~~~~නයිට්‍රජන්~0
~~~~~~~~~265~~~වැළඳෙන රෝගාබාධ අතර රෝගයක් නොවන්නේල~~ස්නායු පද්ධතියේ අක්‍රමිකතා~0
~~~~~~~~~~~~~~පිළිකා රෝග~0
~~~~~~~~~~~~~~හෘද රෝග~1
~~~~~~~~~~~~~~ප්‍රජනන පද්ධතිවල අක්‍රමිකතා~0
54~sinhala-07-t2-l15-ep24~24~2~15~ලොවට තර්ජනයක් වන විද්‍යුත් අපද්‍රව්‍ය~පුවත්පත් ලිපි පිළිබඳ හැඳින්වීම~අවබෝධය සඳහා කෙටි අභ්‍යාස කිරීම, පුවත්පත් ලිපි පිළිබඳ අධ්‍යයනය කිරීම, පුවත්පත් ලිපි ලිවීම හා එහි අරමුණ ඉගනගැනීම.~01:00:00~266~~~ඉලෙක්ට්‍රෝනික අපද්‍රව්‍යවලින් පරිසරයට විය හැකි හානි අවම කළ නොහැක්කේ කුමන ක්‍රියා මාර්ග භාවිතයෙන් ද?  ~~අලුත්වැඩියා කර නැවත භාවිතය  ~0
~~~~~~~~~~~~~~ද්‍රව්‍ය අනාරක්ෂිත අයුරින් පරිසරයට මුදා නො හැරීම  ~0
~~~~~~~~~~~~~~ඉලෙක්ට්‍රෝනික හා විද්‍යුත් උපකරණ වැඩි වශයෙන්  මිල දී ගැනීම~1
~~~~~~~~~~~~~~නැවත භාවිතයට ගත නො හැකි උපකරණ ප්‍රතිචක්‍රීකරණයට යොමු කිරීම~0
~~~~~~~~~267~~~ලිපි ලිවීමේ  සැලකිලිමත් නොවිය යුතු කරුණ මොකක් ද?~~නිර්මාණාත්මක බව  ~0
~~~~~~~~~~~~~~මාතෘකාවට අදාළ බව~0
~~~~~~~~~~~~~~පාඨකයාගේ සිත් ඇද ගන්නාසුලු බව  ~0
~~~~~~~~~~~~~~ලිපිය කුමන පාඨක පිරිසක් සඳහා ද යන වග සඳහන් නොකළ යුතුය  ~1
~~~~~~~~~268~~~ඌවේ කරන ලද ව්‍යාපෘති ගණන කීයද?~~833~1
~~~~~~~~~~~~~~823~0
~~~~~~~~~~~~~~822~0
~~~~~~~~~~~~~~824~0
~~~~~~~~~269~~~ලැබීමට ඇති ප්‍රතිපාදන ප්‍රමාණය කොපමණ ද?~~මිලියන 3000 ක~1
~~~~~~~~~~~~~~මිලියන 2000 ක~0
~~~~~~~~~~~~~~මිලියන 1000 ක~0
~~~~~~~~~~~~~~මිලියන 300 ක~0
~~~~~~~~~270~~~ලැප්ටොප් පරිගණක ලබා දීමට තීරණය කර ඇති ද්විතීක පාසල් ගණන කොපමණ ද?~~665~1
~~~~~~~~~~~~~~565~0
~~~~~~~~~~~~~~656~0
~~~~~~~~~~~~~~100~0
55~sinhala-07-t2-l15-ep25~25~2~15~ලොවට තර්ජනයක් වන විද්‍යුත් අපද්‍රව්‍ය~පුවත්පත් ලිපියක් නිර්මාණය හා බිත්ති පුවත්පතක් නිර්මාණය~බිත්ති පුවත්පත් වර්ග, බිත්ති පුවත්පත් සකස් කිරීමේ දී සැලකිලිමත් විය යුතු කරුණුල බිත්ති පුවත්පත් තුළ ඇතුලත් කරන නිර්මාණ පිළිබඳ සාකච්ඡා‌ කිරීම හා බිත්ති පුවත්පත් නිර්මාණය කිරීම.~01:00:00~271~~~බිත්ති පුවත් පතක් යනුවෙන් හැඳින්වෙන්නේ …..................................  හිස්තැනට නොගැළපෙන පිළිතුර වන්නේ~~බිත්තියක රඳවන ලද විශේෂ පුවරුවක්~0
~~~~~~~~~~~~~~බිත්තියේ අලවන ලද දළ කඩදාසියක්~0
~~~~~~~~~~~~~~මුද්‍රණය කරන ලද ග්‍රන්ථයකි~1
~~~~~~~~~~~~~~විවෘතව ප්‍රදර්ශනයට තබා ඇති නිර්මාණාත්මක ප්‍රකාශනයකි.~0
~~~~~~~~~272~~~බිත්ති පුවත් පත් දක්නට ලැබෙන ස්ථානයක් නොවන්නේ~~පාසල්වල~0
~~~~~~~~~~~~~~උසස් අධ්‍යාපන ආයතන~0
~~~~~~~~~~~~~~ඇතැම් කාර්යාල පරිශ්‍රයන්හි  ~0
~~~~~~~~~~~~~~දුම්රිය තුළ~1
~~~~~~~~~273~~~බිත්ති පුවත් පතකට  ඇතුළත් කළ නොහැකි  අංගයක් වනුයේ කුමක් ද?~~විවිධ තොරතුරු~0
~~~~~~~~~~~~~~ගද්‍ය ලිපි  ~0
~~~~~~~~~~~~~~කෙටිකතා~0
~~~~~~~~~~~~~~නවකතා~1
~~~~~~~~~274~~~බිත්ති පුවත්පතක් සකස් කිරීමේ දී සැලකිල්ලට නොගන්නා කරුණ වන්නේ~~බිත්ති පුවත්පත දිනපතා පත්‍රයක මුල් පිටුවේ ආකෘතිය අනුව සකස් කිරීම සුදුසු ය.~0
~~~~~~~~~~~~~~ඉහළින් ම බිත්ති පුවත්පතේ නම හා පළ කරන්නේ කවුරු ද, දිනය ආදි තොරතුරු~0
~~~~~~~~~~~~~~බිත්ති පුවත්පතකට සංස්කාරකවරයකු හෝ සංස්කාරක මණ්ඩලයක් හෝ නොසිටිය යුතු ය.  ~1
~~~~~~~~~~~~~~විවිධ මාතෘකා යටතේ ලියැවුණු ලිපි, නිර්මාණ ආදිය පහළට තීරු වශයෙන් වෙන් කර ලිවීම.~0
~~~~~~~~~275~~~දළදා වහන්සේ අපට අයිති වූයේ මොන රජුගේ කාලයේ දී ද?~~නිශ්ශංකමල්ල රජුගේ කාලයේ~0
~~~~~~~~~~~~~~දුටුගැමුණු රජුගේ කාලයේ~0
~~~~~~~~~~~~~~කීර්ති ශ්‍රී මේඝවර්ණ රජුගේ කාලයේ~1
~~~~~~~~~~~~~~විජය රජුගේ කාලයේ~0
56~sinhala-07-t2-l15-ep26~26~2~15~ලොවට තර්ජනයක් වන විද්‍යුත් අපද්‍රව්‍ය~සඟරා පිළිබඳ හඳුන්වාදීම~සඟරාවක් සඳහා ලිපි ලිවීම පිළිබඳ අධ්‍යයනය කිරීම.~01:00:00~276~~~සඟරාවක් නිකුත් කෙරෙන වාරයන්  නොවන්නේ මොනවා ද?~~දිනපතා~1
~~~~~~~~~~~~~~මාසයක්~0
~~~~~~~~~~~~~~මාස හයකට~0
~~~~~~~~~~~~~~අවුරුද්ද~0
~~~~~~~~~277~~~පුවත්පතකට ලිපියක් ලිවීමට වඩා ත්‍වත්‍වත්‍වග ලෙස සඟරාවකට ලිපියක් ලිවීමට හැකි ය.  හිස්තැනට සුදුසු පදය තෝරා ලියන්න~~නිදහස්~1
~~~~~~~~~~~~~~සරල~0
~~~~~~~~~~~~~~රළු~0
~~~~~~~~~~~~~~මෘදු~0
~~~~~~~~~278~~~සඟරා පළ කළ හැකි ආකාරයක් නොවන්නේල~~පන්ති වශයෙන්~0
~~~~~~~~~~~~~~නිවාස වශයෙන්~1
~~~~~~~~~~~~~~විෂය වශයෙන්~0
~~~~~~~~~~~~~~සංගම් වශයෙන්~0
~~~~~~~~~279~~~උඩරට ගිවිසුම අත්සන් කෙරුණේ කවදා ද?~~1819~0
~~~~~~~~~~~~~~1815~1
~~~~~~~~~~~~~~1816~0
~~~~~~~~~~~~~~1817~0
~~~~~~~~~280~~~නිදහස දිනා ගැනීමේ මාවතට පැමිණි අයෙක් නොවන්නේ කවුද?~~සර් ඩී.බී‘ ජයතිලක~0
~~~~~~~~~~~~~~එෆ්. ආර්. සේනානායක~0
~~~~~~~~~~~~~~ඩී. එස් සේනානායක~0
~~~~~~~~~~~~~~පණී භාරත~1
57~sinhala-07-t2-l15-ep27~27~2~15~ලොවට තර්ජනයක් වන විද්‍යුත් අපද්‍රව්‍ය~පද බෙදීම~පද පිළිබඳ සාකච්ඡා කිරීම, පද බෙදෙන මූලික කොටස් තුන පිළිබඳ අධ්‍යයනය සහ අභ්‍යාස සිදු කිරීම.~01:00:00~281~~~බසෙහි ඇති පද මූලික වශයෙන් ප්‍රධාන කොටස් තුනකි. ඒවාට අයත් නොවන්නේ~~නාම පද~0
~~~~~~~~~~~~~~ක්‍රියා පද~0
~~~~~~~~~~~~~~අව්‍යය පද~0
~~~~~~~~~~~~~~නාම නාම~1
~~~~~~~~~282~~~වචනයක අගට එක් වී අර්ථ වෙනස් කිරීමට හේතු වන භාෂා කොටස හදුන්වන නාමය වනුයේ~~ප්‍රත්‍යය~1
~~~~~~~~~~~~~~පද~0
~~~~~~~~~~~~~~උපසර්ග~0
~~~~~~~~~~~~~~විශේෂණ~0
~~~~~~~~~283~~~උපගුරු, පිළිතුරු, අවශේෂ  යන මෙම පද වල උපසර්ග පිළිවළින් ඇති වරණය තෝරන්න.~~උප,  අව, තුරු~0
~~~~~~~~~~~~~~තුරු, උප, අව~0
~~~~~~~~~~~~~~උප, පිළි, අව~1
~~~~~~~~~~~~~~අව, පිළි, උප   ~0
~~~~~~~~~284~~~පරසිරිතට, සුසිරිත, නිවහල් යන මෙම පද වල උපසර්ග පිළිවළින් ඇති පිළිතර වන්නේල~~පර, සු, ත~0
~~~~~~~~~~~~~~සු, පර, තු~0
~~~~~~~~~~~~~~තු, සු, නි~0
~~~~~~~~~~~~~~පර,සු, නි~1
~~~~~~~~~285~~~එස්. මහින්ද හිමියන් විසින් රචනා කරන ලද ජාතික අනු රාගය දනවන කවි කියවීමෙන් ජාතික අභිමානය පිළිබ අනුවේදනීය හැඟීම් පිබිදෙයි. මෙම වාක්‍යයේ ඇති නිවැරදි පද බෙදීමක් නොමැති වචනය කුමක් ද?~~හිම්යන්~0
~~~~~~~~~~~~~~අනුවේදනීය~0
~~~~~~~~~~~~~~අනු රාගය~1
~~~~~~~~~~~~~~අභිමානය~0
58~sinhala-07-t2-l16-ep28~28~2~16~සකි සඳ පෙනේ සමනොළ ගල නැගෙනහිර~ශ්‍රී පාදය පිළිබඳ ඓතිහාසික තොරතුරු~ශ්‍රී පාදස්ථානය පිළිබඳ ඓතිහාසික තොරතුරු සාකච්ඡා කිරීම හා ඒ ආශ්‍රිත තොරතුරු සාකච්ඡා කිරීම.~01:00:00~286~~~  සමනොළ කන්ද” බැතිමත්තු මෙය ශුද්ධ පර්වතයක් සේ සලකති. එසේ සලකනු නොලබන්නේල~~බෞද්ධ~0
~~~~~~~~~~~~~~හින්දු~0
~~~~~~~~~~~~~~ඉස්ලාම්~0
~~~~~~~~~~~~~~ඇමෙරිකානු~1
~~~~~~~~~287~~~සමන්ත කූටයට බුදුරදුන් වැඩම කළේ ලංකාවට වැඩි කී වැනි වතාවේ ද?~~පළමු~0
~~~~~~~~~~~~~~තෙවැනි~1
~~~~~~~~~~~~~~දෙවැනි~0
~~~~~~~~~~~~~~සිව්වැනි~0
~~~~~~~~~288~~~මුහුදු මට්ටමේ සිට උස කොපමණ ද?~~අඩි හත්දහස් තුන්සිය හැටක්~1
~~~~~~~~~~~~~~අඩි හාරදහස් තුන්සිය හැටක්~0
~~~~~~~~~~~~~~අඩි හත්දහස්  හැටක්~0
~~~~~~~~~~~~~~අඩි හත්දහස් තුන්සියක්~0
~~~~~~~~~289~~~ගල් පඩි කප්පවා යකඩ දම්වැල් සවි කර සිරිපා මළුවට නැංගේ කවුද?~~විජය රජු~0
~~~~~~~~~~~~~~මහා ඇලෙක්සැන්ඩර් රජු~1
~~~~~~~~~~~~~~මහා පරාක්‍රමබාහු රජු~0
~~~~~~~~~~~~~~මහා විජයබාහු රජු~0
~~~~~~~~~290~~~හින්දු භක්තියකින් සමනොළ කන්දට කියන නම කුමක් ද?~~ශිවනොළි පාදම්~1
~~~~~~~~~~~~~~ශ්‍රි පාදය~0
~~~~~~~~~~~~~~සිරිපා~0
~~~~~~~~~~~~~~සමනොළ ගිර~0
59~sinhala-07-t2-l16-ep29~29~2~16~සකි සඳ පෙනේ සමනොළ ගල නැගෙනහිර~ශ්‍රී පාදය පිළිබඳ තොරතුරු~ශ්‍රී පාදස්ථානය පිළිබඳ තවදුරටත්  තොරතුරු සාකච්ඡා කිරීම හා සිරිපා වන්දනා කරන සැදැහැවතුන් විසින් ව්‍යවහාර කරන විශේෂ වචන පිළිබඳ අධ්‍යයනය කිරීම.~01:00:00~291~~~ප්‍රථම වතාවට සිරිපා වඳින්ට යන තැනත්තා හදුන්වන නාමය කුමක් ද?~~නඩේ ගුරාය  ~0
~~~~~~~~~~~~~~නායකයා~0
~~~~~~~~~~~~~~කෝඩුකාරයා~1
~~~~~~~~~~~~~~බැතිමතුන්~0
~~~~~~~~~292~~~සිරිපා ගමනේ දී  ස්නානය කරන ස්ථානය කුමක් ද?~~ගෙත්තම්පාන~0
~~~~~~~~~~~~~~සීත ගඟුල~1
~~~~~~~~~~~~~~ලිහිණිහෙළ~0
~~~~~~~~~~~~~~ඉදි කටුපාන~0
~~~~~~~~~293~~~පෙර රජ දරුවන් ශ්‍රී පාදස්ථානයට ගම්වර පූජා කළ බවට ඇති සෙල්ලිපියක් නොවන්නේල~~අඹගමු සෙල්ලිපිය~0
~~~~~~~~~~~~~~ගිලීමලේ සෙල්ලිපිය~0
~~~~~~~~~~~~~~ශ්‍රී නිශ්ශංකමල්ල සෙල්ලිපිය~0
~~~~~~~~~~~~~~ටැම්පිට සෙල්ලිපිය~1
~~~~~~~~~294~~~වැලිවිට සරණංකර සංඝරාජයාණන් වහන්සේට ශ්‍රී පාදස්ථානය  තඹ සන්නසකින් පවරා දුන්නේ කවුද?~~කීර්ති ශ්‍රී රාජසිංහ~1
~~~~~~~~~~~~~~ශ්‍රී වික්‍රම රාජසිංහ~0
~~~~~~~~~~~~~~රාජාධිරාජසිංහ~0
~~~~~~~~~~~~~~සමුද්‍ර ගුප්ත~0
~~~~~~~~~295~~~කෙම්මුර දිනවල විශේෂ තේවාවන් සිදු කර ශ්‍රී පාද ලාංඡනයට පූජෝපහාර පැවැත්වීම චාරිත්‍රයකි. කෙම්මුර දින වනුයේල~~බදාදා හා සෙනසුරාදා~1
~~~~~~~~~~~~~~බදාදා හා සිකුරාදා~0
~~~~~~~~~~~~~~සදුදා හා අඟහරුවාදා~0
~~~~~~~~~~~~~~සෙනසුරාදා හා ඉරිදා~0
60~sinhala-07-t2-l16-ep30~30~2~16~සකි සඳ පෙනේ සමනොළ ගල නැගෙනහිර~තනිපද හඳුන්වා දීම හා අභ්‍යාස~තනි පද පිළිබඳ හැඳින්වීමල තනි පද හඳුනා ගැනීම හා අවබෝධය සඳහා අභ්‍යාස කිරීම.~01:00:00~296~~~සුරලොව යනු කුමක් ද?~~සුදු පාට ලොවක්~0
~~~~~~~~~~~~~~දෙවියන් වැඩ වසන ලෝකය  ~1
~~~~~~~~~~~~~~වැඩ වසන ලෝකය  ~0
~~~~~~~~~~~~~~මිනිසුන් වැඩ වසන ලෝකය  ~0
~~~~~~~~~297~~~ශෛලමය යනුවෙන් හදුන්වන්නේ මොකක් ද?~~ගලින් කරන ලද~1
~~~~~~~~~~~~~~රිදියෙන් කරන ලද~0
~~~~~~~~~~~~~~යකඩින් කරන ලද  ~0
~~~~~~~~~~~~~~දැවයෙන් කරන ලද~0
~~~~~~~~~298~~~මඩෙහි උපන් යනු කුමක් ද?~~අමිල~0
~~~~~~~~~~~~~~ජලජ~0
~~~~~~~~~~~~~~පංකජ~1
~~~~~~~~~~~~~~ගැමියා~0
~~~~~~~~~299~~~සපත්තු මහන තැනැත්තා හඳුන්වන නම කුමක් ද?~~සන්නාලියා~0
~~~~~~~~~~~~~~අරක්කැමියා~0
~~~~~~~~~~~~~~සපතේරුවා~1
~~~~~~~~~~~~~~ධීවරයා~0
~~~~~~~~~300~~~ගොපල්ලා යනු කවුද?~~වතුපිටි බලන තැනැත්තා~0
~~~~~~~~~~~~~~රන් බඩු සාදන්නා~0
~~~~~~~~~~~~~~ආහාර පිසින තැනැත්තා~0
~~~~~~~~~~~~~~ගවයන් බලන තැනැත්තා~1
61~sinhala-07-t3-l17-ep01~1~3~17~සුදන ගුණ~සාහිත්‍ය තුළින් උපදේශ ලබා දීම‍ හා උපදේශ ග්‍රන්ථ පිළිබඳ හැඳින්වීම.~සුදන ගුණ(හොඳ ගතිගුණ) පිළිබඳව හැඳින්වීම, යහපත් ජීවිතය සහ ආචාරධර්ම සම්බන්ධ අදහස් සාකච්ඡා කිරීම, සුදන ගුණ පිළිබඳව අන්තර්ගත ලෝවැඩ සඟරාව, සුභාෂිතය හා ලෝකෝපකාරය පිළිබඳව කෙටියෙන් හැඳින්වීම.~01:00:00~301~~~උපදේශ යන වචනයට අදාළ නොවන වචනයක් වන්නේ,~~අවවාද කිරීම~0
~~~~~~~~~~~~~~උපදෙස් දීම~0
~~~~~~~~~~~~~~පෙන්වා දීම~0
~~~~~~~~~~~~~~නැටීම~1
~~~~~~~~~302~~~උපදේශ කාව්‍යයක් නොවන්නේ මින් කුමක් ද?~~ලෝවැඩ සඟරාව~0
~~~~~~~~~~~~~~සුභාෂිතය~0
~~~~~~~~~~~~~~ලෝකෝපකාරය~0
~~~~~~~~~~~~~~සැළලිහිණි සන්දේශය~1
~~~~~~~~~303~~~ලෝවැඩ සඟරාව රචනා කළේ  කවුද?~~වීදාගම මෛත්‍රී ස්වාමින් වහන්සේ~1
~~~~~~~~~~~~~~අලගියවන්න මුකවෙටි පඬ්තුමා~0
~~~~~~~~~~~~~~රණස්ගල්ලේ හිමි~0
~~~~~~~~~~~~~~වේදේහ හිමි~0
~~~~~~~~~304~~~සුභාෂිතය රචනා කළේ කවුද?~~වීදාගම මෛත්‍රී ස්වාමින් වහන්සේ~0
~~~~~~~~~~~~~~අලගියවන්න මුකවෙටි පඬිතුමා~1
~~~~~~~~~~~~~~රණස්ගල්ලේ හිමි~0
~~~~~~~~~~~~~~වේදේහ හිමි~0
~~~~~~~~~305~~~ලෝකෝපකාරය රචනා කළේ කවුද?~~වීදාගම මෛත්‍රී ස්වාමින් වහන්සේ~0
~~~~~~~~~~~~~~අලගියවන්න මුකවෙටි පඬිතුමා~0
~~~~~~~~~~~~~~රණස්ගල්ලේ හිමි~1
~~~~~~~~~~~~~~වේදේහ හිමි~0
62~sinhala-07-t3-l17-ep02~2~3~17~සුදන ගුණ~තිරුක්කුරල් උපදේශ ග්‍රන්ථය අධ්‍යනය‍ හා උපදේශයන් ලැයිස්තු ගත කිරීම‍~තිරුක්කුරල් නම් දෙමළ උපදේශ කාව්‍ය සංග්‍රහය පිළිබඳව හැඳින්වීම, එහි ඇතුලත් පද්‍ය තේරුම් සමඟින් අධ්‍යයනය කිරීම හා අභ්‍යාස සිදු කිරීම‍.~01:00:00~306~~~තිරුක්කුරල් යන උපදේශ කාව්‍ය ග්‍රන්ථය අයත් වනුයේ,~~සිංහල උපදේශ කාව්‍ය ගණයට~0
~~~~~~~~~~~~~~දෙමළ උපදේශ කාව්‍ය ගණයට~1
~~~~~~~~~~~~~~අරාබි උපදේශ කාව්‍ය ගණයට~0
~~~~~~~~~~~~~~සංස්කෘතික උපදේශ කාව්‍ය ගණයට~0
~~~~~~~~~307~~~තිරුක්කුරල් ග්‍රන්ථයේ ඇතුළත් උපදේශ පද්‍ය සංඛ්‍යාව කොපමණ ද?~~1330 කි.~1
~~~~~~~~~~~~~~1030 කි.~0
~~~~~~~~~~~~~~1300 කි.~0
~~~~~~~~~~~~~~330 කි.~0
~~~~~~~~~308~~~චාල්ස් ද සිල්වා මහතාගේ තිරුක්කුරල් පරිවර්තනය හඳුන්වන නාමය කුමක් ද?~~සිරි ගීය~1
~~~~~~~~~~~~~~සිරි සිරි~0
~~~~~~~~~~~~~~උදය සිරි~0
~~~~~~~~~~~~~~ගීය සිරි~0
~~~~~~~~~309~~~තිරුක්කුරල් පරිවර්තනය කළ තවත් අයෙකි,~~වීදාගම මෛත්‍රී ස්වාමින් වහන්සේ~0
~~~~~~~~~~~~~~අලගියවන්න මුකවෙටි පඬ්තුමා~0
~~~~~~~~~~~~~~රණස්ගල්ලේ හිමි~0
~~~~~~~~~~~~~~ගොරොක්ගොඩ මිසිහාමි~1
~~~~~~~~~310~~~ලබන පල නොසිතා - ..................................... \n මනින්නට හැකි නම් - මහා මුහුදට වැඩි විශාලයි , හිස්තැනට ආ යුතු පදය තෝරන්න.~~කළ උපකාර වූ නම් එය~0
~~~~~~~~~~~~~~කළ උදව්වෙහි හොඳ බව~1
~~~~~~~~~~~~~~අමතක වීම නරකයි අගුණ~0
~~~~~~~~~~~~~~බිඳලුව නමුදු හැම ගුණ කළ~0
63~sinhala-07-t3-l17-ep03~3~3~17~සුදන ගුණ~ලෝකෝපකාර උපදේශ ග්‍රන්ථය අධ්‍යනය කිරිම උපදේශන ලැයිස්තු ගත කිරීම‍~ලෝකෝපකාරය පිළිබඳ හැඳින්වීම එහි ඇතුළත් පද්‍ය තේරුම් සහිතව සාකච්ඡා කිරීම.~01:00:00~311~~~ලෝකෝපකාරයේ පවතින කවි ගණන කීයද?~~238~1
~~~~~~~~~~~~~~236~0
~~~~~~~~~~~~~~233~0
~~~~~~~~~~~~~~232~0
~~~~~~~~~312~~~ඉසුරෙන් පිරිහුණත් සුදන \n තම ගුණය අඩු නො කරත් \n ……………………………………………. \n අගය අඩු නොවන මෙන් , කවියේ හිස්තැන් සම්පුර්ණ කරන්න.~~සුදනෝ තම සිරිත්   කළවුන්~0
~~~~~~~~~~~~~~තමන් ලෙස ම සලකත් පහනින්~0
~~~~~~~~~~~~~~බිඳුණත් රන් බඳුන  ඇති බර~1
~~~~~~~~~~~~~~මෙත් අඩු නොවී පවතියි~0
~~~~~~~~~313~~~රන් බඳනෙහි කෙසර තෙල්  \n ……………………………………………. \n උතුමන් හද සපිරි කුලුණු \n මෙත් අඩු නොවී පවතියි , කවියේ හිස්තැන් සම්පුර්ණ කරන්න.~~සුදනෝ තම සිරිත්   කළවුන්~0
~~~~~~~~~~~~~~තමන් ලෙස ම සලකත් පහනින්~0
~~~~~~~~~~~~~~අඩු නොවී පවතින      මෙන්~1
~~~~~~~~~~~~~~බබළන විලස්නෙන්~0
~~~~~~~~~314~~~………………………………………….. \n ම වැඩ පමුණුවන මෙන් \n සුදනන් ලත් ඉසුරු සව් \n සතට වැඩ වේ ය නිතියෙන් , කවියේ හිස්තැන් සම්පුර්ණ කරන්න~~අඩු නොවී පවතින      මෙන්~0
~~~~~~~~~~~~~~බබළන විලස්නෙන්~0
~~~~~~~~~~~~~~මේග ගං පල තුරු  පරහට~1
~~~~~~~~~~~~~~තමන් ලෙස ම සලකත් පහනින්~0
~~~~~~~~~315~~~කුමුදු මල් පිපෙනු දැක පරවෙන මල් ජාතිය කුමක් ද?~~අරලිය මල්~0
~~~~~~~~~~~~~~රෝස මල්~0
~~~~~~~~~~~~~~නෙළුම් මල්~1
~~~~~~~~~~~~~~පිච්ච මල්~0
64~sinhala-07-t3-l17-ep04~4~3~17~සුදන ගුණ~සුදන ගුණ යනුවෙන් බිත්ති පුවත්පතකට ලිපියක් ලිවීම~සුදන ගුණ මොනවාද යන්න හැඳින්වීම, සුභාෂිතයෙහි ඇතුලත් පද්‍ය හා එහි තේරුම් පැහැදිලි කිරීම.~01:00:00~316~~~සුදන ගුණයක් නොවන්නේ මින් කුමක් ද?~~තමාට උපකාරයක් නොකළ අයට උදව් උපකාර කිරීම.~0
~~~~~~~~~~~~~~උදව් උපකාර කළ විට එය මතක් නොකිරීම.~1
~~~~~~~~~~~~~~කළගුණ සැලකීම.~0
~~~~~~~~~~~~~~ලැබෙන ප්‍රයෝජන ගැන සිතා උදව් කිරීම සිදු නොකිරීම.~0
~~~~~~~~~317~~~නොමින් ලොව සියලු දේ දක්නා ඇසට \n තමන් සැටි මඳක් වත් නොපෙනෙන ලෙසට , මෙම කවි පේළි ද්විත්වය සඳහන් වන කවි පොත කුමක් ද?~~ලෝවැඩ සඟරාව~0
~~~~~~~~~~~~~~සිරිත් මල් දම~0
~~~~~~~~~~~~~~සුභාෂිතය~1
~~~~~~~~~~~~~~ගුත්තිල කාව්‍ය~0
~~~~~~~~~318~මෙම කවියෙහි හිස්තැන් පුරවන්න.~~කුලුණු ගුණයෙන් යුතු උතුමන් සිත මහරු \n …………………………………………………. \n නව රුවනින් පිරිමහ සමුදුරු ගැඹුරු \n තණ සුලෙකින් හුණු කළ හැකි වෙති කවුරු~~තමන් සැටි මඳක් වත් නොපෙනෙන   ලෙසට~0
~~~~~~~~~~~~~~බරණිඳු ගෙල වසන නා රද  වෙමින්     ගරු~0
~~~~~~~~~~~~~~අනත වෙහෙස ලදුවත් නොම වෙති     දුඟද~0
~~~~~~~~~~~~~~දුදන බසින් නොයදෙයි කරනට          නපුරු~1
~~~~~~~~~319~මෙම කවියෙහි හිස්තැන් පුරවන්න.~~පරසිඳු පබු දනන් සෙවි පමණින් මහරු \n බෙලෙනිඳු මඳ වුවත් නො කෙරෙති රුපුන් සරු \n …………………………………………… \n ගුරුළිඳු අතින් ඇසි කිම යහළු තොරතුරු~~අනත වෙහෙස ලදුවත් නොම වෙති      දුඟද~0
~~~~~~~~~~~~~~නව රුවනින් පිරිමහ සමුදුරු           ගැඹුරු~0
~~~~~~~~~~~~~~නොමින් ලොව සියලු දේ දක්නා         ඇසට~0
~~~~~~~~~~~~~~බරණිඳු ගෙල වසන නා රද  වෙමින්             ගරු~1
~~~~~~~~~320~මෙම කවියෙහි හිස්තැන් පුරවන්න.~~අමිත ගුණ නුවණ යුතු උතුමන් පබැදි \n අනත වෙහෙස ලදුවත් නොම වෙති දුඟද \n ……………………………………………. \n සිඳිත මඬිත එක ලෙස පැතිරෙයි සුවඳ~~නව රුවනින් පිරිමහ සමුදුරු           ගැඹුරු~0
~~~~~~~~~~~~~~නොමින් ලොව සියලු දේ දක්නා         ඇසට~0
~~~~~~~~~~~~~~බරණිඳු ගෙල වසන නා රද  වෙමින්     ගරු~0
~~~~~~~~~~~~~~දිගත පතළ සුවදැති සොඳ සදුන්         කඳ~1
65~sinhala-07-t3-l18-ep05~5~3~18~මා දුටු මුල් හිරු පෙන්නූ ලංකා~දේශාභිමානය පිළිබඳ හැඳින්වීම හා පද්‍ය පෙළ අධ්‍යනය~කරුණාරත්න අමරසිංහ රචකයාගේ චරිතය පිළිබඳ හැඳින්වීම, ශ්‍රී ලංකාව පිළිබඳව සහ එහි අභිමානය දේශානුරාගය ජනිත වන  'මා දුටු හිරු පෙන්වූ ලංකා' ගීතය පිළිබඳ හැඳින්වීම හා ගීතයේ සරල අර්ථය කියාදීම.~01:00:00~321~~~දේශාභිමානය යන පදයට සමාන නොවන පදයකි,~~දේශය පිළිබඳ ආඩම්බරය~0
~~~~~~~~~~~~~~ගර්වය~0
~~~~~~~~~~~~~~කම්මැළිකම~1
~~~~~~~~~~~~~~මානය~0
~~~~~~~~~322~~~‘මා දුටු මුල් හිරු පෙන්නූ ලංකා’  ගීතයේ රචකයා කවුද?~~කරුණාරත්න අමරසිංහ~1
~~~~~~~~~~~~~~සිරි ගුණසිංහ~0
~~~~~~~~~~~~~~ඔලිවර් ගුණතිලක~0
~~~~~~~~~~~~~~ගුණදාස අමරසේකර~0
~~~~~~~~~323~~~පුද්ගලයෙක්ට ජීවිතයේ එක් වරක් පමණක් ලබා ගත හැකි සම්මානය කුමක් ද?~~ඔස්කා සම්මානය~0
~~~~~~~~~~~~~~රාජ්‍ය සම්මානය~0
~~~~~~~~~~~~~~පුස්තකාල සම්මානය~0
~~~~~~~~~~~~~~සිග්නීස් සම්මානය~1
~~~~~~~~~324~~~අමරසිංහ මහතා ප්‍රසිද්ධියට පත්ව ඇති ක්ෂේත්‍රයක් නොවන්නේ,~~පරිවර්තකයකු ලෙස~0
~~~~~~~~~~~~~~ගීත පද මාලා රචකයකු ලෙස~0
~~~~~~~~~~~~~~ළමා පොත් නිර්මාණකරුවකු ලෙස~0
~~~~~~~~~~~~~~දේශගවේෂකයෙකු ලෙස~1
~~~~~~~~~325~~~මා ගත ලේ බිඳු එක් කොට ලංකා  \n …………………………………. \n මා ගත ඩා බිඳු එක් කොට ලංකා \n ඔබ උර මුත්හර බන්දමි ලංකා , මෙම කවියේ හිස්තැන් සම්පුර්ණ කරන්න.~~නළලත තිලකය අන්දමි      ලංකා~1
~~~~~~~~~~~~~~ඔබ හෙළු දුක් සෝ සුසුමන්  ලංකා~0
~~~~~~~~~~~~~~මහ රෑ මහ සයුරෙන් විත්   ලංකා~0
~~~~~~~~~~~~~~මා දුටු මුල් සඳු පෙන්නූ     ලංකා~0
66~sinhala-07-t3-l18-ep06~6~3~18~මා දුටු මුල් හිරු පෙන්නූ ලංකා~පද්‍ය පෙළේ අභ්‍යාස හා කාව්‍ය උපක්‍රම~'මා දුටු හිරු පෙන්වූ ලංකා' ගීතයට අදාළව අවබෝධය සම්බන්ධයෙන් ප්‍රශ්න සාකච්ඡා කිරීම, කවි නිර්මාණය කරන ආකාරය අධ්‍යනය සහ කවි නිර්මාණ කිහිපයක් අධ්‍යයනය කිරීම.~01:00:00~326~~~ලංකාව තමා උපන් දේශය බව දැනවීම සඳහා යොදන වාක්‍ය කුමක් ද?~~මා ගත් මුල් සුසුමත් දුන්     ලංකා~1
~~~~~~~~~~~~~~මා සිත ඔබ ගුණ රඳනට    ලංකා~0
~~~~~~~~~~~~~~මා දිවි ඔබ රැක ගැනුමට   ලංකා~0
~~~~~~~~~~~~~~මා පණ මෙන් ඔබ රක්නෙමි ලංකා~0
~~~~~~~~~327~~~ලංකා ලංකා පෙම්බර ලංකා යන ගීතය රචනා කළේ කවුද?~~මහගම සේකර~0
~~~~~~~~~~~~~~අරීසෙන් අහුබුදු  ~1
~~~~~~~~~~~~~~ඩෝල්ටන් අල්විස්~0
~~~~~~~~~~~~~~චිත්‍රාල් සෝමපාල~0
~~~~~~~~~328~~~රත්නදීප ජන්ම භූමි  යන ගීතය රචනා කරන ලද්දේ කවුරු ද?~~මහගම සේකර~1
~~~~~~~~~~~~~~අරීසෙන් අහුබුදු  ~0
~~~~~~~~~~~~~~ඩෝල්ටන් අල්විස්~0
~~~~~~~~~~~~~~චිත්‍රාල් සෝමපාල~0
~~~~~~~~~329~~~සසර වසන තුරු - නිවන් දකින තුරු යන ගීතය රචනා කරන ලද්දේ කවුද?~~මහගම සේකර~1
~~~~~~~~~~~~~~අරීසෙන් අහුබුදු  ~0
~~~~~~~~~~~~~~ඩෝල්ටන් අල්විස්~0
~~~~~~~~~~~~~~චිත්‍රාල් සෝමපාල~0
~~~~~~~~~330~~~මවුබිම පිළිබඳ අභිමානවත් හැඟීම් දැනවෙන පද්‍ය කුමක් ද?~~තුරු පින්කෙත හෙළ රන්~0
~~~~~~~~~~~~~~මා පණ මෙන් ඔබ රක්නෙමි ලංකා~1
~~~~~~~~~~~~~~නළලත තිලකය අන්දමි  ලංකා  ~0
~~~~~~~~~~~~~~හොබවමු ඔබ ලංකා දිවි දී~0
67~sinhala-07-t3-l18-ep07~7~3~18~මා දුටු මුල් හිරු පෙන්නූ ලංකා~අමතර දේශාභිමාන ගීත හා පද්‍ය නිර්මාණය~දේශාභිමාන ගීත කිහිපයක් හැඳින්වීම.(රත්නදීප ජන්ම භූමි සහ වෙර වීරිය ඇතත් පුතේ යන ගීතයන් සහ එහි තේරුම්)  ~01:00:00~331~~~මාතෘ භූමිය  සාර වූ උදාර වූයේ කෙසේ ද?~~ආදි සිංහලේ වීර මී මුතුන්ලෙයින්~1
~~~~~~~~~~~~~~ජීවිතේ පුදා හැළුෑ ලේ කඳයි~0
~~~~~~~~~~~~~~එන්නෙ උන් හෙළුෑ ප්‍රාණ වායුවයි~0
~~~~~~~~~~~~~~ගංඟා තරංග රාව දී රිදී වණින්~0
~~~~~~~~~332~~~" වෙර වීරිය ඇතත් හිතේ” යන ගීතය රචනා කරේ කවුද?~~මහගම සේකර~0
~~~~~~~~~~~~~~අරීසෙන් අහුබුදු  ~0
~~~~~~~~~~~~~~මඩවල එස්. රත්නායක~1
~~~~~~~~~~~~~~චිත්‍රාල් සෝමපාල~0
~~~~~~~~~333~~~‘විලියම් නයිමෝත්’ මොන ජාකිතයෙක් ද?~~ඉන්දියානු ජාතිකයෙක්~0
~~~~~~~~~~~~~~ආරාබි ජාතිකයෙක්~0
~~~~~~~~~~~~~~පර්සියානු ජාතික~1
~~~~~~~~~~~~~~ඇමෙරිකානු ජාතික~0
~~~~~~~~~334~~~“සව් සඟරාවතින් දස රජ දමින් බැඳී”  මෙම කවිය රචනා කළේ කවුද?~~අරීසෙන් අහුබුදු  ~0
~~~~~~~~~~~~~~මඩවල එස්. රත්නායක~0
~~~~~~~~~~~~~~ටිබෙට් ජාතික ඇස් මහින්ද හිමි~1
~~~~~~~~~~~~~~චිත්‍රාල් සෝමපාල~0
~~~~~~~~~335~~~‘ලක්බිම වන සැරිය’ රචනා කළේ කවුද?~~මනෝ ප්‍රනාන්දු~1
~~~~~~~~~~~~~~දයා ගුණසේකර~0
~~~~~~~~~~~~~~මඩවල එස්. රත්නායක~0
~~~~~~~~~~~~~~මනෝ ගනේෂන්~0
68~sinhala-07-t3-l18-ep08~8~3~18~මා දුටු මුල් හිරු පෙන්නූ ලංකා~රචනාවක් නිර්මාණය~ශ්‍රී ලංකා‌‌‌වේ පිහිටා ඇති කඳු සහ ගංඟා හැඳින්වීම, උදාහරණ  මඟින් පෙන්වාදීම.~01:00:00~336~~~ස්වභාවික පරිසරයේ පවතින පරිසර දයාදයක් නොවන්නේ මින් කුමක් ද?~~දියඇලි~0
~~~~~~~~~~~~~~වනාන්තර~0
~~~~~~~~~~~~~~තුරුලතා~0
~~~~~~~~~~~~~~ඔරලෝසුව~1
~~~~~~~~~337~~~ලංකාවේ පවතින කන්දක් නොවන්නේ මින් කුමක් ද?~~පිඳුරුතලාගල කන්ද~0
~~~~~~~~~~~~~~රිටිගල කන්ද~0
~~~~~~~~~~~~~~මහවැලි ගඟ~1
~~~~~~~~~~~~~~සමනළ කන්ද~0
~~~~~~~~~338~~~මහවැලි ගඟේ දිග කොපමණ ද?~~335ක්~1
~~~~~~~~~~~~~~336ක්~0
~~~~~~~~~~~~~~232ක්~0
~~~~~~~~~~~~~~337 ක්~0
~~~~~~~~~339~~~දුන්හිඳ ඇල්ල  පිහිටා තියෙන්නේ කෙහේ ද?~~මාතලේ~0
~~~~~~~~~~~~~~බදුල්ල~1
~~~~~~~~~~~~~~කොළඹ~0
~~~~~~~~~~~~~~මහනුවර~0
~~~~~~~~~340~~~බඹරගල්ල ඇල්ල නමින් හඳුන්වන්නේ කුමක් ද?~~රම්බොඩ ඇල්ල~0
~~~~~~~~~~~~~~රාවණා ඇල්ල~1
~~~~~~~~~~~~~~ලක්ෂපාන ඇල්ල~0
~~~~~~~~~~~~~~දූවිලි ඇල්ල~0
69~sinhala-07-t3-l19-ep09~9~3~19~දුං දුමටයි අඟුරු මටයි~සන්නිවේදන මාධ්‍ය පිළිබඳ හා අතීතයේ භාවිතා වු සන්නිවේදන උපක්‍රම~ගුවන් විදුලිය පිළිබඳ හැඳින්වීම, තුන්පත් රටා - 3 සිංහල විරිත් නම් පොතෙන් උපුටා ගන්නා ලද කොටසක් සාකච්ඡා කිරීම, සන්නිවේදන මාධ්‍ය පිළිබඳ හැඳින්වීම, පාරම්පරික හා නූතන සන්නිවේදන මාධ්‍ය පිළිබඳව සාකච්ඡා කිරීම, දුම සහ අඩබෙර ගැසීම මඟින් සන්නිවේදනය කරන ආකාරය පිළිබඳව අධ්‍යයනය කිරීම.~01:00:00~341~~~කුමාරිකාවගේ නහයේ හිර වූයේ කුමක් ද?~~මදටිය ඇටයක්~0
~~~~~~~~~~~~~~ඔළ`ිද ඇටයක්~1
~~~~~~~~~~~~~~කපුරු බෝලයක්~0
~~~~~~~~~~~~~~පුළුන් කැබැල්ලක්~0
~~~~~~~~~342~~~අඬ බෙරය ගැසීම පිණිස යොදා ගන්නේ කුමක් ද?~~දවුල~1
~~~~~~~~~~~~~~ගැටබෙරය~0
~~~~~~~~~~~~~~රබාන~0
~~~~~~~~~~~~~~අත් රබාන~0
~~~~~~~~~343~~~ජේ. බී. දිසානායකගේ සහභාගිත්වයෙන් ශ්‍රී ලංකා ගුවන්විදුලි සංස්ථාවේ ස්වදේශීය සේවය ඔස්සේ විකාශනය කරන ලද වැඩසටහන කුමක් ද?~~පුංචි පැංචි~0
~~~~~~~~~~~~~~හපන් පැඳුර~0
~~~~~~~~~~~~~~තුන්පත් රටා~1
~~~~~~~~~~~~~~මැණික් පබළු~0
~~~~~~~~~344~~~ශ්‍රව්‍ය මාධ්‍යයක් වනුයේ මින් කුමක් ද?~~රූපවාහිනිය~0
~~~~~~~~~~~~~~ජංගම දුරකථනය~0
~~~~~~~~~~~~~~රේඩියෝව~1
~~~~~~~~~~~~~~පුවත් පත්~0
~~~~~~~~~345~~~පාරම්පරික සන්නිවේදන ක්‍රමයක් නොවන්නේ මින් කුමක් ද?~~දුම් ගොබ ගැසීම~0
~~~~~~~~~~~~~~රෙදි, කොඩි ආදිය වැනීම~0
~~~~~~~~~~~~~~අඬ බෙර ගැසීම~0
~~~~~~~~~~~~~~ස්මාර්ට් දුරකථනය~1
70~sinhala-07-t3-l19-ep10~10~3~19~දුං දුමටයි අඟුරු මටයි~නූතනයේ භාවිතා වු සන්නිවේදන උපක්‍රම~පාරම්පරික සන්නිවේදන ක්‍රම පිළිබඳව තවදුරටත් අධ්‍යයනය කිරීම‍, හූ කීම සහ ඝණ්ටාරය නාදකර සන්නිවේදනය කරන ආකාරය පිළිබඳව අධ්‍යයනය කිරීම.~01:00:00~346~~~හූ හඬ යොදා ගන්නා අවස්ථාවක් නොවන්නේ,~~නැති වුණු හරකා බාන සොයා ගැනීමේ දී~0
~~~~~~~~~~~~~~හේනට ගිනි තබන්නට කලින්~0
~~~~~~~~~~~~~~ඈත වෙල්යාය ඉස්මත්තේ කිසිවකු යන විට~0
~~~~~~~~~~~~~~විභාගයේ දී~1
~~~~~~~~~347~~~ගමේ බොහෝ දෙනා කරන වෘත්තිය කුමක් ද?~~ගොවිතැන~0
~~~~~~~~~~~~~~පැල් රැකීම~0
~~~~~~~~~~~~~~ගඩොල් කැපීමේ වෘත්තිය~1
~~~~~~~~~~~~~~පතල් කර්මාන්තය~0
~~~~~~~~~348~~~දුටුගැමුණු රජ්ජුරුවන් හූ හඩේ ආධාරයෙන් ගම් බිම් ලබා දුන්නේ මොන දේවාලයට ද?~~රුහුණු දේවාලය~0
~~~~~~~~~~~~~~සිනීගම දේවාලය~0
~~~~~~~~~~~~~~කතරගම දේවාලය~1
~~~~~~~~~~~~~~කාලි දේවාලයට~0
~~~~~~~~~349~~~‘හූව’ හේතු කොට ගෙන නම ලැබුණු පළාත කුමක් ද?~~බස්නාහිර~0
~~~~~~~~~~~~~~දකුණ~0
~~~~~~~~~~~~~~ඌව~1
~~~~~~~~~~~~~~නිරිත~0
~~~~~~~~~350~~~ගමේ තවත් වැදගත් සන්නිවේදන කාර්යක් ඉටු කරන මාධ්‍ය වනුයේ,~~ඝන්ටාරය~1
~~~~~~~~~~~~~~හූ හඬ~0
~~~~~~~~~~~~~~අඬ බෙර~0
~~~~~~~~~~~~~~දුම් ගැසීම~0
71~sinhala-07-t3-l19-ep11~11~3~19~දුං දුමටයි අඟුරු මටයි~විශේෂණ පද හා නාම විශේෂණ පද~විශේෂණ පද පිළිබඳව හඳුන්වා දීම හා විශේෂණ පද වර්ගීකරණය හඳුන්වා දීම.නාම විශේෂණ යනු කුමක්දැයි උදාහරණ සමඟින් හැඳින්වීම.~01:00:00~351~~~සිංහලයේ පැරණි ව්‍යාකරණ ග්‍රන්ථයක් වන්නේ කුමක් ද?~~සිදත් සඟරාව~1
~~~~~~~~~~~~~~එළු අත්තනගලු වංශය~0
~~~~~~~~~~~~~~මහාවංශය~0
~~~~~~~~~~~~~~දීපවංශය~0
~~~~~~~~~352~~~විශේෂණය කරනු ලබන පදය හඳුන්වනු නාමය කුමක් ද?~~විශේෂ්‍යය නම් වේ~1
~~~~~~~~~~~~~~උපමේය~0
~~~~~~~~~~~~~~උපමානය~0
~~~~~~~~~~~~~~විශේෂණ~0
~~~~~~~~~353~~~විශේෂණ පද මූලික වශයෙන් බෙදෙන කොටස් ගණන කීයද?~~එකකි~0
~~~~~~~~~~~~~~තුනකි~0
~~~~~~~~~~~~~~දෙකකි~1
~~~~~~~~~~~~~~හතරකි~0
~~~~~~~~~354~~~ක්‍රියා විශේෂණ පදයක් සහිත වරණය තෝරන්න.~~රතු රෝස~0
~~~~~~~~~~~~~~උස ළමයා~0
~~~~~~~~~~~~~~මහත පටිය~0
~~~~~~~~~~~~~~වේගයෙන් දුවයි~1
~~~~~~~~~355~~~නාම විශේෂණ පදයක් සහිත වරණය තෝරන්න.~~සෙමෙන් වැටෙයි.~0
~~~~~~~~~~~~~~වේගයෙන් දුවයි.~0
~~~~~~~~~~~~~~කෙට්ටු මිනිසා.~1
~~~~~~~~~~~~~~fවිගයෙන් බනියි.~0
72~sinhala-07-t3-l19-ep12~12~3~19~දුං දුමටයි අඟුරු මටයි~ක්‍රියා විශේෂණ පද~ක්‍රියා විශේෂණ පද පිළිබඳව හඳුන්වා දීම, ක්‍රියා විශේෂණ සඳහා උදාහරණ සාකච්ඡා කිරීම සහ එහි අභ්‍යාස සිදු කිරීම.~01:00:00~356~~~ක්‍රියා විශේෂණ වල කාර්යයක් නොවන්නේ මින් කුමක් ද?~~ක්‍රියා පදයක් සිදු වන ආකාරය~0
~~~~~~~~~~~~~~සිදු වන කාලය හා සිදු වන ස්ථානය~0
~~~~~~~~~~~~~~සිදු වීමට හේතුව ප්‍රකාශ කරන පද~0
~~~~~~~~~~~~~~කාර්යය හොඳ නරක ද යන්න බැලීම~1
~~~~~~~~~357~~~පහත දැක්වෙන විශේෂණ පද තුළින් ක්‍රියා විශේෂණ පද තෝරන්න.~~හොඳ ළමයා~0
~~~~~~~~~~~~~~     ඉදුණු පලතුරු~0
~~~~~~~~~~~~~~     වේගයෙන් ගලා බසියි~1
~~~~~~~~~~~~~~     උස ළමයා~0
~~~~~~~~~358~~~පහත  දැක්වෙන විශේෂණ පද තුළින් ක්‍රියා විශේෂණ පද තෝරන්න.~~වැසි වතුර~0
~~~~~~~~~~~~~~      කහ මල~0
~~~~~~~~~~~~~~      නිල් කුරුල්ලා~0
~~~~~~~~~~~~~~      සතුටින් කෑගසති.~1
~~~~~~~~~359~~~පහත  දැක්වෙන විශේෂණ පද තුළින් ක්‍රියා විශේෂණ පද තෝරන්න.~~මහත පෙට්ටිය~0
~~~~~~~~~~~~~~      දිග කෝච්චිය~0
~~~~~~~~~~~~~~      ඉක්මනට යයි.~1
~~~~~~~~~~~~~~      රස කෑම~0
~~~~~~~~~360~~~පහත  දැක්වෙන විශේෂණ පද තුළින් ක්‍රියා විශේෂණ පද තෝරන්න.~~නිල් ආකාසය~0
~~~~~~~~~~~~~~      රිද්මයට නැටුවාය.~1
~~~~~~~~~~~~~~      උණු වතුර~0
~~~~~~~~~~~~~~      වැදගත් පොත~0
73~sinhala-07-t3-l20-ep13~13~3~20~සකස් කඩ නො කී කට~උව්චාරණය නිවැරදි කර ගැනීම‍, උව්චාරණය පුරුදු කරවීම~'සරස්කඩ නොකී කට' යන ග්‍රන්තය පිළිබඳව හැඳින්වීම, වචන උච්චාරණය හා නිවැරදි කියවීම හුරුවන ආකාරය ඉගැන්වීම, අකුරු කරන්නට ලියවුනු පොත් (18ක්) පිළිබඳව අධ්‍යනය කිරීම. (උදා: නම් පොත, ගණදෙවි හෑල්ල සහ වදන් කවිපොත)~01:00:00~361~~~“සකස් කඩ නොකී කට” යන පාඨයේ ඉතිරි කොටස වනුයේ,~~උගේ කට හුඹස් කට”~1
~~~~~~~~~~~~~~ගේ කට හුඹස් කට”~0
~~~~~~~~~~~~~~උගේ හුඹස් කට”~0
~~~~~~~~~~~~~~උගේ කට හුඹස් කර”~0
~~~~~~~~~362~~~අකුරු කරන්නට ම ලියැවුණු පැරණි පොතක් නොවන්නේ,~~හෝඩිය~0
~~~~~~~~~~~~~~මඟුල් ලකුණ~0
~~~~~~~~~~~~~~ව්‍යාසකාරය~0
~~~~~~~~~~~~~~අඹ යහළුවෝ~1
~~~~~~~~~363~~~ශබ්ද නගා කියවීම මගින් ලැබෙන ප්‍රයෝජනයකි,~~කට සැර වැඩි වේ.~0
~~~~~~~~~~~~~~උච්චාරණ දෝෂ මග හැරවේ.~1
~~~~~~~~~~~~~~දත් පෙළ දිලිසේ.~0
~~~~~~~~~~~~~~තොල් සිහින් වේ.~0
~~~~~~~~~364~~~නම් පොත රචනා වූ කාල වකවානුව ලෙස සලකනුයේ,~~හයවැනි පැරකුම්බා රජ දවස~1
~~~~~~~~~~~~~~පස්වන පැරකුම්බා රජ දවස~0
~~~~~~~~~~~~~~දෙවැනි පැරකුම්බා රජ දවස~0
~~~~~~~~~~~~~~පැරකුම්බා රජ දවස~0
~~~~~~~~~365~~~පුදමි ආලංගා \n සිතසේ කෙරෙයි අංගා \n ……………………………………………….. \n වඳිමි ගණදෙවි දෙහොත් නංගා , මෙම කවියේ හිස්තැන් සම්පුර්ණ කරන්න.~~මව ද උමයංගා~1
~~~~~~~~~~~~~~මිහිකත රකියි මෙ දෙරන~0
~~~~~~~~~~~~~~නුවණින් නිපුන කරවන්~0
~~~~~~~~~~~~~~මෙ නරලොව දිනවන්~0
74~sinhala-07-t3-l20-ep14~14~3~20~සකස් කඩ නො කී කට~උව්චාරණය පුරුදු කරවීම‍, අභ්‍යාස සිදු කිරීම‍~පුවත්පත් වාර්තාවක වචන උච්චාරණය සහ සංස්කෘතික වචන මිශ්‍ර පාඨයන් උච්චාරණය කිරීම, කුමාරතුංග මුනිදාස මහතා විසින් රචිත ' ශික්ෂා මාර්ගය ' නම් කෘතියෙහි ඇතුලත් වචන උච්චාරණය සහ අරුත් පැහැදිලි කිරීම, අභ්‍යාස සිදු කිරීම.~01:00:00~366~~~ දියුණු ලෝහ කර්මාන්තයක් පැවති බවට සාධක සොයා ගත්තේ කොහෙන් ද?~~සීගිරිය ප්‍රදේශයේ~1
~~~~~~~~~~~~~~නුවර ප්‍රදේශයේ~0
~~~~~~~~~~~~~~කෑගල්ල ප්‍රදේශයේ~0
~~~~~~~~~~~~~~රජගල ප්‍රදේශය~0
~~~~~~~~~367~~~උඳුන් සොයා ගත හැකි ප්‍රදේශයකි,~~රජගල ප්‍රදේශය~0
~~~~~~~~~~~~~~නුවර ප්‍රදේශයේ~0
~~~~~~~~~~~~~~කෑගල්ල ප්‍රදේශයේ~0
~~~~~~~~~~~~~~අලකොළ වැව ප්‍රදේශයෙන්~1
~~~~~~~~~368~~~පුරාවිද්‍යා දෙපාර්තමේන්තුව අම්බලන්තොට ප්‍රදේශයේ රිදියගම ආශ්‍රයෙන් කැණීම් සිදු කළේ කුමන වසරේ ද?~~1996~1
~~~~~~~~~~~~~~1995~0
~~~~~~~~~~~~~~1966~0
~~~~~~~~~~~~~~1994~0
~~~~~~~~~369~~~“විද්‍යා දදාති විනයං ” මෙම පාඨය සඳහන් ග්‍රන්ථය කුමක් ද?~~හෝඩිය~0
~~~~~~~~~~~~~~මඟුල් ලකුණ~0
~~~~~~~~~~~~~~ව්‍යාසකාරය~0
~~~~~~~~~~~~~~හිතෝපදේශය~1
~~~~~~~~~370~~~“ශික්ෂා මාර්ගය” රචනා කළේ කවුද?~~කුමාරතුංග මුනිදාස~1
~~~~~~~~~~~~~~මාර්ටින් වික්‍රමසිංහ~0
~~~~~~~~~~~~~~අරිසෙන් අහුබුදු~0
~~~~~~~~~~~~~~බාර්ටෝල්~0
75~sinhala-07-t3-l20-ep15~15~3~20~සකස් කඩ නො කී කට~විරාම ලක්ෂණ හදුන්වා දීම‍, විරාම ලක්ෂණ 01~විරාම ලක්ෂණ හැඳින්විම සහ සිංහල භාෂාවේදී විරාම ලක්ෂණ යොදන ආකාරය අධ්‍යයනය කිරීම, කෙටි ඉර(-) පිළිබඳව හැඳින්වීම සහ උදාහරණ සාකච්ඡා කිරීම.~01:00:00~371~~~විරාම ලක්ෂණ වලට අයත් නොවන්නේ මින් කුමක් ද?~~තිත~0
~~~~~~~~~~~~~~ඇල ඉර~0
~~~~~~~~~~~~~~යුගල උඩු කොමා~0
~~~~~~~~~~~~~~කොම්බුව~1
~~~~~~~~~372~~~පද දෙකක් එකට යෙදෙන විට ඒ පද දෙක අතර ඇති අන්‍යෝන්‍ය සම්බන්ධය දැක්වීම සඳහා යොදන විරාම ලක්ෂණය කුමක් ද?~~ඇල ඉර~0
~~~~~~~~~~~~~~කෙටි ඉර~1
~~~~~~~~~~~~~~තිත~0
~~~~~~~~~~~~~~කොමාව~0
~~~~~~~~~373~~~සීමා දෙකක අන්තරය දැක්වීමේ දී යොදා ගන්නා විරාම  ලක්ෂණය කුමක් ද?~~ප්‍රශ්නාර්ථ ලකුණ~0
~~~~~~~~~~~~~~විස්මයාදි ලකුණ~0
~~~~~~~~~~~~~~කෙටි ඉර~1
~~~~~~~~~~~~~~ඇල ඉර~0
~~~~~~~~~374~~~එදිරිවීර සරච්චන්ද්‍ර මහතා විශ්ව සම්මානය භාර ගැනීමට ගියේ කොහේට ද?~~තිරුවන්දිරම් නගරයට~1
~~~~~~~~~~~~~~කාංචිපුරම් නගරයට~0
~~~~~~~~~~~~~~තම්ල්නාඩුවට~0
~~~~~~~~~~~~~~ජපානයට~0
~~~~~~~~~375~~~“සුදෝ සුදු වැ වලාකුළෙනි ” මෙම කවිය කාගේ නිර්මාණයක් ද?~~කුමාරතුංග මුනිදාස~1
~~~~~~~~~~~~~~මාර්ටින් වික්‍රමසිංහ~0
~~~~~~~~~~~~~~අරිසෙන් අහුබුදු~0
~~~~~~~~~~~~~~බාර්ටෝල්~0
76~sinhala-07-t3-l20-ep16~16~3~20~සකස් කඩ නො කී කට~විරාම ලක්ෂණ 02~විරාම ලක්ෂණ පිළිබඳව තවදුරටත් අධ්‍යයනය කිරීම, ඇල ඉර(/) සහ දෙතිත(:) පිළිබඳව උදාහරණ සමඟින් හැඳින්වීම, විරාම ලක්ෂණ ආශිත අභ්‍යාස සිදු කිරීම.~01:00:00~376~~~විකල්පයක් හෝ තේරීමක් (වරණයක්) හෝ දැක්වීමට සිදු වන අවස්ථාවල දී යොදා ගන්නා විරාම ලක්ෂණය කුමක් ද?~~ඇල ඉර~1
~~~~~~~~~~~~~~කෙටි ඉර~0
~~~~~~~~~~~~~~තිත~0
~~~~~~~~~~~~~~කොමාව~0
~~~~~~~~~377~~~නිදසුන් පිණිස හෝ විස්තර කරනු පිණිස හෝ කරුණු කීපයක් ඉදිරිපත් කිරීමේ දී යොදන විරාම ලක්ෂණය කුමක් ද?~~දෙතිත~1
~~~~~~~~~~~~~~තිත~0
~~~~~~~~~~~~~~කොමාව~0
~~~~~~~~~~~~~~ඇල ඉර~0
~~~~~~~~~378~~~ගණිත ප්‍රකාශනයක අනුපාතයක් ලියා දැක්වීමේ දී යොදා ගන්නා විරාම ලක්ෂණය කුමක් ද?~~තිත~0
~~~~~~~~~~~~~~කොමාව~0
~~~~~~~~~~~~~~ඇල ඉර~0
~~~~~~~~~~~~~~දෙතිත~1
~~~~~~~~~379~~~සංවාදයක් ලියා දැක්වීමේ දී යොදා ගන්නා විරාම ලක්ෂණය කුමක් ද?~~ඇල ඉර~0
~~~~~~~~~~~~~~දෙතිත~1
~~~~~~~~~~~~~~කොමාව~0
~~~~~~~~~~~~~~තිත~0
~~~~~~~~~380~~~. ,”“/ නිවැරදිව මෙම විරාම ලක්ෂණ දක්වා ඇති වරණය තෝරන්න.~~කොමාව, තිත, ඇල ඉර, පෙරළි කොමා~0
~~~~~~~~~~~~~~පෙරළි කොමා, කොමාව, තිත, ඇල ඉර,~0
~~~~~~~~~~~~~~කොමාව, පෙරළි කොමා,තිත, ඇල ඉර,~0
~~~~~~~~~~~~~~තිත, කොමාව, පෙරළි කොමා, ඇල ඉර~1
77~sinhala-07-t3-l21-ep17~17~3~21~පුස්තකාලයට පිය නගමු~පුස්තකාල පරිහරණය~පුස්තකාලය යනු කුමක්දැයි හැඳින්වීම, පුස්තකාල පරිහරණය පිළිබඳ කියාදිම, පුස්තකාලයෙන් ලැබෙන ප්‍රයෝජන සහ පුස්තකාලයක් තුළ අප හැසිරිය යුතු ආකාරය කියා දීම.~01:00:00~381~~~පුස්තකාලය යන වචන නිවැරදිව විසන්ධි කර ඇති වරණය තෝරන්න.~~පුස්තක + ආලය~1
~~~~~~~~~~~~~~පුස්ත + කආලය~0
~~~~~~~~~~~~~~පුස්තකආ + ලය~0
~~~~~~~~~~~~~~පුස් + තකආලය~0
~~~~~~~~~382~~~පුස්තකාල අතීතයේ හඳුන්වා ඇත්තේ කුමන නමකින් ද?~~පුස්තකාලය~0
~~~~~~~~~~~~~~ග්‍රන්ථය~0
~~~~~~~~~~~~~~පොත්ගුල~1
~~~~~~~~~~~~~~පොත් මන්දිරය~0
~~~~~~~~~383~~~එක් රටකට එකක් පමණි.  ලෙස පවතින්නේ කුමන වර්ගයේ පුස්තකාලය ද?~~මහජන පුස්තකාල~0
~~~~~~~~~~~~~~පාසල් පුස්තකාල~0
~~~~~~~~~~~~~~ජාතික පුස්තකාල~1
~~~~~~~~~~~~~~ආයතනික පුස්තකාල~0
~~~~~~~~~384~~~පුස්තකාලයක පොත් එක් එක් විෂයය අනුව වර්ග කර තැබීමේ ක්‍රමයක් තිබේ. ඒම ක්‍රමය කුමක් ද?~~ඩිවි දශම වර්ගීකරණය~1
~~~~~~~~~~~~~~දශම වර්ගීකරණය~0
~~~~~~~~~~~~~~නිකි දශම වර්ගීකරණය~0
~~~~~~~~~~~~~~ඩවි දශම වර්ගීකරණය~0
~~~~~~~~~385~~~ශ්‍රී ලංකාවේ ජාතික පුස්තකාලය පිහිටා ඇත්තේ කොහේ ද?~~කොළඹ 5 නිදහස් මාවතෙහි~0
~~~~~~~~~~~~~~කොළඹ 1 නිදහස් මාවතෙහි~0
~~~~~~~~~~~~~~කොළඹ 7 නිදහස් මාවතෙහි~1
~~~~~~~~~~~~~~කොළඹ 2 නිදහස් මාවතෙහි~0
78~sinhala-07-t3-l21-ep18~18~3~21~පුස්තකාලයට පිය නගමු~ග්‍රන්ථ ලැයිස්තු ගත කිරීම~පුස්තකාලය පරිහරණය කර දැනුම ලබාගත් උගතුන් කිහිපදෙනෙකු පිළිබඳව සාකච්ඡා කිරීම.(ජී.බී සේනානායක මහතා මාටින් වික්‍රමසිංහ මහතා සහ කුමාරතුංග මුනිදාස මහතා ) අවබෝධය සහ අභ්‍යාස සාකච්ඡා කිරීම.~01:00:00~386~~~කොළඹ මහජන පුස්තකාලයේ ඇති පොත් සියල්ල ම කියවා දැනුම ලබා ගත් පුද්ගලයෙකි,~~ජී. බී. සේනානායක මහතා~1
~~~~~~~~~~~~~~කුමාරතුංග මුනිදාස මහතා~0
~~~~~~~~~~~~~~සිරි ගුණසිංහ~0
~~~~~~~~~~~~~~රැපියල් තෙන්නකෝන්~0
~~~~~~~~~387~~~ ජී. බී. සේනානායක මහතාගේ පෞද්ගලික අත්දැකීම් විස්තර වන ග්‍රන්ථය කුමක් ද?~~වටු කුරුල්ලෝ~0
~~~~~~~~~~~~~~කරුවල ගෙදර~0
~~~~~~~~~~~~~~විනිවිදිමි අඳුර~1
~~~~~~~~~~~~~~මාණික්කාවත~0
~~~~~~~~~388~~~ජී. බී. සේනානායක මහතාගේ නව කතා ගණයට අයත් නොවන්නේ මින් කුමක් ද?~~වරදත්ත~0
~~~~~~~~~~~~~~රළ බිඳුම~0
~~~~~~~~~~~~~~පළිගැනීම~1
~~~~~~~~~~~~~~ගමන~0
~~~~~~~~~389~~~ජී. බී. සේනානායක මහතාගේ කෙටි කතා ගණයට අයත් නොවන්නේ මින්    කුමක් ද?~~දුප්පතුන් නැති ලෝකය~0
~~~~~~~~~~~~~~ලේඛකයා~0
~~~~~~~~~~~~~~මං මුළාව~0
~~~~~~~~~~~~~~මදුපාණී~1
~~~~~~~~~390~~~ජී. බී. සේනානායක මහතාගේ සුරංගනා කතා ගණයට අයත් නොවන්නේ මින් කුමක් ද?~~මල් කුමාරි~0
~~~~~~~~~~~~~~හාල් මැස්සා~0
~~~~~~~~~~~~~~මම එදා සහ අද~1
~~~~~~~~~~~~~~හීනය~0
79~sinhala-07-t3-l21-ep19~19~3~21~පුස්තකාලයට පිය නගමු~රචනාවක් ලිවීම~පුස්තකාලයේ ඇති වැදගත්කම හැඳින්වීම,  මාටින් වික්‍රමසිංහ මහතා, කුමාරතුංග මුනිදාස මහතා හා ටී.බී ඉලංගරත්න මහතා විසින් රචිත කෘති පිළිබඳ හැඳින්වීම.~01:00:00~391~~~මාර්ටින් වික්‍රමසිංහ මහතාගේ ළමා සාහිත්‍යයට අයත් ග්‍රන්ථයක් නොවන්නේ,~~බාලෝපදේශය~0
~~~~~~~~~~~~~~උපාසකම්මා~0
~~~~~~~~~~~~~~ගලිවරායණය~0
~~~~~~~~~~~~~~ලීලා~1
~~~~~~~~~392~~~පව්කාරයට ගල් ගැසිම යන කෙටි කතාව කාගේ නිර්මාණයක් ද?~~කුමාරතුංග මුනිදාස ශුරින්ගේ~0
~~~~~~~~~~~~~~ටී.බී ඉලංගරත්න මහතාගේ~0
~~~~~~~~~~~~~~මාර්ටින් වික්‍රමසිංහ මහතාගේ~1
~~~~~~~~~~~~~~රැපියල් තෙන්නකෝන්~0
~~~~~~~~~393~~~හීන්සැරය කාගේ නිර්මාණයක් ද?~~කුමාරතුංග මුනිදාස ශුරින්ගේ~1
~~~~~~~~~~~~~~ටී.බී ඉලංගරත්න මහතාගේ~0
~~~~~~~~~~~~~~මාර්ටින් වික්‍රමසිංහ මහතාගේ~0
~~~~~~~~~~~~~~රැපියල් තෙන්නකෝන්~0
~~~~~~~~~394~~~නෑදෑයෝ කෘතිය කාගේ නිර්මාණයක් ද?~~කුමාරතුංග මුනිදාස ශුරින්ගේ~0
~~~~~~~~~~~~~~ටී.බී ඉලංගරත්න මහතාගේ~1
~~~~~~~~~~~~~~මාර්ටින් වික්‍රමසිංහ මහතාගේ~0
~~~~~~~~~~~~~~රැපියල් තෙන්නකෝන්~0
~~~~~~~~~395~~~මාර්ටින් වික්‍රමසිංහ මහතා රචනා කරන ලද දෘශ්‍ය කාව්‍යයක් නොවන්නේ මින් කුමක් ද?~~චිත්‍රා~0
~~~~~~~~~~~~~~මයුරී~0
~~~~~~~~~~~~~~මගේ කතාව~1
~~~~~~~~~~~~~~විජිතා~0
80~sinhala-07-t3-l22-ep20~20~3~22~තොප්පි වෙළෙන්දා~නාට්‍ය රඟ දැක්වීම~තොප්පි වෙළෙන්දා කතාව දෙබස් ඇසුරින් විස්තර කිරීම සහ එම කතාව රචනා කරන ලද රචිකාවිය පිළිබඳ හැඳින්වීම.~01:00:00~396~~~තොප්පි වෙළෙන්දා නාට්‍යය රචනා කළේ කවුද?~~සෝමලතා සුබසිංහ~1
~~~~~~~~~~~~~~එදිරවීර සරච්චන්ද්‍ර~0
~~~~~~~~~~~~~~ටිකිරි හාමි~0
~~~~~~~~~~~~~~මුනිදාස මහතා~0
~~~~~~~~~397~~~විකෘති යන නාට්‍ය නිර්මාණය වු වර්ෂය කුමක් ද?~~1992~1
~~~~~~~~~~~~~~1993~0
~~~~~~~~~~~~~~1982~0
~~~~~~~~~~~~~~1933~0
~~~~~~~~~398~~~තෝප්පි වෙළෙන්දා තොප්පි විකුණු මිල කීය ද?~~පනම් පහයි~0
~~~~~~~~~~~~~~පනම් දෙකයි~0
~~~~~~~~~~~~~~පනම් හතයි~1
~~~~~~~~~~~~~~පනම් එකයි~0
~~~~~~~~~399~~~ හිම කුමරිය නාට්‍ය නිර්මාණය වු වර්ෂය කුමක් ද?~~2005~0
~~~~~~~~~~~~~~2000~1
~~~~~~~~~~~~~~2003~0
~~~~~~~~~~~~~~2001~0
~~~~~~~~~400~~~පුංචි අපට දැන් තේරෙයි නාට්‍ය නිර්මාණය වු වර්ෂය කුමක් ද?~~1998~1
~~~~~~~~~~~~~~1997~0
~~~~~~~~~~~~~~1996~0
~~~~~~~~~~~~~~1995~0
81~sinhala-07-t3-l22-ep21~21~3~22~තොප්පි වෙළෙන්දා~සංවාද ගොඩනැගිම 01‍, සංවාද ගොඩනැගිම 02~තොප්පි වෙළෙන්දා කතාව එහි ඇතුලත් චරිත වලට අදාළ දෙබස් ඇසුරින් විස්තර කිරීම~01:00:00~401~~~වෙළෙන්දාගේ දහවල් ආහාරයට අඩංගු නොවු වෑංජනය කුමක් ද?~~සිංහල හාලේ බත්~0
~~~~~~~~~~~~~~පොල් සම්බල්~0
~~~~~~~~~~~~~~පොලොස් ඇඹුල~0
~~~~~~~~~~~~~~කරවල බැදුම~1
~~~~~~~~~402~~~ ආහාරය ගැනීමෙන් පසු වෙළෙන්දා කළේ කුමක් ද?~~ඇවිදීම~0
~~~~~~~~~~~~~~දිවීම~0
~~~~~~~~~~~~~~නිදා ගැනීම~1
~~~~~~~~~~~~~~කල්පනා කිරීම~0
~~~~~~~~~403~~~මෙම නාට්‍යයේ දෙබස් ඉදිරිපත් කිරීමට සිටින වඳුරුන් ගණන කොපමණ ද?~~එකකි~0
~~~~~~~~~~~~~~දෙකකි~0
~~~~~~~~~~~~~~තුනකි~0
~~~~~~~~~~~~~~හතරකි~1
~~~~~~~~~404~~~වඳුරෝ ගස් උඩට නැඟ හිස පැළද ගෙන සිටියේ මොනවා ද?~~කුඩ~0
~~~~~~~~~~~~~~තෝප්පි~1
~~~~~~~~~~~~~~ලේන්සුව~0
~~~~~~~~~~~~~~පත්තර~0
~~~~~~~~~405~~~තොප්පි වෙළෙන්දා වඳුරන්ගෙන් තෝප්පි ලබා ගැනීමට සිදු කළ දේ      කුමක් ද?~~කථා කිරීම~0
~~~~~~~~~~~~~~අනුකරණය~1
~~~~~~~~~~~~~~අනුශාසනය~0
~~~~~~~~~~~~~~අනුවාදය~0
82~sinhala-07-t3-l22-ep22~22~3~22~තොප්පි වෙළෙන්දා~සංවාද ගොඩනැගිම 03‍, සංවාද ගොඩනැගිම 04~තොප්පි වෙළෙන්දා කතාව ඇසුරින් අවබෝධය සම්බන්දයෙන් ප්‍රශ්ණ සාකච්ඡා කිරීම, ළමා නාට්‍ය පිටපත් රවනය පිළිබඳ හැඳින්වීම හා කෙටි සංවාදයක් ගොඩනැගීම.~01:00:00~406~~~ නාට්‍යයක් සඳහා ප්‍රධාන වශයෙන් පිටපතක් තිබිය යුතු ය.~~ආලෝකකරණය~0
~~~~~~~~~~~~~~ඇදුම්~0
~~~~~~~~~~~~~~නාට්‍ය පෙළ~1
~~~~~~~~~~~~~~දෙබස්~0
~~~~~~~~~407~~~ නළු නිළියන්ගේ ප්‍රයෝජනය සඳහා පිටපතෙහි තිබිය යුතු අංගයක් වන්නේ,~~ආලෝකකරණය~0
~~~~~~~~~~~~~~රංග විධාන~1
~~~~~~~~~~~~~~දෙබස්~0
~~~~~~~~~~~~~~හඬ~0
~~~~~~~~~408~~~ ලබු වැල හා කිතුල් ගස අතරින් වැඩිමහල් කෙනා කවුද?~~ලබු වැල~0
~~~~~~~~~~~~~~කිතුල් ගස~1
~~~~~~~~~~~~~~පොල් ගස~0
~~~~~~~~~~~~~~රබර් ගස~0
~~~~~~~~~409~~~" මට මාස හයකුත් , දවස් හතරකි තවමත් ” මෙම දෙබස ප්‍රකාශ කළේ කවුද?~~ලබු වැල~1
~~~~~~~~~~~~~~කිතුල් ගස~0
~~~~~~~~~~~~~~පොල් ගස~0
~~~~~~~~~~~~~~රබර් ගස~0
~~~~~~~~~410~~~" ඉක්මනට හැදුණොත් ඒ ඉක්මනින් නැති වෙත් ” මෙම දෙබස ප්‍රකාශ කළේ කවුද?~~ලබු වැල~0
~~~~~~~~~~~~~~කිතුල් ගස~1
~~~~~~~~~~~~~~පොල් ගස~0
~~~~~~~~~~~~~~රබර් ගස~0
83~sinhala-07-t3-l22-ep23~23~3~22~තොප්පි වෙළෙන්දා~සංවාදයක් ගොඩනැගීම~කෙටි සංවාද කිහිපයක් ගොඩනැගීම. (මල සහ බඹරා අතර සංවාදය, ළමයා හා ගස අතර සංවාදය, ළමයා හා ගිරවා අතර සංවාදය)~01:00:00~411~~~බඹරා පැමිණියේ මලට කුමක් කීමට ද?~~කතාවක්~0
~~~~~~~~~~~~~~සිංදුවක්~0
~~~~~~~~~~~~~~රහසක්~1
~~~~~~~~~~~~~~දෙබසක්~0
~~~~~~~~~412~~~ අයියාට උදෑසන පැවැති පුහුණුවීම් මොනවා ද?~~පිහිනුම්~0
~~~~~~~~~~~~~~නෙට්බෝල්~0
~~~~~~~~~~~~~~වොලිබෝල්~0
~~~~~~~~~~~~~~ක්‍රිකට්~1
~~~~~~~~~413~~~ ළමයා සුහද පිළිසදරක යෙදුණේ කුමන ගසක් සමඟ ද?~~අඹ ගස~0
~~~~~~~~~~~~~~දෙල් ගස~0
~~~~~~~~~~~~~~කොස් ගස~1
~~~~~~~~~~~~~~අරලිය ගස~0
~~~~~~~~~414~~~ ශාකයක් වර්ධනයට සාධකයක් නොවන්නේ මින් කුමක් ද?~~ජලය~0
~~~~~~~~~~~~~~හිරු එළිය~0
~~~~~~~~~~~~~~පොහොර~0
~~~~~~~~~~~~~~ආධාර~1
~~~~~~~~~415~~~ ළමයා සංවාදයේ යෙදුණේ කුමන පක්ෂියා සමඟ ද?~~ගිරවා~1
~~~~~~~~~~~~~~මයිනා~0
~~~~~~~~~~~~~~කපුටා~0
~~~~~~~~~~~~~~ලේනා~0
84~sinhala-07-t3-l23-ep24~24~3~23~යහළුවෝ~අදිකාරම්ගේ චරිතය, යහළුවෝ වර්ගීකරණය~ආචාර්ය ඊ. ඩබ්ලිව් අදිකාරම් මහතාගේ චරිතය පිළිබඳව හැඳින්වීම, යහළුවෝ පිළිබඳ හැඳින්වීම.(සිතුවිලි සඟරා කාණ්ඩ 41 ඇසුරින්)~01:00:00~416~~~ ලංකාවේ බෞද්ධ පාසල් රැසක් ආරම්භ කිරීමට පුරෝගාමී වු පුද්ගලයෙකි,~~සිරි ගුණසිංහ~0
~~~~~~~~~~~~~~කුඩා පොළ හිමි~0
~~~~~~~~~~~~~~ආචාර්ය ඊ. ඩබ්ලිව්. අදිකාරම්~1
~~~~~~~~~~~~~~කැප්පැටිපොළ~0
~~~~~~~~~417~~~ ආචාර්ය ඊ. ඩබ්ලිව්. අදිකාරම් ආචාර්ය උපාධිය ලැබූවේ කුමන විශ්වවිද්‍යාලයෙන් ද?~~ලන්ඩන්~1
~~~~~~~~~~~~~~බ්‍රිතාන්‍ය~0
~~~~~~~~~~~~~~ඉන්දියා~0
~~~~~~~~~~~~~~ජපානය~0
~~~~~~~~~418~~~ ආචාර්ය ඊ. ඩබ්ලිව්. අදිකාරම් විසින් සම්පාදනය කරන ලද ශබ්දකෝෂයක් වන්නේ,~~ඔක්සවර්ඩ් ශබ්දකෝෂය~0
~~~~~~~~~~~~~~සිංහල ශබ්දකෝෂය~0
~~~~~~~~~~~~~~හාර්වඩ් ශබ්දකෝෂය~0
~~~~~~~~~~~~~~පාඨශාලීය සිංහල ශබ්දකෝෂය~1
~~~~~~~~~419~~~ ආචාර්ය ඊ. ඩබ්ලිව්. අදිකාරම්ට සාම ත්‍යාගය පිරිනැමු වර්ෂය වන්නේ,~~1988~1
~~~~~~~~~~~~~~1987~0
~~~~~~~~~~~~~~1977~0
~~~~~~~~~~~~~~1989~0
~~~~~~~~~420~~~ ආචාර්ය අදිකාරම් විසින් පළ කරන ලද සිතුවිලි සඟරා කාණ්ඩ ගණන කීයද?~~56~0
~~~~~~~~~~~~~~58~1
~~~~~~~~~~~~~~57~0
~~~~~~~~~~~~~~55~0
85~sinhala-07-t3-l23-ep25~25~3~23~යහළුවෝ~අදිකාරම්ගේ චරිතය~ආචාර්ය ඊ. ඩබ්ලිව් අදිකාරම් මහතාගේ චරිතය පිළිබඳව හැඳින්වීම, පාඩම ඇසුරින් අසන ප‍්‍රශ්ණ වලට පිළිතුරු සැපයීම.~01:00:00~421~~~අදිකාරම් වැඩි වශයෙන් අවධානය යොමු කළේ කුමට ද?~~ළමයින් හා තරුණ පරපුර යහමග යැවීමට ය~1
~~~~~~~~~~~~~~ළමයින් හා තරුණ පරපුර මග යැවීමට ය~0
~~~~~~~~~~~~~~ළමයින් හා තරුණ පරපුර  යැවීමට ය~0
~~~~~~~~~~~~~~ළමයින් යහමග යැවීමට ය~0
~~~~~~~~~422~~~පාරම්පරික විශ්වාස හා ඇදහිලිවලින් ...............…… වූ, ආචාර්ය අදිකාරම්  හිස්තැනට ආ යුතු පදය තෝරන්න.~~සමීප~0
~~~~~~~~~~~~~~ළං~0
~~~~~~~~~~~~~~එළැඹ~0
~~~~~~~~~~~~~~ඈත්~1
~~~~~~~~~423~~~අදිකාරම්තුමා ගෙන ගිය ප්‍රතිපත්තිය කුමක් ද?~~පංච මහා ප්‍රතිපත්තිය~0
~~~~~~~~~~~~~~අමද්‍යප ප්‍රතිපත්තිය~0
~~~~~~~~~~~~~~අවිහිංසාවාදී ප්‍රතිපත්තිය~1
~~~~~~~~~~~~~~ආර්ථික ප්‍රතිපත්තිය~0
~~~~~~~~~424~~~" ඔවා දෙනු පරහට …………… පිහිටා සිට” මෙම පාඨයේ හිස්තැන සම්පුර්ණ කරන්න.~~අප සම්මතෙහි~0
~~~~~~~~~~~~~~නුඹ සම්මතෙහි~0
~~~~~~~~~~~~~~මම සම්මතෙහි~0
~~~~~~~~~~~~~~තමා සම්මතෙහි~1
~~~~~~~~~425~~~එක්සත් ජාතීන්ගේ සංගමයේ ශ්‍රී ලංකා ශාඛාව මඟින් එතුමාට ලැබුණු චෙක්පතෙහි වටිනාකම කොපමණ ද?~~රුපියල් දහසක්~0
~~~~~~~~~~~~~~රුපියල් දස දහසක්~1
~~~~~~~~~~~~~~රුපියල් ලක්ෂයක්~0
~~~~~~~~~~~~~~රුපියල් පන්සදහසක්~0
86~sinhala-07-t3-l23-ep26~26~3~23~යහළුවෝ~යහළුවෝ වර්ගීකරණය~සිඟාලෝවාද සූත්‍රයේ ඇතුලත් කල්‍යාණ මිත්‍ර සේවනය පැහැදිලි කිරීම, කලණ මිතුරන් සහ පාප මිතුරන් කාණ්ඩ පිළිබඳව හැඳින්වීම.~01:00:00~426~~~ බුදුරදුන් කළ්‍යාණ මිත්‍රත්වය පිළිබඳ දේශනා කර ඇති සුත්‍රයක් වන්නේ,~~චුල්ලහත්ථිපදෝපම සුත්‍රය~0
~~~~~~~~~~~~~~කරණීයමෙත්ත සුත්‍රය~0
~~~~~~~~~~~~~~සිඟාලෝවාද සුත්‍රය~1
~~~~~~~~~~~~~~මෙත්ත සුත්‍රය~0
~~~~~~~~~427~~~ සදිශා නමස්කාරයේ දී යහළුවන් උපමා කර ඇත්තේ කුමන දිශාවට ද?~~උතුරට~1
~~~~~~~~~~~~~~දකුණට~0
~~~~~~~~~~~~~~නැගෙනහිර~0
~~~~~~~~~~~~~~බටහිර~0
~~~~~~~~~428~~~ හොඳ කළණ මිත්‍රයන්ට නිදසුන් ලෙස බුදුරදුන් පෙන්වා දුන්නේ කවුරුන් ද?~~සංජය පිරිවැජියාව~0
~~~~~~~~~~~~~~නකුල මාතා හා පිතා~0
~~~~~~~~~~~~~~උපතිස්ස හා කෝලිත~1
~~~~~~~~~~~~~~සෝපාක හා සුනීත~0
~~~~~~~~~429~~~ සිව්වැදැරූම් මිත්‍ර ප්‍රතිරූපකයන්ට අයත් නොවන්නේ,~~අක්ඤදත්ථු හර~0
~~~~~~~~~~~~~~අනුප්පියභාණී~0
~~~~~~~~~~~~~~අපායසහාය~0
~~~~~~~~~~~~~~අත්ථක්ඛායි මිත්‍රයා~1
~~~~~~~~~430~~~  කළණ මිත්‍රයන්  නොවන්නේ මින් කවුද?~~උපකාරක මිත්‍රයා~0
~~~~~~~~~~~~~~අනුකම්පක මිත්‍රයා~0
~~~~~~~~~~~~~~වචීපරම~1
~~~~~~~~~~~~~~අත්ථක්ඛායි මිත්‍රයා~0
87~sinhala-07-t3-l24-ep27~27~3~24~පොල් ලද සැටි~ප්‍රබන්ධයක් හඳුන්වා දීම‍~සංවාදයක් ගොඩනැගීම.~01:00:00~431~~~පාසල් යෑමට අකමැත්තක් දැක්වුයේ කවුද?~~හසිත~0
~~~~~~~~~~~~~~කුමාර~1
~~~~~~~~~~~~~~අනුර~0
~~~~~~~~~~~~~~මලිත්~0
~~~~~~~~~432~~~ කුමාර කැමැති ක්‍රීඩාව කුමක් ද?~~අත් පන්දු~0
~~~~~~~~~~~~~~මේස පන්දු~0
~~~~~~~~~~~~~~ක්‍රිකට්~1
~~~~~~~~~~~~~~වෝලිබෝල්~0
~~~~~~~~~433~~~ රෝහල් ගත වී ප්‍රතිකාර ලබන්නේ කාගේ පියා ද?~~කුසලාගේ~0
~~~~~~~~~~~~~~දෙවිමිණීගේ~1
~~~~~~~~~~~~~~නයනාගේ~0
~~~~~~~~~~~~~~කුමාරිගේ~0
~~~~~~~~~434~~~ ලක්ෂාන් ඇතුළු කණ්ඩායම සිදු කළ ප්‍රජා සත්කාරය කුමක් ද?~~ලේ දන් දීමේ වැඩසටහන~0
~~~~~~~~~~~~~~අක්ෂි සායනය~0
~~~~~~~~~~~~~~ශ්‍රමදානය~1
~~~~~~~~~~~~~~දානමය පිංකමක්~0
~~~~~~~~~435~~~ පුස් පැටවු තම නිවසට රැගෙන ගියේ කවුද?~~ගිම්හානි~0
~~~~~~~~~~~~~~කසුනි~1
~~~~~~~~~~~~~~අකලංක~0
~~~~~~~~~~~~~~සමීනා~0
88~sinhala-07-t3-l24-ep28~28~3~24~පොල් ලද සැටි~ප්‍රබන්ධයක් හඳුන්වා දීම‍~ප්‍රබන්ධයක් යනු කුමක්දැයි හඳුන්වා දීම‍ හා ' පොල් ලද සැටි' ප්‍රබන්ධය පිළිබඳ හැඳින්වීම.~01:00:00~436~~~ ප්‍රබන්ධෝපදේශය හා ප්‍රබන්ධ සංග්‍රහය යන කෘතිය රචනා කළේ කවුද?~~කුමාරතුංග මුනිදාස මහතා~1
~~~~~~~~~~~~~~ආරීයවංශ මහතා~0
~~~~~~~~~~~~~~සමරවීර මහතා~0
~~~~~~~~~~~~~~රණවීර මහතා~0
~~~~~~~~~437~~~ මහා පුරුෂයාට සිටි එවැනිම ශක්තිමත් පුද්ගලයින් ගණන කීයද?~~31~0
~~~~~~~~~~~~~~32~1
~~~~~~~~~~~~~~33~0
~~~~~~~~~~~~~~34~0
~~~~~~~~~438~~~ වන සතුන් ගම්මානය පැත්තට පැමිණෙන්නේ කුමන කාලයට ද?~~සීත කාලයට~0
~~~~~~~~~~~~~~අව්ව කාලයට~0
~~~~~~~~~~~~~~ඉඩෝරයට~1
~~~~~~~~~~~~~~වැස්සට~0
~~~~~~~~~439~~~ අලුත් ගෙඩි වර්ගයේ ප්‍රමාණය කොපමණ ද?~~මහා සැළි තරම්~1
~~~~~~~~~~~~~~මහා බෝලයක් තරම්~0
~~~~~~~~~~~~~~කඩල ඇටයක් තරම්~0
~~~~~~~~~~~~~~බිත්තරයක් තරම්~0
~~~~~~~~~440~~~ මෙම අලුත් ගෙඩි හැඳින්වීමට යෙදු නම කුමක් ද?~~කළටි~0
~~~~~~~~~~~~~~කුරුම්බා~0
~~~~~~~~~~~~~~පොල්~1
~~~~~~~~~~~~~~තැඹිලි~0
89~sinhala-07-t3-l24-ep29~29~3~24~පොල් ලද සැටි~කථා ගෙතීම අභ්‍යාස 01~පොල් ලද සැටි කතාවේ සැකිල්ල හැඳින්වීම, අරුත් පැහැදිලි කිරීම සහ අවබෝධය සම්බන්දයෙන් ප්‍රශ්ණ සාකච්ඡා කිරීම.~01:00:00~441~~~තෙදවත් යන අදහස නොදෙන පදය කුමක් ද?~~තේජවන්ත~0
~~~~~~~~~~~~~~ප්‍රතාපවත්~0
~~~~~~~~~~~~~~ආනුභාව සම්පන්න~0
~~~~~~~~~~~~~~දුබල~1
~~~~~~~~~442~~~ වෙහෙලි යනු මොනවා ද?~~අතු~0
~~~~~~~~~~~~~~කොළ~0
~~~~~~~~~~~~~~නාරටි~1
~~~~~~~~~~~~~~දලු~0
~~~~~~~~~443~~~ සාගිනි ලෙස හඳුන්වන්නේ,~~පිපාසය~0
~~~~~~~~~~~~~~කාංසාව~0
~~~~~~~~~~~~~~දුක~0
~~~~~~~~~~~~~~බඩගිනි~1
~~~~~~~~~444~~~ රහින ආයුධය රැගත් තැනැත්තා හැඳින්වීමට යොදන නාමය කුමක් ද?~~අසිපත්කරු~0
~~~~~~~~~~~~~~බෙරවායා~0
~~~~~~~~~~~~~~වෑ දරුවා~1
~~~~~~~~~~~~~~සපතේරුවා~0
~~~~~~~~~445~~~ තුන් අසකට යනු,~~තුන් ඉර~0
~~~~~~~~~~~~~~තුන්දෙනා~0
~~~~~~~~~~~~~~තුන් පැත්තකට  ~1
~~~~~~~~~~~~~~ත්‍රිශුලය~0
90~sinhala-07-t3-l24-ep30~30~3~24~පොල් ලද සැටි~කථා ගෙතීම අභ්‍යාස 02~ප්‍රබන්ධ නිර්මාණය කරන ආකාරය පිළිබඳව හැඳින්වීම, සැකිලි ඇසුරින් රසවත් කතා ගෙතීම.~01:00:00~446~~~ දිවා ආහාරය සඳහා කෑම මේසය වෙත පැමිණි සුරතලා කවුද?~~පූසා~1
~~~~~~~~~~~~~~බල්ලා~0
~~~~~~~~~~~~~~හාවා~0
~~~~~~~~~~~~~~ගිරවා~0
~~~~~~~~~447~~~ කියවන නුවණ රචනා කළේ කවුද?~~කුමාරතුංග මුනිදාස මහතා~1
~~~~~~~~~~~~~~ආරීයවංශ මහතා~0
~~~~~~~~~~~~~~සමරවීර මහතා~0
~~~~~~~~~~~~~~රණවීර මහතා~0
~~~~~~~~~448~~~ මුගටි දෙදෙනා සමඟ ගැටුමක් ඇති කර ගත්තේ කුමන සත්වයා ද?~~පූසා~0
~~~~~~~~~~~~~~බල්ලා~0
~~~~~~~~~~~~~~නයා~1
~~~~~~~~~~~~~~ගැරඬියා~0
~~~~~~~~~449~~~ පරිසරයේ සිදුවන ස්වභාවික සංසිද්ධියක් නොවන්නේ මින් කුමක් ද?~~සඳ පහන~0
~~~~~~~~~~~~~~හිරු උදාව~0
~~~~~~~~~~~~~~හිරු බැසීම~0
~~~~~~~~~~~~~~කාරය පැදවීම~1
~~~~~~~~~450~~~ නිවස අසළ උණ බට පදුරේ තිබි බිමට වැටුණු කූඩුව කාගේ ද?~~ලේනාගේ~1
~~~~~~~~~~~~~~කපුටාගේ~0
~~~~~~~~~~~~~~ගිරවාගේ~0
~~~~~~~~~~~~~~මයිනාගේ~0
