1~2017~7~ict-07-t1-l01-ep01~1~1~1~මධ්‍ය සැකසුම් ඒකකය~මධ්‍ය සැකසුම් ඒකකය හඳුනාගැනීම. /මධ්‍ය සැකසුම් ඒකකයේ ප්‍රධාන කොටස් හඳුනාගැනීම.~පරිගණකයේ මධ්‍ය සැකසුම් ඒකකයේ කාර්යය හා එහි ප්‍රධාන කොටස් (ALU, CU, Memory register) පිළිබඳව අධ්‍යනය කිරීම.~1:00:00~1~~~මධ්‍ය සැකසුම් ඒකකය යනු,~~චුම්භක ද්‍රව්‍යකින් ආවරණය කරන ලද සිහින් ප්ලාස්ටික් පටියකි.~0
~~~~~~~~~~~~~~~~දෘඪාංග සහ මෘදුකාංග පාලනය කරන මෘදුකාංගයකි.~0
~~~~~~~~~~~~~~~~ලබාදෙන උපදෙස් අනුව ක්‍රියාත්මක වෙමින් දත්ත සැකසීම සිදුකරන අංකිත පරිපථයකි.~1
~~~~~~~~~~~~~~~~වදන් සැකසුම් මෘදුකාංගයකි.~0
~~~~~~~~~~~2~~~මධ්‍ය සැකසුම් ඒකකයේ ප්‍රධාන කොටසක් නොවන්නේ,~~ALU~0
~~~~~~~~~~~~~~~~CU~0
~~~~~~~~~~~~~~~~RAM~1
~~~~~~~~~~~~~~~~Memory Register~0
~~~~~~~~~~~3~~~මධ්‍ය සැකසුම් ඒකකය භාවිතා කරමින් සිටින දත්ත තාවකාලිකව රඳවා ගනු ලබන්නේ,~~පාලන ඒකකය~0
~~~~~~~~~~~~~~~~මව් පුවරුව~0
~~~~~~~~~~~~~~~~මතක රෙජිස්තරය~1
~~~~~~~~~~~~~~~~ගණිතමය හා තාර්කික ඒකකය~0
~~~~~~~~~~~4~~~පරිගණකය තුල සියලුම ගණිතමය හා තාර්කික මෙහෙයුම් සිදුකරයි,~~RAM~0
~~~~~~~~~~~~~~~~ROM~0
~~~~~~~~~~~~~~~~ALU~1
~~~~~~~~~~~~~~~~CU~0
~~~~~~~~~~~5~~~පාලන ඒකකය මඟින් සිදු කරනුයේ,~~පරිගණකයට සම්බන්ධ කර ඇති දෘඪාංග අතර සන්නිවේදනය, මෙහෙයවීම හා පාලනය කිරීම.~1
~~~~~~~~~~~~~~~~මධ්‍ය සැකසුම් ඒකකය භාවිතා කරමින් සිටින දත්ත තාවකාලිකව රඳවා ගැනීම.~0
~~~~~~~~~~~~~~~~පරිගණකය තුල සියලුම ගණිතමය හා තාර්කික මෙහෙයුම් සිදුකිරීම.~0
~~~~~~~~~~~~~~~~ගොනු සහ ගොනු බහාලුම් නිසි ලෙස සුරකීම.~0
2~2017~7~ict-07-t1-l01-ep02~2~1~1~මධ්‍ය සැකසුම් ඒකකය~මධ්‍ය සැකසුම් ඒකකයේ පරිණාමය හා මධ්‍ය සැකසුම් ඒකකයේ වේගය හා එහි නිෂ්පාදකවරුන් පිළිබඳව හඳුනාගැනීම.~පරිගණකයේ මධ්‍ය සැකසුම් ඒකකය සඳහා භාවිතා කරන ලද ඉලෙක්ට්‍රොනික තාක්ෂණය අනුව පරිගණකය බෙදා ඇති පරම්පරා හතරක් පිළිබඳව මෙන්ම පරිගණකයේ වේගය වැඩි වී ඇති ආකාරය පිළිබව අධ්‍යනය කිරීම.~1:00:00~6~~~පළමු වන පරම්පරාවේ පරිගණක සඳහා යොදා ගන්නා ලද ඉලෙක්ට්‍රොනික තාක්ෂණය වනුයේ,~~ට්‍රාන්සිස්ටර්~0
~~~~~~~~~~~~~~~~රික්තක නළ~1
~~~~~~~~~~~~~~~~අනුකලිත පරිපත~0
~~~~~~~~~~~~~~~~ක්ෂුද්‍ර පරිපත~0
~~~~~~~~~~~7~~~පළමු පරම්පරාවේ පරිගණක සඳහා උදාහරණයක් නොවන්නේ,~~ENIAC~0
~~~~~~~~~~~~~~~~UNIVAC~0
~~~~~~~~~~~~~~~~IBM 360~1
~~~~~~~~~~~~~~~~EDVAC~0
~~~~~~~~~~~8~~~ක්‍රියාත්මක වේගය නැනෝ තත්පර වලින් මනින ලද පරිගණක පරම්පරාව වනුයේ,~~පළමුවන පරම්පරාව~0
~~~~~~~~~~~~~~~~දෙවන පරම්පරාව~0
~~~~~~~~~~~~~~~~තෙවන පරම්පරාව~1
~~~~~~~~~~~~~~~~සිවුවන පරම්පරාව~0
~~~~~~~~~~~9~~~දෙවන පරම්පරාවේ පරිගණක සඳහා යොදා ගන්නා ලද ඉලෙක්ට්‍රොනික තාක්ෂණය වනුයේ,~~ක්ෂුද්‍ර පරිපත~0
~~~~~~~~~~~~~~~~අනුකලිත පරිපත~0
~~~~~~~~~~~~~~~~ට්‍රාන්සිස්ටර්~1
~~~~~~~~~~~~~~~~රික්තක නළ~0
~~~~~~~~~~~10~~~1971 සිට මේ දක්වා කාල පරාසය තුළ භාවිතා කරන පරිගණක පරම්පරාව වන්නේ,~~පළමු පරම්පරාව (රික්තක නළ)~0
~~~~~~~~~~~~~~~~දෙවන පරම්පරාව (ට්‍රාන්සිස්ටර්)~0
~~~~~~~~~~~~~~~~තෙවන පරම්පරාව (අනුකලිත පරිපත)~0
~~~~~~~~~~~~~~~~සිවුවන පරම්පරාව (ක්ෂුද්‍ර පරිපත)~1
3~2017~7~ict-07-t1-l02-ep03~3~1~2~මෙහෙයුම් පද්ධතිය~මෙහෙයුම් පද්ධතිය හඳුනාගැනීම, එහි කාර්යය සරලව ඉගෙන ගැනීම හා මෙහෙයුම් පද්ධති උදාහරණ~මෙහෙයුම් පද්ධතිය හඳුනාගැනීම, එමඟින් සිදු කරන කාර්යයන්, පරිගණකයේ හා ජංගම දුරකථන වල භාවිතා වන මෙහෙයුම් පද්ධති සඳහා උදාහරණ පිළිබඳව අධ්‍යනය කිරීම.~1:00:00~11~~~මෙහෙයුම් පද්ධතිය මඟින් සිදු කරන කාර්යයක් නොවන්නේ,~~මධ්‍ය සැකසුම් ඒකකයේ කාර්ය පාලනය කිරීම~0
~~~~~~~~~~~~~~~~පරිගණකයේ මතකය නිසිලෙස හැසිරවීම~0
~~~~~~~~~~~~~~~~දෘඪාංග මෙහෙය වීම සිදු කිරීම~0
~~~~~~~~~~~~~~~~මධ්‍ය සැකසුම් ඒකකයේ වේගය වර්ධනය කිරීම~1
~~~~~~~~~~~12~~~පරිගණක වල භාවිතා වන මෙහෙයුම් පද්ධතියක් නොවන්නේ,~~MS Dos~0
~~~~~~~~~~~~~~~~Blackberry OS~1
~~~~~~~~~~~~~~~~Microsoft Windows~0
~~~~~~~~~~~~~~~~LINUX~0
~~~~~~~~~~~13~~~ජංගම දුරකථන සඳහා භාවිතා වන මෙහෙයුම් පද්ධතියක් නොවන්නේ,~~Fedora~1
~~~~~~~~~~~~~~~~Android~0
~~~~~~~~~~~~~~~~iPhone OS~0
~~~~~~~~~~~~~~~~Windows Mobile OS~0
~~~~~~~~~~~14~~~LINUX භාවිතා කර සෑදූ මෙහෙයුම් පද්ධතියක් වන්නේ,~~Apple Macintosh~0
~~~~~~~~~~~~~~~~Android~0
~~~~~~~~~~~~~~~~MS Dos~0
~~~~~~~~~~~~~~~~Ubuntu~1
~~~~~~~~~~~15~~~ලුමියා, HTC වැනි ජංගම දුරකථනවල භාවිතා වන මෙහෙයුම් පද්ධතිය වන්නේ,~~Blackberry OS~0
~~~~~~~~~~~~~~~~Android~0
~~~~~~~~~~~~~~~~Windows Mobile OS~1
~~~~~~~~~~~~~~~~iOS~0
4~2017~7~ict-07-t1-l02-ep04~4~1~2~මෙහෙයුම් පද්ධතිය~පුනරීක්ෂණ~මෙම පුනරීක්ෂණය මගින් මධ්‍ය සැකසුම් ඒකකය (CPU) පාඩමට අදාළව අභ්‍යාස සාකච්ඡා කිරීම.~1:00:00~16~~~ගොනුවක් සෑදී ඇති ප්‍රධාන කොටස් ගණන කොපමණ ද?~~එකකි~0
~~~~~~~~~~~~~~~~දෙකකි~1
~~~~~~~~~~~~~~~~තුනකි~0
~~~~~~~~~~~~~~~~හතරකි~0
~~~~~~~~~~~17~~~ගොනු බහාලුමක ප්‍රයෝජනයක් නොවන්නේ,~~එකිනෙකට අදාළ ගොනු එක්ව අසුරා තබා ගැනීමට හැකි වීම.~0
~~~~~~~~~~~~~~~~ගොනු පිළිවෙලකට තබා ගැනීමට හැකි වීම.~0
~~~~~~~~~~~~~~~~ස්වයංක්‍රීයව ගොනුවල පිටපත් සෑදීම.~1
~~~~~~~~~~~~~~~~අවශ්‍ය ගොනුව ඉක්මනින් ලබා ගැනීමට හැකි වීම.~0
~~~~~~~~~~~18~~~ආචයන උපාංග තුල තැන්පත් කල නොහැකි වන්නේ,~~පින්තූර~0
~~~~~~~~~~~~~~~~ලිපි ලේඛන~0
~~~~~~~~~~~~~~~~ඇඳුම් පැළඳුම්~1
~~~~~~~~~~~~~~~~මෙහෙයුම් පද්ධති~0
~~~~~~~~~~~19~~~මධ්‍ය සැකසුම් ඒකකය හඳුන්වන්නේ,~~පරිගණකයේ මුහුණත ලෙසයි.~0
~~~~~~~~~~~~~~~~පරිගණකයේ මොළය ලෙසයි.~1
~~~~~~~~~~~~~~~~පරිගණකයේ ගබඩාව ලෙසයි.~0
~~~~~~~~~~~~~~~~පරිගණකයේ ගොනුව ලෙසයි.~0
~~~~~~~~~~~20~~~මධ්‍ය සැකසුම් ඒකකයේ වේගය මැනීම සඳහා භාවිතා කරන ඒකකය වන්නේ,~~හර්ට්ස් / මෙගා හර්ට්ස් / ගිගා හර්ට්ස් (Hz / MHz / GHz )~1
~~~~~~~~~~~~~~~~ජූල් (J)~0
~~~~~~~~~~~~~~~~වොට් (W)~0
~~~~~~~~~~~~~~~~මිලි ග්‍රෑම් (mg)~0
5~2017~7~ict-07-t1-l02-ep05~5~1~2~මෙහෙයුම් පද්ධතිය~පරිගණක ආචයන හඳුනා ගැනීම, ගොනුව හා ගොනු බහාලුම හඳුනාගැනීම හා ගොනුවල ගුණාංග~පරිගණක ආචයන උපක්‍රම හා ඒවා නිපදවීමට භාවිතා කර ඇති තාක්ෂණය අනුව බෙදා ඇති කොටස් තුන හා ඒ සඳහා උදාහරණ මෙන්ම ගොනුවක් නිර්මාණය හා සංස්කරණය, ගොනුවක හා ගොනු බහාලුමක ගුණාංග පිළිබඳව අධ්‍යනය කිරීම.~1:00:00~21~~~මෙහෙයුම් පද්ධතිය යනු,~~දෘඪාංගයකි~0
~~~~~~~~~~~~~~~~මෘදුකාංගයකි~1
~~~~~~~~~~~~~~~~කදාවකි~0
~~~~~~~~~~~~~~~~ලිපියකි~0
~~~~~~~~~~~22~~~ආචයන උපක්‍රම කොටසක් නොවන්නේ,~~චුම්බක මාධ්‍ය උපක්‍රම~0
~~~~~~~~~~~~~~~~ද්‍රව තත්ත්වයේ මාධ්‍ය උපක්‍රම~1
~~~~~~~~~~~~~~~~ප්‍රකාශ මාධ්‍ය උපක්‍රම~0
~~~~~~~~~~~~~~~~ඝන තත්වයේ මාධ්‍ය උපක්‍රම~0
~~~~~~~~~~~23~~~චුම්බක මාධ්‍ය උපක්‍රම සඳහා උදාහරණයක් නොවන්නේ,~~Hard disks~0
~~~~~~~~~~~~~~~~Floppy disks~0
~~~~~~~~~~~~~~~~Pen drives~1
~~~~~~~~~~~~~~~~Magnetic tapes~0
~~~~~~~~~~~24~~~ප්‍රකාශ මාධ්‍ය උපක්‍රම සඳහා උදාහරණයක් නොවන්නේ,~~CD~0
~~~~~~~~~~~~~~~~DVD~0
~~~~~~~~~~~~~~~~Blue ray disks~0
~~~~~~~~~~~~~~~~Memory card~1
~~~~~~~~~~~25~~~ඝන තත්ත්වයේ මාධ්‍ය උපක්‍රම සඳහා උදාහරණයක් නොවන්නේ,~~Key board~1
~~~~~~~~~~~~~~~~Pen drive~0
~~~~~~~~~~~~~~~~SSD drive~0
~~~~~~~~~~~~~~~~Memory card~0
6~2017~7~ict-07-t1-l03-ep06~6~1~3~පරිගණක පද්ධතියේ ආරක්ෂාව~පරිගණක පද්ධතියේ ආරක්ෂාවේ වැදගත්කම හා දෘඪාංග ආරක්ෂා කර ගැනීම.~පරිගණක පද්ධතිය ආරක්ෂා කර ගැනීමේ වැදගත්කම, පරිගණක දෘඪාංගවල ආරක්ෂාවට තර්ජන මතුවිය හැකි අවස්ථා හා පරිගණක දෘඪාංග ආරක්ෂා කර ගැනීමට ගත හැකි ක්‍රියාමාර්ග පිළිබඳව අධ්‍යනය කිරීම.~1:00:00~26~~~මධ්‍ය සැකසුම් ඒකකය තුළ ඇති දෘඪාංගයක් නොවන්නේ,~~Motherboard~0
~~~~~~~~~~~~~~~~RAM~0
~~~~~~~~~~~~~~~~Cooling fan~0
~~~~~~~~~~~~~~~~Mouse~1
~~~~~~~~~~~27~~~පරිගණකයේ දෘඪාංග වලට හානි සිදුවිය හැකි අවස්ථාවක් නොවන්නේ,~~අධික විදුලි ධාරාවක් ලැබීම මගින්~0
~~~~~~~~~~~~~~~~පරිගණක පද්ධතිය ඇතුළත අධික ලෙස රත්වීම මගින්~0
~~~~~~~~~~~~~~~~අනවරත ජව සැපයුම් (UPS) භාවිතය මගින්~1
~~~~~~~~~~~~~~~~හදිසි විදුලි විසන්ධි වීම් මගින්~0
~~~~~~~~~~~28~~~පරිගණකය තුළ සිසිලන පංකා සවි කිරීම මගින් බලාපොරොත්තු වන්නේ,~~අධික විදුලි ධාරාවක් ලැබීමේ දී පරිගණකය ආරක්ෂා කර ගැනීම.~0
~~~~~~~~~~~~~~~~පරිගණකය තුළ අධික ලෙස රත්වන උපාංග, රත්වීම අවම කර ගැනීම.~1
~~~~~~~~~~~~~~~~අකුණු ගැසීමේ දී පරිගණකය ආරක්ෂා කර ගැනීම.~0
~~~~~~~~~~~~~~~~කෘමීන් හා මීයන් වැනි සතුන්ගෙන් පරිගණකය ආරක්ෂා කර ගැනීම.~0
~~~~~~~~~~~29~~~භෞතික හානි වලින් පරිගණකය ආරක්ෂා කර ගැනීම සඳහා ගතහැකි පියවරක් නොවන්නේ,~~විද්‍යාගාරය තුළ ආහාර පාන ගැනීම.~1
~~~~~~~~~~~~~~~~පාවහන් ගලවා විද්‍යාගාරය තුළට ඇතුලු වීම.~0
~~~~~~~~~~~~~~~~විද්‍යාගාරය නිතර ම පිරිසිදුවට තබා ගැනීම.~0
~~~~~~~~~~~~~~~~කෘමි සතුන් හා මීයන් විද්‍යාගාරයට ඇතුලුවීම වැළැක් වීම.~0
~~~~~~~~~~~30~~~සොර සතුරු උවදුරු වලින් පරිගණකය ආරක්ෂා කර ගැනීම සඳහා ගතහැකි පියවරක් නොවන්නේ,~~දොර, ජනෙල් අගුලු දැමීම.~0
~~~~~~~~~~~~~~~~පියවූ පරිපථ රූපවාහිනී කැමරා (CCTV) සවි කිරීම.~0
~~~~~~~~~~~~~~~~පරිගණකය ආරක්ෂිත නොවන ස්ථානයක ස්ථානගත කිරීම.~1
~~~~~~~~~~~~~~~~පරිගණකයේ පද්ධති ඒකකය ඉබි යතුරු මගින් ආරක්ෂා කිරීම.~0
7~2017~7~ict-07-t1-l03-ep07~7~1~3~පරිගණක පද්ධතියේ ආරක්ෂාව~මෘදුකාංග ආරක්ෂා කර ගැනීම.~පරිගණකයේ ඇති මෘදුකාංගවල ආරක්ෂාවට තර්ජන මතුවිය හැකි අවස්ථා හා පරිගණක මෘදුකාංග ආරක්ෂා කර ගැනීමට ගත හැකි ක්‍රියාමාර්ග පිළිබඳව අධ්‍යනය කිරීම.~1:00:00~31~~~පරිගණක මෘදුකාංග යනු,~~පරිගණකය තුළ ඇති ගොනු ය.~0
~~~~~~~~~~~~~~~~පරිගණකය තුළ ඇති දත්ත, තොරතුරු හා විවිධ කාර්ය සඳහා යොදා ගන්නා වැඩසටහන් ය.~1
~~~~~~~~~~~~~~~~පරිගණකය තුළ ඇති දත්ත, වැඩසටහන් ආදිය තැන්පත් කිරීම සඳහා උපයෝගී කර ගන්නා උපක්‍රමයකි.~0
~~~~~~~~~~~~~~~~පරිගණකය තුළ ඇති දෘඪාංග හසුරුවන කේතයකි.~0
~~~~~~~~~~~32~~~පරිගණක මෘදුකාංග සඳහා උදාහරණයක් නොවන්නේ,~~මෙහෙයුම් පද්ධතිය~0
~~~~~~~~~~~~~~~~වදන් සැකසුම් මෘදුකාංග~0
~~~~~~~~~~~~~~~~පෑන් ධාවකය~1
~~~~~~~~~~~~~~~~ලිපි ලේඛන ඇතුළත් ගොනු~0
~~~~~~~~~~~33~~~මෘදුකාංගවලට තර්ජන ඇති විය හැකි අවස්ථාවක් නොවන්නේ,~~අනවසර ප්‍රවේශ වීම්~0
~~~~~~~~~~~~~~~~මෙහෙයුම් පද්ධතියේ ඇති විය හැකි ව්‍යාකූලතා~0
~~~~~~~~~~~~~~~~හදිසි විදුලි බිඳ වැටීම්~0
~~~~~~~~~~~~~~~~යතුරු පුවරුව මත ජලය වැටීම~1
~~~~~~~~~~~34~~~පරිගණකයේ මෘදුකාංග සංරචක වල ආරක්ෂාව සඳහා ගත හැකි පියවරක් නොවන්නේ,~~අන්තර්ජාලය භාවිතයේ දී ආරක්ෂක නොවන වෙබ් අඩවි භාවිතා කිරීම.~1
~~~~~~~~~~~~~~~~ප්‍රතිවෛරස මෘදුකාංග භාවිතය.~0
~~~~~~~~~~~~~~~~උපස්ථ පිටපත් (Backups) ලබා ගැනීම.~0
~~~~~~~~~~~~~~~~අනවසර ප්‍රවේශවීම් පාලනය සඳහා මෘදුකාංගමය හා භෞතිකමය විසඳුම් ලබා දීම.~0
~~~~~~~~~~~35~~~විදුලි බිඳ වැටීම්, ස්වාභාවික ආපදා, ගොනු මැකීම් හා මෙහෙයුම් පද්ධතියේ ව්‍යාකූලතා වැනි දෙයින් මෘදුකාංග සංරචක ආරක්ෂා කර ගැනීමට ගත හැකි සුදුසු ම පියවර වන්නේ,~~ප්‍රතිවෛරස මෘදුකාංග භාවිතය.~0
~~~~~~~~~~~~~~~~අන්තර්ජාලය භාවිතයේ දී ආරක්ෂක වෙබ් අඩවි භාවිතා කිරීම.~0
~~~~~~~~~~~~~~~~උපස්ථ පිටපත් (Backups) ලබා ගැනීම.~1
~~~~~~~~~~~~~~~~භෞතික අගුල් භාවිතය.~0
8~2017~7~ict-07-t1-l03-ep08~8~1~3~පරිගණක පද්ධතියේ ආරක්ෂාව~පුනරීක්ෂණ~මෙම පුනරීක්ෂණය මගින් මෙහෙයුම් පද්ධතිය හා පරිගණක පද්ධතියේ ආරක්ෂාව යන පාඩම්වලට අදාළව අභ්‍යාස සාකච්ඡා කිරීම.~1:00:00~36~~~පරිගණක දෘඪාංගයක් නොවන්නේ,~~සංදර්ශකය~0
~~~~~~~~~~~~~~~~යතුරු පුවරුව~0
~~~~~~~~~~~~~~~~මෙහෙයුම් පද්ධතිය~1
~~~~~~~~~~~~~~~~මවු පුවරුව~0
~~~~~~~~~~~37~~~CCTV යන්නෙහි දීර්ඝ යෙදුම වන්නේ,~~Close Create Text Vision~0
~~~~~~~~~~~~~~~~Closed Circuit Television~1
~~~~~~~~~~~~~~~~Closed Clear Telephone~0
~~~~~~~~~~~~~~~~Close Cut Text~0
~~~~~~~~~~~38~~~විද්‍යාගාරය තුල තෙතමනය රැඳීම මඟින් සිදුවන්නේ,~~වැලි, දූවිලි ආදියෙන් විද්‍යාගාරය පිරීම.~0
~~~~~~~~~~~~~~~~විද්‍යාගාරය තුළට කෘමීන් පැමිණීම.~0
~~~~~~~~~~~~~~~~පරිගණකයේ පරිපථ මත දූවිලි බැඳීම.~0
~~~~~~~~~~~~~~~~පරිපථ ලුහුවත් (Shorts circuits) වීම.~1
~~~~~~~~~~~39~~~පරිගණක මෘදුකාංගයක් සඳහා උදාහරණයක් වනූයේ,~~වදන් සැකසුම් මෘදුකාංගය~1
~~~~~~~~~~~~~~~~දෘඪ තැටිය~0
~~~~~~~~~~~~~~~~සසම්භාවී ප්‍රෙව්ශ මතකය~0
~~~~~~~~~~~~~~~~සිසිලන පංකාව~0
~~~~~~~~~~~40~~~ප්‍රතිවෛරස මෘදුකාංගයක් සඳහා උදාහරණයක් වන්නේ,~~Adobe illustrator~0
~~~~~~~~~~~~~~~~MS Power Point~0
~~~~~~~~~~~~~~~~AVAST~1
~~~~~~~~~~~~~~~~Notepad~0
9~2017~7~ict-07-t1-l03-ep09~9~1~3~පරිගණක පද්ධතියේ ආරක්ෂාව~අනිෂ්ට මෘදුකාංගවලට එරෙහිව ආරක්ෂාව සැපයීම.~අනිෂ්ට මෘදුකාංග වර්ග, අනිෂ්ට මෘදුකාංගවලින් සිදුවන හානි හා ඒවාගෙන් ආරක්ෂා වීමට ගත හැකි ක්‍රියා මාර්ග, ප්‍රවේශය පාලනය සඳහා ගත හැකි මෘදුකාංගමය විසඳුම් හා භෞතික අගුල් භාවිතය පිළිබඳව අධ්‍යනය කිරීම.~1:00:00~41~~~අනිෂ්ට මෘදුකාංග මඟින් හානියක් නොවන්නේ මේ අතරින් කුමක් සඳහා ද?~~පරිගණකයේ ස්ථාපනය කර ඇති මෘදුකාංගවලට~0
~~~~~~~~~~~~~~~~පරිගණකය තබා ඇති මේසයට~1
~~~~~~~~~~~~~~~~පරිගණකයේ තැන්පත් කර ඇති දත්තයන්ට~0
~~~~~~~~~~~~~~~~පරිගණක ජාලවලට~0
~~~~~~~~~~~42~~~අනිෂ්ට මෘදුකාංග වර්ගයක් නොවන්නේ,~~වෙබ් පිටු (Web pages)~1
~~~~~~~~~~~~~~~~පරිගණක වෛරස (Computer virus)~0
~~~~~~~~~~~~~~~~පරිගණක වර්ම්ස් (Computer worms)~0
~~~~~~~~~~~~~~~~පිළි ඔත්තු - මෘදුකාංග (Spyware)~0
~~~~~~~~~~~43~~~පරිගණක ජාල හා අන්තර්ජාලය භාවිතයෙන් ස්වයංක්‍රීයව ව්‍යාප්ත වන අනිෂ්ට මෘදුකාංග වර්ගය වනුයේ,~~ට්‍රෝජන් අශ්වයා (Trojan horse)~0
~~~~~~~~~~~~~~~~පරිගණක වෛරස (Computer virus)~0
~~~~~~~~~~~~~~~~පිළි ඔත්තු - මෘදුකාංග (Spyware)~0
~~~~~~~~~~~~~~~~පරිගණක වර්ම්ස් (Computer worms)~1
~~~~~~~~~~~44~~~අනිෂ්ට මෘදුකාංගවලින් සිදුවන හානි වළක්වා ගැනීමට ගත හැකි පියවරක් නොවන්නේ,~~ප්‍රතිවෛරස මෘදුකාංගයක් ස්ථාපනය කර නිතර යාවත්කාලීන කිරීම.~0
~~~~~~~~~~~~~~~~සැක සහිත විද්‍යුත් තැපෑල හා ඇම්ණුම් විවෘත නොකිරීම.~0
~~~~~~~~~~~~~~~~අන්තර්ජාලය භාවිතයේ දී ආරක්ෂක නොවන වෙබ් අඩවි භාවිතා කිරීම.~1
~~~~~~~~~~~~~~~~ගිනි පවුරු (Firewall) සක්‍රීය කිරීම.~0
~~~~~~~~~~~45~~~ප්‍රවේශය පාලනය සඳහා ගතහැකි භෞතික අගුල් ක්‍රියාවක් නොවන්නේ,~~ගුප්ත කේතනය භාවිතා කිරීම.~1
~~~~~~~~~~~~~~~~පරිගණකය ආරක්ෂිත ස්ථානයක ස්ථානගත කිරීම.~0
~~~~~~~~~~~~~~~~ආරක්ෂිත කැමරා (CCTV) පද්ධති භාවිතය.~0
~~~~~~~~~~~~~~~~ජීවමිතික මුරපද භාවිතය.~0
10~2017~7~ict-07-t1-l04-ep10~10~1~4~වදන් සැකසීම~වදන් සැකසීමේ ඉතිහාසය හා යතුරු පුවරුව හඳුනාගැනීම.~වදන් සැකසීමේ මෘදුකාංග සඳහා උදාහරණ පිළිබඳවත් යතුරු පුවරුව හඳුනාගැනීම හා යතුරු පුවරුවේ මූලික කොටස් පිළිබඳව අධ්‍යනය කිරීම.~1:00:00~46~~~පළමු වදන් සැකසීමේ පරිගණකය සොයා ගත් දශකය වනූයේ,~~1990 දශකය~0
~~~~~~~~~~~~~~~~2000 දශකය~0
~~~~~~~~~~~~~~~~1960 දශකය~1
~~~~~~~~~~~~~~~~1945 දශකය~0
~~~~~~~~~~~47~~~වදන් සැකසුම් මෘදුකාංගය සඳහා උදාහරණයක් නොවන්නේ,~~Adobe flash~1
~~~~~~~~~~~~~~~~Microsoft Office word~0
~~~~~~~~~~~~~~~~Open Office writer~0
~~~~~~~~~~~~~~~~iWork pages~0
~~~~~~~~~~~48~~~වදන් සැකසීමේ මෘදුකාංගවල වාසියක් නොවන්නේ,~~ලේඛන නිර්මාණය~0
~~~~~~~~~~~~~~~~ලේඛනයේ වචන සෙවීම~0
~~~~~~~~~~~~~~~~පසුු භාවිතයට සුරැකීම~0
~~~~~~~~~~~~~~~~චලන රූප නිර්මාණය කිරීම~1
~~~~~~~~~~~49~~~යතුරු පුවරුවේ මෙහෙයුම් යතුරු සඳහා උදාහරණයක් නොවන්නේ,~~Ctrl~0
~~~~~~~~~~~~~~~~Home~1
~~~~~~~~~~~~~~~~Alt~0
~~~~~~~~~~~~~~~~Esc~0
~~~~~~~~~~~50~~~ඉලක්කම් ඉතා ඉක්මනින් පරිගණකයට ඇතුලත් කිරීම සඳහා සුදුසු වන යතුරු කාණ්ඩය වන්නේ,~~සංචලන යතුරු~0
~~~~~~~~~~~~~~~~මෙහෙයුම් යතුරු~0
~~~~~~~~~~~~~~~~සංඛ්‍යා යතුරු තලය~1
~~~~~~~~~~~~~~~~කාර්ය යතුරු~0
11~2017~7~ict-07-t1-l04-ep11~11~1~4~වදන් සැකසීම~යතුරු පුවරුව නිවැරදිව භාවිතා කිරීම හා යතුරු පුවරුව නිවැරදිව භාවිතා කර ලේඛන නිර්මාණය.~යතුරු පුවරුව භාවිතා කර ලේඛන නිර්මාණය කිරීමත්, යතුරු පුවරු පුහුණු මෘදුකාංග භාවිතය හා සිංහල හා දෙමළ යතුරු පුවරුව භාවිතා කිරීම පිළිබඳව අධ්‍යනය කිරීම.~1:00:00~51~~~වචන අතර ඉඩ තැබීමට භාවිතා කරන යතුර වන්නේ,~~Space bar~1
~~~~~~~~~~~~~~~~Caps Lock~0
~~~~~~~~~~~~~~~~Shift~0
~~~~~~~~~~~~~~~~Delete~0
~~~~~~~~~~~52~~~ස්පර්ශ යතුරුකරණය නිවැරදිව පුහුණු වීමේ වාසියක් නොවන්නේ,~~කාලය ඉතිරි කර ගත හැකි වීම.~0
~~~~~~~~~~~~~~~~ලේඛනයේ වැරදි වැඩි වීම.~1
~~~~~~~~~~~~~~~~ලිපි ලේඛන සංස්කරණය පහසු වීම.~0
~~~~~~~~~~~~~~~~වේගයෙන් යතුරුකරණය සිදුකළ හැකි වීම.~0
~~~~~~~~~~~53~~~සිංහල අක්ෂර යතුරු ලියනය සඳහා භාවිතා කරන අක්ෂර වර්ගයක් වන්නේ,~~Calibri~0
~~~~~~~~~~~~~~~~Bamini~0
~~~~~~~~~~~~~~~~FMBindumathi~1
~~~~~~~~~~~~~~~~Times New Roman~0
~~~~~~~~~~~54~~~Enter යතුර එක් වරක් එබීමෙන් සිදු වන්නේ,~~කර්සරයේ වම් පස ඇති අකුර මැකී යයි.~0
~~~~~~~~~~~~~~~~කර්සරය පිටුවෙහි මුලට ගමන් කරයි.~0
~~~~~~~~~~~~~~~~ඉංග්‍රීසි කැපිටල් අකුරු ලිය වේ.~0
~~~~~~~~~~~~~~~~කර්සරය එක් පේළියක් පහළට යයි.~1
~~~~~~~~~~~55~~~යතුරු පුවරුව නිවැරදිව භාවිතා කරන පියවරක් නොවන්නේ,~~නිවැරදි ඉරියව්වෙන් හිඳ ගැනීම.~0
~~~~~~~~~~~~~~~~යතුරු පුවරුව උකුල මත තබා ගැනීම.~1
~~~~~~~~~~~~~~~~වැලමිට හෝ අත්ල මේසය මත තබා නොගැනීම.~0
~~~~~~~~~~~~~~~~යතුරු මෘදුව එබීම.~0
12~2017~7~ict-07-t2-l05-ep01~1~2~5~ක්‍රමලේඛ සංවර්ධනය~ගැටලු වියෝජනය කිරීම, ඇල්ගොරිතම නිරූපණය සඳහා ගැලීම් සටහන් භාවිතය.~ගැටලුවක් වියෝජනය කරන ආකාරය හා ගැටලුව වියෝජනය කිරීමෙන් ඇති වාසි මෙන්ම ඇල්ගොරිතම නිරූපනය සඳහා ගැලීම් සටහන් භාවිතය පිළිබඳව අධ්‍යනය කිරීම.~1:00:00~56~~~ගැටලුවක් වියෝජනය කිරීමෙන් ඇති වාසියක් නොවන්නේ,~~විසඳීම පහසු වේ.~0
~~~~~~~~~~~~~~~~විසඳීම අපහසු වේ.~1
~~~~~~~~~~~~~~~~විස්තර කිරීම පහසු වේ.~0
~~~~~~~~~~~~~~~~අවබෝධ කර ගැනීම පහසු වේ.~0
~~~~~~~~~~~57~~~කාර්ය ප්‍රවාහයක් හෝ ක්‍රියාවලියක් නියෝජනය කරන රූප සටහනක් යනු,~~බූලියන් ප්‍රකාශනයකි.~0
~~~~~~~~~~~~~~~~සිතියම් සටහනකි.~0
~~~~~~~~~~~~~~~~ගැලීම් සටහනකි.~1
~~~~~~~~~~~~~~~~විචල්‍ය අගයකි.~0
~~~~~~~~~~~58~~~ගැලීම් සටහන් නිර්මාණයේ දී ආදානය සහ ප්‍රතිදානය පෙන්වන සංකේතය වන්නේ,~ict-07-t3-l06-ep01-q-3-a-1.png~~0
~~~~~~~~~~~~~~~ict-07-t3-l06-ep01-q-3-a-2.png~~0
~~~~~~~~~~~~~~~ict-07-t3-l06-ep01-q-3-a-3.png~~0
~~~~~~~~~~~~~~~ict-07-t3-l06-ep01-q-3-a-4.png~~1
~~~~~~~~~~~59~~~ගැලීම් සටහන් නිර්මාණයේ දී තීරණය පෙන්වන සංකේතය වන්නේ~ict-07-t3-l06-ep01-q-4-a-1.png~~1
~~~~~~~~~~~~~~~ict-07-t3-l06-ep01-q-4-a-2.png~~0
~~~~~~~~~~~~~~~ict-07-t3-l06-ep01-q-4-a-3.png~~0
~~~~~~~~~~~~~~~ict-07-t3-l06-ep01-q-4-a-4.png~~0
~~~~~~~~~~~60~~~ගැලීම් සටහන් නිර්මාණයේ දී ආරම්භය සහ අවසානය පෙන්වන සංකේතය වන්නේ,~ict-07-t3-l06-ep01-q-5-a-1.png~~0
~~~~~~~~~~~~~~~ict-07-t3-l06-ep01-q-5-a-2.png~~1
~~~~~~~~~~~~~~~ict-07-t3-l06-ep01-q-5-a-3.png~~0
~~~~~~~~~~~~~~~ict-07-t3-l06-ep01-q-5-a-4.png~~0
13~2017~7~ict-07-t2-l05-ep02~2~2~5~ක්‍රමලේඛ සංවර්ධනය~මූලික පාලන ව්‍යූහ යටතේ අනුක්‍රමය~පාලන ව්‍යුහයක් යනු කුමක් ද? මූලික පාලන ව්‍යුහ කොටස් තුන හා අනුක්‍රමය යනු කුමක් ද? එහි ක්‍රියාකාරීත්වය පිළිබඳව අධ්‍යනය කිරීම.~1:00:00~61~~~ඇල්ගොරිතමයක මූලික පාලන ව්‍යුහ තුනට අයත් නොවනුයේ,~~අනුක්‍රමය~0
~~~~~~~~~~~~~~~~පුනර්කරණය~0
~~~~~~~~~~~~~~~~ආක්‍රමණය~1
~~~~~~~~~~~~~~~~තේරීම~0
~~~~~~~~~~~62~~ict-07-t2-l05-ep02-q-2.png~පහත රූපයේ දැක්වෙන ඇල්ගොරිතමයක පාලන ව්‍යුහය වනුයේ,~~අනුක්‍රමය~1
~~~~~~~~~~~~~~~~පුනර්කරණය~0
~~~~~~~~~~~~~~~~ආක්‍රමණය~0
~~~~~~~~~~~~~~~~තේරීම~0
~~~~~~~~~~~63~~ict-07-t2-l05-ep02-q-3.png~පහත රූපයේ දැක්වෙන ඇල්ගොරිතමයක පාලන ව්‍යුහය වනුයේ,~~අනුක්‍රමය~0
~~~~~~~~~~~~~~~~පුනර්කරණය~0
~~~~~~~~~~~~~~~~ආක්‍රමණය~0
~~~~~~~~~~~~~~~~තේරීම~1
~~~~~~~~~~~64~~ict-07-t2-l05-ep02-q-4.png~පහත රූපයේ දැක්වෙන ඇල්ගොරිතමයක පාලන ව්‍යුහය වනුයේ,~~අනුක්‍රමය~0
~~~~~~~~~~~~~~~~පුනර්කරණය~1
~~~~~~~~~~~~~~~~ආක්‍රමණය~0
~~~~~~~~~~~~~~~~තේරීම~0
~~~~~~~~~~~65~~~අනුක්‍රමය ඇල්ගොරිතමයක් යනු,~~උපදෙස් එකින් එක අනුපිළිවෙලින් ඉහළ සිට පහළට ක්‍රියාත්මක වීම.~1
~~~~~~~~~~~~~~~~දෙන ලද කොන්දේසියකට අනුව ක්‍රියාත්මක කල යුතු පියවර කුමක් ද යන්න තීරණය කිරීම.~0
~~~~~~~~~~~~~~~~උපදෙස් එකක් හෝ කීපයක් නැවත නැවත ක්‍රියාත්මක වීම.~0
~~~~~~~~~~~~~~~~සරල පරිගණක වැඩසටහන් නිර්මාණය කල හැකි මෘදුකාංගයකි.~0
14~2017~7~ict-07-t2-l05-ep03~3~2~5~ක්‍රමලේඛ සංවර්ධනය~මූලික පාලන ව්‍යුහ යටතේ තේරීම~මූලික පාලන ව්‍යූහයක් වන තේරීම පිළිබඳවත් ඒ සඳහා උදාහරණත් සාකච්ඡා කිරීම.~1:00:00~66~~~තේරීමක දී ගැලීම් දිශාව තෝරාගත යුතු වන්නේ,~~ගැලීම් සටහන ගලාගෙන යන දිශාව මත.~0
~~~~~~~~~~~~~~~~ගැලීම් සටහනේ අනුපිළිවෙල මත.~0
~~~~~~~~~~~~~~~~කොන්දේසිය පරීක්ෂාකර එය සත්‍ය වීම හෝ අසත්‍ය වීම මත.~1
~~~~~~~~~~~~~~~~ගැලීම් සටහනේ දිග මත.~0
~~~~~~~~~~~67~~~උපදෙස් එකක් හෝ කීපයක් නැවත නැවත ක්‍රියාත්මක වීම යනු,~~Selection (තේරීම) වේ.~0
~~~~~~~~~~~~~~~~Repetition (පුනර්කරණය) වේ.~1
~~~~~~~~~~~~~~~~Sequence (අනුක්‍රමය) වේ.~0
~~~~~~~~~~~~~~~~Invasion (ආක්‍රමණය) වේ.~0
~~~~~~~~~~~68~~~උපදෙස් එකින් එක අනුපිළිවෙලින් ඉහළ සිට පහළට ක්‍රියාත්මක වීම යනු,~~Invasion (ආක්‍රමණය) වේ.~0
~~~~~~~~~~~~~~~~Selection (තේරීම) වේ.~0
~~~~~~~~~~~~~~~~Repetition (පුනර්කරණය) වේ.~0
~~~~~~~~~~~~~~~~Sequence (අනුක්‍රමය) වේ.~1
~~~~~~~~~~~69~~~දෙන ලද කොන්දේසියකට අනුව ක්‍රියාත්මක කල යුතු පියවර කුමක් ද යන්න තීරණය කිරීම යනු,~~Repetition (පුනර්කරණය) වේ.~0
~~~~~~~~~~~~~~~~Selection (තේරීම) වේ.~1
~~~~~~~~~~~~~~~~Invasion (ආක්‍රමණය) වේ.~0
~~~~~~~~~~~~~~~~Sequence (අනුක්‍රමය) වේ.~0
~~~~~~~~~~~70~~~සංකීර්ණ ගැටලුවක් උප කොටස් වලට වියෝජනය කිරීමෙන්,~~විසඳුම සෙවීම අපහසු වේ.~0
~~~~~~~~~~~~~~~~විසඳුම සෙවීම පහසු වේ.~1
~~~~~~~~~~~~~~~~විසඳුම සොයාගත නොහැකි වේ.~0
~~~~~~~~~~~~~~~~කිසිඳු ප්‍රතිඵලයක් නොමැති වේ.~0
15~2017~7~ict-07-t2-l05-ep04~4~2~5~ක්‍රමලේඛ සංවර්ධනය~මූලික පාලන ව්‍යුහ යටතේ පුණර්කරණය.~මූලික පාලන ව්‍යූහයක් වන පුනර්කරණය පිළිබඳවත් ඒ සඳහා උදාහරණත්, පුනර්කරණය වීමට අදාළ කොන්දේසි පරීක්ෂා කිරීමේ ක්‍රම පිළිබඳවත් අධ්‍යනය කිරීම.~1:00:00~71~~~ඇල්ගොරිතම වල බොහෝ විට පුනරාවර්තනය භාවිතා කරනුයේ,~~ඇල්ගොරිතමයේ දිග වැඩිවන තෙක් ය.~0
~~~~~~~~~~~~~~~~නිවැරදි දිශාව තෝරා ගන්නා තෙක් ය.~0
~~~~~~~~~~~~~~~~නිශ්චිත වාර ගණනක් හෝ යම් කොන්දේසියක් සපුරාලන තෙක් ය.~1
~~~~~~~~~~~~~~~~ගැලීම් සටහනේ දිග හා පළල සමාන වන තෙක් ය.~0
~~~~~~~~~~~72~~~පුනර්කරණය (Repetition) යනු,~~සංකීර්ණ ගැටලුවක් උප කොටස් වලට වියෝජනය කිරීම.~0
~~~~~~~~~~~~~~~~උපදෙස් එකින් එක අනුපිළිවෙලින් ඉහළ සිට පහළට ක්‍රියාත්මක වීම.~0
~~~~~~~~~~~~~~~~උපදෙස් එකක් හෝ කීපයක් නැවත නැවත ක්‍රියාත්මක වීම.~1
~~~~~~~~~~~~~~~~දෙන ලද කොන්දේසියකට අනුව ක්‍රියාත්මක කල යුතු පියවර කුමක් ද යන්න තීරණය කිරීම.~0
~~~~~~~~~~~73~~~පුනර්කරණය වීමට අදාළ කොන්දේසිය පරීක්ෂා කිරීමට ඇති ක්‍රමයක් වනුයේ,~~එක් වරක් ක්‍රියාත්මක වීමෙන් පසු කොන්දේසිය පරීක්ෂා කිරීම.~1
~~~~~~~~~~~~~~~~සිව් වරක් ක්‍රියාත්මක වීමෙන් පසු කොන්දේසිය පරීක්ෂා කිරීම.~0
~~~~~~~~~~~~~~~~පුනර්කරණය අවසානයේ කොන්දේසිය පරීක්ෂා කිරීම.~0
~~~~~~~~~~~~~~~~පස් වරක් ක්‍රියාත්මක වීමෙන් පසු කොන්දේසිය පරීක්ෂා කිරීම.~0
~~~~~~~~~~~74~~~පුනර්කරණය සඳහා උදාහරණයක් නොවන්නේ,~~කැටයක් පිරෙන තෙක් කාසි දැමීම.~0
~~~~~~~~~~~~~~~~විදුලි පංකාවක් ක්‍රියාත්මක කිරීම.~1
~~~~~~~~~~~~~~~~තීන්ත ඉවරවෙන තෙක් පෑනකින් ලිවීම.~0
~~~~~~~~~~~~~~~~වට්ටියක් පිරෙන තෙක් මල් කැඩීම.~0
~~~~~~~~~~~75~~~ගැලීම් සටහන් නිර්මාණයේ දී ක්‍රියාවලිය පෙන්වන සංකේතය වන්නේ,~ict-07-t2-l05-ep04-q-5-a-1.png~~0
~~~~~~~~~~~~~~~ict-07-t2-l05-ep04-q-5-a-2.png~~0
~~~~~~~~~~~~~~~ict-07-t2-l05-ep04-q-5-a-3.png~~1
~~~~~~~~~~~~~~~ict-07-t2-l05-ep04-q-5-a-4.png~~0
16~2017~7~ict-07-t2-l05-ep05~5~2~5~ක්‍රමලේඛ සංවර්ධනය~Scratch ක්‍රමලේඛ මෘදුකාංගය හැඳින්වීම හා එහි ක්‍රියාකාරීත්වය.~Scratch ක්‍රමලේඛන මෘදුකාංගය හඳුනාගැනීමත්, එහි ප්‍රධාන කොටස් පිළිබඳවත්, Scratch ක්‍රමලේඛන මෘදුකාංගයේ කාණ්ඩ වර්ගීකරණයත් ඒ සඳහා උපදෙස් කාණ්ඩ පිළිබඳවත් අධ්‍යනය කිරීම.~1:00:00~76~~~Scratch යනු කුමක් ද?~~සමර්පණ මෘදුකාංගයකි.~0
~~~~~~~~~~~~~~~~දෘෂ්‍ය වැඩසටහන් සංවර්ධන මෘදුකාංගයකි.~1
~~~~~~~~~~~~~~~~ප්‍රතිවෛරස මෘදුකාංගයකි.~0
~~~~~~~~~~~~~~~~ගැලීම් සටහනකි.~0
~~~~~~~~~~~77~~~Open Source මෘදුකාංගයක් නොවන්නේ,~~GIMP~0
~~~~~~~~~~~~~~~~Scratch~0
~~~~~~~~~~~~~~~~VLC Media Player~0
~~~~~~~~~~~~~~~~Adobe Flash~1
~~~~~~~~~~~78~~~Sprite වේදිකාව මත ගමන් කරවීමට අදාළ උපදෙස් කාණ්ඩ ඇතුළත් වනුයේ,~~Sound තුළ ය.~0
~~~~~~~~~~~~~~~~Looks තුළ ය.~0
~~~~~~~~~~~~~~~~Motion තුළ ය.~1
~~~~~~~~~~~~~~~~Pen තුළ ය.~0
~~~~~~~~~~~79~~~විචල්‍ය ගොඩනැගීම හා ඒවාට අගයන් පැවරීමට අවශ්‍ය උපදෙස් කාණ්ඩ ඇතුළත් වනුයේ,~~Motion තුළ ය.~0
~~~~~~~~~~~~~~~~Data තුළ ය.~1
~~~~~~~~~~~~~~~~Pen තුළ ය.~0
~~~~~~~~~~~~~~~~Control තුළ ය.~0
~~~~~~~~~~~80~~~අනෙකුත් සියලු උපදෙස් කාණ්ඩ සඳහා ක්‍රියාත්මක වීමේ උපදෙස් ලබා දීම සිදු කරනුයේ,~~Events මඟිනි.~1
~~~~~~~~~~~~~~~~Operators මඟිනි.~0
~~~~~~~~~~~~~~~~Data මඟිනි.~0
~~~~~~~~~~~~~~~~Sensing මඟිනි.~0
17~2017~7~ict-07-t2-l05-ep06~6~2~5~ක්‍රමලේඛ සංවර්ධනය~පියානෝව ඇසුරින් මූලික ස්වර වාදනය, දින පෙන්වීම හා උපදෙස් කාණ්ඩ විග්‍රහය.~Scratch ක්‍රමලේඛන මෘදුකාංගය භාවිතයෙන් පියානෝවක මූලික ස්වර වාදනය හා සතියේ දින දර්ශනය වීම ප්‍රායෝගික ක්‍රියාකාරකම් ඇසුරින් සාකච්ඡා කිරීම.~1:00:00~81~~~Sensing තුළ ඇතුළත් වනුයේ,~~ආදාන ලබා ගැනීමේ උපදෙස් කාණ්ඩ වේ.~1
~~~~~~~~~~~~~~~~ගණිතමය සම්බන්ධතා ගොඩනැගීමේ උපදෙස් කාණ්ඩ වේ.~0
~~~~~~~~~~~~~~~~විචල්‍ය ගොඩනැගීම හා ඒවාට අගයන් පැවරීමට අවශ්‍ය උපදෙස් කාණ්ඩ වේ.~0
~~~~~~~~~~~~~~~~Sprite වේදිකාව මත ගමන් කරවීමට අදාළ උපදෙස් කාණ්ඩ වේ.~0
~~~~~~~~~~~82~~~Sprites අතර සංවාද ඇති කිරීමට අදාළ උපදෙස් කාණ්ඩ ඇතුළත් වන්නේ,~~Pen තුළ ය.~0
~~~~~~~~~~~~~~~~Controls තුළ ය.~0
~~~~~~~~~~~~~~~~Events තුළ ය.~0
~~~~~~~~~~~~~~~~Looks තුළ ය.~1
~~~~~~~~~~~83~~~ශබ්ද සහ නාද රටා ගොඩ නැගීමට මූලික ස්වර සහ වාද්‍ය භාණ්ඩ ඇතුළත් වනුයේ,~~Events තුළ ය.~0
~~~~~~~~~~~~~~~~Sound තුළ ය.~1
~~~~~~~~~~~~~~~~Controls තුළ ය.~0
~~~~~~~~~~~~~~~~Data තුළ ය.~0
~~~~~~~~~~~84~~~වේදිකාව මත රේඛා සහ විවිධ හැඩතල ඇඳීම සඳහා අවශ්‍ය වර්ණ සහ මෙවලම් ඇතුළත් වනුයේ,~~Data තුළ ය.~0
~~~~~~~~~~~~~~~~Pen තුළ ය.~1
~~~~~~~~~~~~~~~~Controls තුළ ය.~0
~~~~~~~~~~~~~~~~Events තුළ ය.~0
~~~~~~~~~~~85~~~Controls තුළ ඇතුලත් වනුයේ,~~Sprites අතර සංවාද ඇති කිරීමට අදාළ උපදෙස් කාණ්ඩ වේ.~0
~~~~~~~~~~~~~~~~අනෙකුත් සියලු උපදෙස් කාණ්ඩ සඳහා ක්‍රියාත්මක වීමේ උපදෙස් ලබා දීම සිදු‍ කිරීම වේ.~0
~~~~~~~~~~~~~~~~උපදෙස් කාණ්ඩ ක්‍රියාත්මක කිරීම පාලනය කිරීම සඳහා වරණය සහ පුනර්කරණය සහිත උපදෙස් කාණ්ඩ වේ.~1
~~~~~~~~~~~~~~~~වේදිකාව මත රේඛා සහ විවිධ හැඩතල ඇඳීම සඳහා අවශ්‍ය වර්ණ සහ මෙවලම් වේ.~0
18~2017~7~ict-07-t2-l05-ep07~7~2~5~ක්‍රමලේඛ සංවර්ධනය~විචල්‍ය හඳුන්වාදීම හා විචල්‍ය සෑදීම.~විචල්‍යක ස්වරූපය හඳුනා ගැනීම, විචල්‍යකට අගයන් පැවරීම හා ඒ ආශ්‍රිත උදාහරණ භාවිතයෙන් ගැටලු අධ්‍යනය කිරීම.~1:00:00~86~~~ක්‍රමලේඛනයේ දී විචල්‍ය (Variables) යොදා ගනු ලබන්නේ,~~අගයන් තාවකාලිකව මතකය තුළ තැන්පත් කිරීම සඳහා.~1
~~~~~~~~~~~~~~~~අගයන් එකින් එක එකතු කිරීම සඳහා.~0
~~~~~~~~~~~~~~~~ක්‍රමලේඛන පිළිවෙලට සකස් කිරීම සඳහා.~0
~~~~~~~~~~~~~~~~ක්‍රමලේඛනය අවබෝධ කර ගැනීම සඳහා.~0
~~~~~~~~~~~87~~~විචල්‍යවලට අගයන් පැවරීමේ දී විචල්‍ය නාමය යොදනුයේ,~~සමාන ලකුණට පහළින් ය.~0
~~~~~~~~~~~~~~~~සමාන ලකුණට දකුණු පසින් ය.~0
~~~~~~~~~~~~~~~~සමාන ලකුණට වම් පසින් ය.~1
~~~~~~~~~~~~~~~~සමාන ලකුණට ඉහළින් ය.~0
~~~~~~~~~~~88~~~විචල්‍යවලට අගයන් පැවරීමේ දී අගය යොදනුයේ,~~සමාන ලකුණට ඉහළින් ය.~0
~~~~~~~~~~~~~~~~සමාන ලකුණට වම් පසින් ය.~0
~~~~~~~~~~~~~~~~සමාන ලකුණට ඉහළින් ය.~0
~~~~~~~~~~~~~~~~සමාන ලකුණට දකුණු පසින් ය.~1
~~~~~~~~~~~89~~~Scratch හි විචල්‍ය සෑදීමේ දී සිදු කරන කාර්යයක් නොවන්නේ,~~Scratch මෘදුකාංගය ධාවනය කිරීම.~0
~~~~~~~~~~~~~~~~Motion උපදෙස් කාණ්ඩය තෝරා ගැනීම.~1
~~~~~~~~~~~~~~~~Make a variable තේරීම.~0
~~~~~~~~~~~~~~~~විචල්‍ය සඳහා නමක් ටයිප් කිරීම.~0
~~~~~~~~~~~90~~~Scratch හි විචල්‍ය සෑදීමේ දී යොදාගනු ලබන උපදෙස් කාණ්ඩ වර්ගය වනුයේ,~~Motion~0
~~~~~~~~~~~~~~~~Sounds~0
~~~~~~~~~~~~~~~~Data~1
~~~~~~~~~~~~~~~~Looks~0
19~2017~7~ict-07-t2-l05-ep08~8~2~5~ක්‍රමලේඛ සංවර්ධනය~විචල්‍ය සඳහා උදාහරණ~Scratch ක්‍රමලේඛන මෘදුකාංගය භාවිතයෙන් සංඛ්‍යා දෙකක ගුණිතය හා ඍජුකෝණාස්‍රයක පරිමිතිය හා වර්ගඵලය විචල්‍යන් යොදා විසඳන ආකාරය අධ්‍යනය කිරීම.~1:00:00~91~~~සංඛ්‍යා දෙකක් ගුණකර අගය ලබා ගැනීම සඳහා විචල්‍යයන් කොපමණ ප්‍රමාණයක් අවශ්‍යවේ ද?~~දෙකකි~0
~~~~~~~~~~~~~~~~තුනකි~1
~~~~~~~~~~~~~~~~හතරකි~0
~~~~~~~~~~~~~~~~පහකි~0
~~~~~~~~~~~92~~~ඍජුකොණාස්‍රයක වර්ගඵලය සෙවීමේ දී විචල්‍යයන් කොපමණ ප්‍රමාණයක් අවශ්‍යවේ ද?~~එකකි~0
~~~~~~~~~~~~~~~~දෙකකි~0
~~~~~~~~~~~~~~~~තුනකි~1
~~~~~~~~~~~~~~~~හතරකි~0
~~~~~~~~~~~93~~~ඍජුකොණාස්‍රයක පරිමිතිය සෙවීමේ දී විචල්‍යයන් කොපමණ ප්‍රමාණයක් අවශ්‍යවේ ද?~~දෙකකි~0
~~~~~~~~~~~~~~~~හතරකි~0
~~~~~~~~~~~~~~~~එකකි~0
~~~~~~~~~~~~~~~~තුනකි~1
~~~~~~~~~~~94~~~සංඛ්‍යා දෙකක් එකතු කර අගය ලබා ගැනීම සඳහා විචල්‍යයන් කොපමණ ප්‍රමාණයක් අවශ්‍යවේ ද?~~දෙකකි~0
~~~~~~~~~~~~~~~~තුනකි~1
~~~~~~~~~~~~~~~~හතරකි~0
~~~~~~~~~~~~~~~~පහකි~0
~~~~~~~~~~~95~~~Scratch මඟින් ඍජුකොණාස්‍රයක පරිමිතිය සෙවීමේ දී දිග හා පළල එකතු කර අගය ලබා ගැනීම සඳහා දෙනු ලබන උපදෙස් කාණ්ඩ වර්ගය වනුයේ,~~Motion~0
~~~~~~~~~~~~~~~~Sounds~0
~~~~~~~~~~~~~~~~Operators~1
~~~~~~~~~~~~~~~~Controls~0
20~2017~7~ict-07-t2-l05-ep09~9~2~5~ක්‍රමලේඛ සංවර්ධනය~ක්‍රමලේඛ දෝෂ හා ඒවා ඉවත් කිරීම.~ක්‍රමලේඛ දෝෂ යනු මොනවා ද? දෝෂ ඇති විය හැකි ආකාර හා දෝෂ ඉවත් කිරීම සඳහා සිදු කලයුතු ක්‍රියා පිළිබඳව අධ්‍යනය කිරීම.~1:00:00~96~~~ක්‍රමලේඛ සංවර්ධනයේ දී ඇති වන දෝෂයන් හඳුන්වනුයේ,~~Variables~0
~~~~~~~~~~~~~~~~Data~0
~~~~~~~~~~~~~~~~Bugs~1
~~~~~~~~~~~~~~~~Debugs~0
~~~~~~~~~~~97~~~ක්‍රමලේඛ දෝෂ ඉවත් කිරීම හඳුන්වනුයේ,~~Debugs~1
~~~~~~~~~~~~~~~~Data~0
~~~~~~~~~~~~~~~~Variables~0
~~~~~~~~~~~~~~~~Bugs~0
~~~~~~~~~~~98~~~ක්‍රමලේඛ දෝෂ ඇතිවීමට බලපාන හේතුවක් නොවන්නේ,~~ලබාදෙන උපදෙස් කාණ්ඩවල අනුපිළිවෙල වෙනස් වීම.~0
~~~~~~~~~~~~~~~~උපදෙස් කාණ්ඩ නිවැරදිව, පිළිවෙලට ලබා දීම.~1
~~~~~~~~~~~~~~~~උපදෙස් කාණ්ඩ ලබාදීම මගහැරී යාම.~0
~~~~~~~~~~~~~~~~උපදෙස් කාණ්ඩවල විචල්‍යන් හා අගයන් නිවැරදිව දක්වා නොමැති වීම.~0
~~~~~~~~~~~99~~~ක්‍රමලේඛ දෝෂ ඉවත් කිරීමෙන්,~~ක්‍රමලේඛ නිවැරදිව ක්‍රියාත්මක නොවේ.~0
~~~~~~~~~~~~~~~~ක්‍රමලේඛ ගොඩනැගීම අපහසු වේ.~0
~~~~~~~~~~~~~~~~ක්‍රමලේඛ ක්‍රියාත්මක කිරීමට වැඩි කාලයක් ගත වේ.~0
~~~~~~~~~~~~~~~~ක්‍රමලේඛ නිවැරදිව ක්‍රියාත්මක වේ.~1
~~~~~~~~~~~100~~~ක්‍රමලේඛ දෝෂ ඇති විට,~~ක්‍රමලේඛ නිවැරදිව ක්‍රියාත්මක නොවේ.~1
~~~~~~~~~~~~~~~~ක්‍රමලේඛ ගොඩනැගීම පහසු වේ.~0
~~~~~~~~~~~~~~~~ක්‍රමලේඛ ක්‍රියාත්මක කිරීමට වැඩි කාලයක් ගත නොවේ.~0
~~~~~~~~~~~~~~~~ක්‍රමලේඛ නිවැරදිව ක්‍රියාත්මක වේ.~0
21~2017~7~ict-07-t3-l06-ep01~1~3~6~සමර්පණ මෘදුකාංග~සමර්පණයක් හඳුනාගැනීම හා මෘදුකාංග නිර්මාණයේ දී සැලකිලිමත් විය යුතු දේ.~විද්‍යුත් සමර්පණයක් යනු කුමක් ද? සමර්පණ මෘදුකාංග සඳහා උදාහරණ හා සමර්පණ මෘදුකාංග භාවිතයෙන් ඉගැන්වීමෙන් ඇති වාසි පිළිබඳව අධ්‍යනය කිරීම.~1:00:00~101~~~සමර්පනය හෙවත් ඉදිරිපත් කිරීම (Presentation) යනු,~~තොරතුරු හා අදහස් සංනිවේදනය කිරීම සඳහා යොදා ගන්නා ක්‍රමවේදයකි.~1
~~~~~~~~~~~~~~~~සුරක්ෂිතව හා පරෙස්සම් සහිතව අන්තර්ජාලය භාවිතා කිරීම.~0
~~~~~~~~~~~~~~~~අන්තර්ජාලයට පිවිසීම සඳහා භාවිතා කරන සේවාවකි.~0
~~~~~~~~~~~~~~~~ප්‍රතිවෛරස මෘදුකාංගයකි.~0
~~~~~~~~~~~102~~~විද්‍යුත් සමර්පනයක් සමාන කරන්නේ,~~පරිගණකයකට ය.~0
~~~~~~~~~~~~~~~~පොතකට ය.~1
~~~~~~~~~~~~~~~~යතුරු පුවරුවකට ය.~0
~~~~~~~~~~~~~~~~පුටුවකට ය.~0
~~~~~~~~~~~103~~~පොතක නැති විද්‍යුත් සමර්පනයක ඇති වාසියක් වන්නේ,~~වචන, පින්තූර ආදිය අන්තර්ගත වීම.~0
~~~~~~~~~~~~~~~~කදාවෙන් කදාවට මාරු වීමට හැකි වීම.~0
~~~~~~~~~~~~~~~~වීඩියෝ දර්ශන, ගීත සබැඳි ඇතුලත් වීම.~1
~~~~~~~~~~~~~~~~විශාල පිරිසකට ඉදිරිපත් කල හැකි වීම.~0
~~~~~~~~~~~104~~~සමර්පන මෘදුකාංගයක් සඳහා උදාහරණයක් නොවන්නේ,~~MS Power Point~0
~~~~~~~~~~~~~~~~Open Office Impress~0
~~~~~~~~~~~~~~~~Photoshop~1
~~~~~~~~~~~~~~~~Apple Keynotes~0
~~~~~~~~~~~105~~~විද්‍යුත් සමර්පනයක් භාවිතයෙන් ඉගැන්වීමේ ඇති වාසියකි,~~වචන විශාල ප්‍රමාණයක් යොදාගත යුතු ය.~0
~~~~~~~~~~~~~~~~අවධානය වෙනස්වීමේ ඉඩකඩ වැඩි ය.~0
~~~~~~~~~~~~~~~~කරුණ පැහැදිලි කිරීමට දැඩි ආයාසයක් දැරීමට සිදු වේ.~0
~~~~~~~~~~~~~~~~වචන විශාල ප්‍රමාණයක් යොදාගත යුතු නොවේ.~1
22~2017~7~ict-07-t3-l06-ep02~2~3~6~සමර්පණ මෘදුකාංග~සමර්පණ නිර්මාණය. ගබඩා කිරීම, නව කදා එකතු කිරීම හා පිංතූර, බහු මාධ්‍ය එකතු කිරීම.~විද්‍යුත් සමර්පණ මෘදුකාංගය මගින් සමර්පණයක් නිර්මාණය කිරීමේ මූලික පියවරයන් පිළිබඳව අධ්‍යනය කිරීම.~1:00:00~106~~~සමර්පන මෘදුකාංගයේ ඇති කදා වර්ගයක් නොවන්නේ,~~මාතෘකා කදාව~0
~~~~~~~~~~~~~~~~මාතෘකාව සහ අන්තර්ගතය කදාව~0
~~~~~~~~~~~~~~~~පින්තූර කදාව~0
~~~~~~~~~~~~~~~~පිරිසැලසුම් කදාව~1
~~~~~~~~~~~107~~~කදාවක් නිර්මාණයේ දී අවබෝධය තිබිය යුතු නොවන්නේ,~~කදාවට වචන ඇතුළත් කිරීම පිළිබඳව ය.~0
~~~~~~~~~~~~~~~~කදාවට පින්තූර ඇතුළත් කිරීම පිළිබඳව ය.~0
~~~~~~~~~~~~~~~~කදාව මුද්‍රණය කිරීම පිළිබඳව ය.~1
~~~~~~~~~~~~~~~~කදාවට බහු මාධ්‍ය ඇතුළත් කිරීම පිළිබඳව ය.~0
~~~~~~~~~~~108~~~සමර්පනයක් විවෘත කල හැකි ක්‍රමයක් නොවන්නේ,~~සමර්පන මෘදුකාංගය භාවිතයෙන් සමර්පනයේ නම තේරීම.~0
~~~~~~~~~~~~~~~~කදාවක් මත සමර්පනයේ නම ඇතුළත් කිරීම.~1
~~~~~~~~~~~~~~~~සමර්පන ගොනුව මත දෙවරක් ක්ලික් කිරීම.~0
~~~~~~~~~~~~~~~~File explore හි ඇති තේරීම් තීරුව (search bar) මත සමර්පනයේ නම තේරීම.~0
~~~~~~~~~~~109~~~කදාවකට පින්තූර ඇතුළත් කල හැකි ක්‍රමයක් නොවන්නේ,~~කදා පිරිසැලසුමක (slide design) ඇති පින්තූරයක් කපා (cut) කදාව මත ඇලවීම (paste).~1
~~~~~~~~~~~~~~~~පරිගණකයේ තැන්පත් කර ඇති පින්තූරයක් පිටපත් (copy) කරගෙන කදාව මත ඇලවීම (paste).~0
~~~~~~~~~~~~~~~~සමර්පන මෘදුකාංගය මඟින් ලබාදෙන clip art භාවිතයෙන් පින්තූර ඇතුළත් කිරීම.~0
~~~~~~~~~~~~~~~~සමර්පනයේ Insert මෙවලමේ ඇති Online Pictures මඟින් අන්තර්ජාලයේ ඇති පින්තූරයක් ඇතුළත් කිරීම.~0
~~~~~~~~~~~110~~~මෙවලම් තීරුවේ ඇති B මෙවලම මඟින් සිදු කරනු ලබන්නේ,~~අකුරු වල වර්ණය වෙනස් කරීම.~0
~~~~~~~~~~~~~~~~අකුරු වල ප්‍රමාණය වෙනස් කිරීම.~0
~~~~~~~~~~~~~~~~යටින් ඉරි ඇඳීම.~0
~~~~~~~~~~~~~~~~අකුරු තදපැහැ ගැන්වීම.~1
23~2017~7~ict-07-t3-l06-ep03~3~3~6~සමර්පණ මෘදුකාංග~කදාවකට වගු ඇතුළත් කිරීම, කදා සංක්‍රමණය හා අනෙකුත් ක්‍රියාවලි~කදාවකට වගු ඇතුලත් කිරීම, කදා පිරිසැලසුම් භාවිතය, කදා සංක්‍රමණ භාවිතය, කදා මැකීමේ ක්‍රම, කදා පිටපත් කිරීම, කදා විතැන් කිරීම හා කදා සැඟවීම පිළිබඳව අධ්‍යනය කිරීම.~1:00:00~111~~~කදාවල පසුබිම වර්ණවත් සහ සිත් ඇදගන්නා සුළු ලෙස නිර්මාණය කර ගැනීමට සමර්පණ මඟින් සලසා දී ඇති මෙවලම වන්නේ,~~Slide Design~1
~~~~~~~~~~~~~~~~Slide Animation~0
~~~~~~~~~~~~~~~~Slide Transition~0
~~~~~~~~~~~~~~~~Table~0
~~~~~~~~~~~112~~~කදා මාරුවීම සිත් ඇදගන්නා සුළු ලෙස සිදු කිරීමට ඇති මෙවලම වන්නේ,~~Animation~0
~~~~~~~~~~~~~~~~Design~0
~~~~~~~~~~~~~~~~Transition~1
~~~~~~~~~~~~~~~~Insert~0
~~~~~~~~~~~113~~~කදා මැකීම සඳහා භාවිතා කරන ක්‍රමයක් නොවන්නේ,~~යතුරු පුවරුවේ Delete යතුර භාවිතා කිරීම.~0
~~~~~~~~~~~~~~~~යතුරු පුවරුවේ Shift යතුර භාවිතා කිරීම.~1
~~~~~~~~~~~~~~~~යතුරු පුවරුවේ Backspace යතුර භාවිතා කිරීම.~0
~~~~~~~~~~~~~~~~කදා කීපයක් තෝරා එකවර මැකීම.~0
~~~~~~~~~~~114~~~කදා සංක්‍රමණය (Slide Transition) මඟින් සිදු කරගත නොහැකි ක්‍රියාවක් වන්නේ,~~කදා සංක්‍රමණ වේගය පාලනය කිරීම.~0
~~~~~~~~~~~~~~~~කදා සංක්‍රමණ විධිය තේරීම.~0
~~~~~~~~~~~~~~~~කදා සංක්‍රමණයේ දී තෝරාගත් ශබ්දයක් නිකුත් කිරීම.~0
~~~~~~~~~~~~~~~~කදාවේ ප්‍රමාණය වෙනස් කිරීම.~1
~~~~~~~~~~~115~~~මෙවලම් තීරුවේ ඇති U මෙවලම මඟින් සිදු කරනු ලබන්නේ,~~අකුරු වල වර්ණය වෙනස් කරීම.~0
~~~~~~~~~~~~~~~~අකුරු වල ප්‍රමාණය වෙනස් කිරීම.~0
~~~~~~~~~~~~~~~~යටින් ඉරි ඇඳීම.~1
~~~~~~~~~~~~~~~~අකුරු තදපැහැ ගැන්වීම.~0
24~2017~7~ict-07-t3-l07-ep04~4~3~7~තොරතුරු හා සන්නිවේදනය සඳහා අන්තර්ජාලය භාවිතය~අන්තර් ජාලය හඳුනා ගැනීම. විශ්ව විසිරි වියමන, ඒකාකාර සම්පත් නිශ්චායකය හා වෙබ් අඩවි~අන්තර්ජාලයෙන් ලබා ගත හැකි සේවා, ලෝක විසිරි වියමන, ඒකාකාර සම්පත් නිශ්චායකය, මෙන්ම විඩියෝ සම්මන්ත්‍රණ සඳහා භාවිතා කරන මෘදුකාංග පිළිබඳව අධ්‍යනය කිරීම.~1:00:00~116~~~වීඩියෝ සම්මන්ත්‍රණයක් පැවැත්වීම සඳහා අවශ්‍ය උපකරණයක් නොවන්නේ,~~පරිගණකයක්~0
~~~~~~~~~~~~~~~~පොතක්~1
~~~~~~~~~~~~~~~~වෙබ් කැමරාවක්~0
~~~~~~~~~~~~~~~~අන්තර්ජාල සම්බන්ධතාවයක්~0
~~~~~~~~~~~117~~~පරිගණකජාල විශාල ප්‍රමාණයක් එකතු වී සෑදුන ජාලය වන්නේ,~~අන්තර්ජාලය~1
~~~~~~~~~~~~~~~~ආරක්ෂක ජාලය~0
~~~~~~~~~~~~~~~~සන්නිවේදන ජාලය~0
~~~~~~~~~~~~~~~~පරිගණක ජාලය~0
~~~~~~~~~~~118~~~අන්තර්ජාලයෙන් ලබාගත හැකි සේවාවක් නොවන්නේ,~~අධ්‍යාපනික දැනුම ලබා ගැනීම.~0
~~~~~~~~~~~~~~~~විද්‍යුත් තැපැල් යැවීම.~0
~~~~~~~~~~~~~~~~මුද්‍රණ කටයුතු සිදු කර ගැනීම.~1
~~~~~~~~~~~~~~~~සිතියම් නිරීක්ෂණය.~0
~~~~~~~~~~~119~~~WWW යන්නෙහි දීර්ඝ යෙදුම වන්නේ,~~World Web West~0
~~~~~~~~~~~~~~~~World Wide Web~1
~~~~~~~~~~~~~~~~Web World Web~0
~~~~~~~~~~~~~~~~World Web Wide~0
~~~~~~~~~~~120~~~URL යන්නෙහි දීර්ඝ යෙදුම වන්නේ,~~Uniform Research Location~0
~~~~~~~~~~~~~~~~United Resource Locator~0
~~~~~~~~~~~~~~~~Uniform Resource Location~0
~~~~~~~~~~~~~~~~Uniform Resource Locator~1
25~2017~7~ict-07-t3-l07-ep05~5~3~7~තොරතුරු හා සන්නිවේදනය සඳහා අන්තර්ජාලය භාවිතය~විද්‍යුත් තැපෑල හා මාර්ගගත සන්නිවේදනය.~විද්‍යුත් තැපෑල යනු කුමක් ද? ,විද්‍යුත් තැපැල් ගිණුම් සේවා සඳහා උදාහරණ හා විද්‍යුත් තැපෑලෙහි ගුණාංග යනාදිය පිළිබඳව අධ්‍යනය කිරීම.~1:00:00~121~~~විද්‍යුත් තැපැල් ගිණුම් සේවා සඳහා උදාහරණයක් නොවන්නේ,~~Yahoo~0
~~~~~~~~~~~~~~~~Opera~1
~~~~~~~~~~~~~~~~Gmail~0
~~~~~~~~~~~~~~~~Hotmail~0
~~~~~~~~~~~122~~~ලිපිය ලබන්නාගේ විද්‍යුත් ලිපිනය සඳහන් කරනුයේ,~~Cc~0
~~~~~~~~~~~~~~~~Bcc~0
~~~~~~~~~~~~~~~~Inbox~0
~~~~~~~~~~~~~~~~To~1
~~~~~~~~~~~123~~~තමන් විසින් යවන ලද විද්‍යුත් ලිපි ඇතුලත් වනුයේ,~~Subject~0
~~~~~~~~~~~~~~~~To~0
~~~~~~~~~~~~~~~~Sent~1
~~~~~~~~~~~~~~~~Attached~0
~~~~~~~~~~~124~~~මකා දමන ලද විද්‍යුත් ලිපි තාවකාලිකව තැම්පත් වනුයේ,~~Trash~1
~~~~~~~~~~~~~~~~Junk/Spam~0
~~~~~~~~~~~~~~~~Inbox~0
~~~~~~~~~~~~~~~~Compose~0
~~~~~~~~~~~125~~~විද්‍යුත් තැපැල් ලිපිනයක දැකිය නොහැක්කේ,~~පරිශීලක නාමය~0
~~~~~~~~~~~~~~~~@ සළකුණ~0
~~~~~~~~~~~~~~~~වසම් නාමය~0
~~~~~~~~~~~~~~~~පරිගණකයේ වර්ගය~1
26~2017~7~ict-07-t3-l07-ep06~6~3~7~තොරතුරු හා සන්නිවේදනය සඳහා අන්තර්ජාලය භාවිතය~HTML වෙබ් පිටු නිර්මාණ භාවිතයෙන් වෙබ් පිටු හැඳින්වීම හා HTML හැඳින්වීම.~HTML භාවිතයෙන් වෙබ් පිටු නිර්මාණය කිරීම පිළිබඳවත් ඒ සඳහා යොදා ගන්නා HTML මූලික කේත පිළිබඳවත් අධ්‍යනය කිරීම.~1:00:00~126~~~HTML යන්නෙහි දීර්ඝ යෙදුම වන්නේ,~~Hyper Text Manage Language~0
~~~~~~~~~~~~~~~~Hyper Text Markup Language~1
~~~~~~~~~~~~~~~~Hyper Text Massage Language~0
~~~~~~~~~~~~~~~~Hybrid Text Markup Language~0
~~~~~~~~~~~127~~~වෙබ් පිටුවක මාතෘකාව නිර්මාණය කිරීම සඳහා භාවිතා කරන html කේතය වනුයේ,~~<html>~0
~~~~~~~~~~~~~~~~<body>~0
~~~~~~~~~~~~~~~~<title>~1
~~~~~~~~~~~~~~~~<center>~0
~~~~~~~~~~~128~~~<h6> tag එක භාවිතා කරනුයේ,~~වෙබ් පිටුවට විශාලම අකුරු ලබා ගැනීම සඳහා~0
~~~~~~~~~~~~~~~~වෙබ් පිටුවට කුඩාම අකුරු ලබා ගැනීම සඳහා~1
~~~~~~~~~~~~~~~~අකුරු වෙබ් පිටුවේ මධ්‍යයට ගෙන ඒම සඳහා~0
~~~~~~~~~~~~~~~~ඡේදයක් ඇතුළත් කිරීම සඳහා~0
~~~~~~~~~~~129~~~වෙබ් පිටුවට පින්තූරයක් යෙදීම සඳහා භාවිතා කරන html කේතය වනුයේ,~~<body>~0
~~~~~~~~~~~~~~~~<background>~0
~~~~~~~~~~~~~~~~<img src>~1
~~~~~~~~~~~~~~~~<p>~0
~~~~~~~~~~~130~~~<a href> tag එක භාවිතා කරනුයේ,~~වෙබ් පිටුවට වෙනත් ගොනුවක් ඈඳා ගැනීම සඳහා~1
~~~~~~~~~~~~~~~~අකුරු වල හැඩය වෙනස් කිරීම සඳහා~0
~~~~~~~~~~~~~~~~වෙබ් පිටුවේ පසු බිමට පින්තූරයක් යෙදීම සඳහා~0
~~~~~~~~~~~~~~~~යටින් ඉරක් ඇඳීම සඳහා~0
27~2017~7~ict-07-t3-l07-ep07~7~3~7~තොරතුරු හා සන්නිවේදනය සඳහා අන්තර්ජාලය භාවිතය~මාතෘකා උසුලන, සරල වෙබ් පිටු නිර්මාණය පියවරෙන් පියවර.~HTML කේත ඇතුලත් කිරීම සඳහා යොදා ගන්නා පාඨ සංස්කරණ මෘදුකාංග සඳහා උදාහරණ, වෙබ් පිටු නිර්මාණයේ දී දැනගත යුතු මූලික tag පිළිබඳව අධ්‍යනය කිරීම.~1:00:00~131~~~පාඨ සංස්කරණ සඳහා උදාහරණයක් නොවන්නේ,~~Adobe Dreamweaver~0
~~~~~~~~~~~~~~~~Notepad~0
~~~~~~~~~~~~~~~~Notepad++~0
~~~~~~~~~~~~~~~~MS word~1
~~~~~~~~~~~132~~~Html tag භාවිතයේ දී පිළිපැදිය යුතු කරුණක් නොවන්නේ,~~සෑම කේතයක්ම “<” හා “>” අතර ලිවිය යුතුය.~0
~~~~~~~~~~~~~~~~අවසාන කිරීමේ කේතයක් පෙන්නුම් කිරීම සඳහා “/” සලකුණ භාවිතා කල යුතුය.~0
~~~~~~~~~~~~~~~~වෙබ් පිටුවට මාතෘකාවක් යෙදීම සඳහා <p> tag භාවිතා කල යුතුය.~1
~~~~~~~~~~~~~~~~වෙබ් පිටුවේ දර්ශනය වන කොටස <body> හා </body> අතර ලිවිය යුතුය.~0
~~~~~~~~~~~133~~~<h1> tag එක භාවිතා කරනුයේ,~~ඡේදයක් ඇතුළත් කිරීම සඳහා~0
~~~~~~~~~~~~~~~~වෙබ් පිටුවට විශාලම අකුරු ලබා ගැනීම සඳහා~1
~~~~~~~~~~~~~~~~වෙබ් පිටුවට කුඩාම අකුරු ලබා ගැනීම සඳහා~0
~~~~~~~~~~~~~~~~අකුරු වෙබ් පිටුවේ මධ්‍යයට ගෙන ඒම සඳහා~0
~~~~~~~~~~~134~~~අකුරු වල ඝනකම වැඩි කිරීම සඳහා භාවිතා කරන html කේතය වනුයේ,~~<u>~0
~~~~~~~~~~~~~~~~<i>~0
~~~~~~~~~~~~~~~~<b>~1
~~~~~~~~~~~~~~~~<br>~0
~~~~~~~~~~~135~~~වෙබ් පිටුවේ පසු බිමට වර්ණයක් යෙදීම සඳහා භාවිතා කරන html කේතය වනුයේ,~~<img src>~0
~~~~~~~~~~~~~~~~<background>~0
~~~~~~~~~~~~~~~~<font style>~0
~~~~~~~~~~~~~~~~<bgcolor>~1
28~2017~7~ict-07-t3-l07-ep08~8~3~7~තොරතුරු හා සන්නිවේදනය සඳහා අන්තර්ජාලය භාවිතය~සරල වෙබ් පිටු නිර්මාණය - 2 කොටස~තවදුරටත් වෙබ් පිටු නිර්මාණයේ දී දැනගත යුතු මූලික tag පිළිබඳව අධ්‍යනය කිරීම.~1:00:00~136~~~වෙබ් පිටුවකට අංකිත ලැයිස්තුවක් ඇතුළත් කිරීම සඳහා භාවිතා කරන html කේතය වනුයේ,~~<ul>~0
~~~~~~~~~~~~~~~~<ol>~1
~~~~~~~~~~~~~~~~<br>~0
~~~~~~~~~~~~~~~~<li>~0
~~~~~~~~~~~137~~~වෙබ් පිටුවකට අංකිත නොවන ලැයිස්තුවක් ඇතුළත් කිරීම සඳහා භාවිතා කරන html කේතය වනුයේ,~~<li>~0
~~~~~~~~~~~~~~~~<ol>~0
~~~~~~~~~~~~~~~~<ul>~1
~~~~~~~~~~~~~~~~<title>~0
~~~~~~~~~~~138~~~බාහිරින් ඇති වෙනත් වෙබ් ගොනුවක් සම්බන්ධ කිරීම සඳහා භාවිතා කරන html කේතය වනුයේ,~~<img src>~0
~~~~~~~~~~~~~~~~<body>~0
~~~~~~~~~~~~~~~~<a href>~1
~~~~~~~~~~~~~~~~<head>~0
~~~~~~~~~~~139~~~<img src= “ ” width= “ ” height= “ ”> යන කේතය යොදාගනු ලබන්නේ,~~වෙබ් පිටුවකට අංකිත නොවන ලැයිස්තුවක් ඇතුළත් කිරීම සඳහා~0
~~~~~~~~~~~~~~~~බාහිරින් ඇති වෙනත් වෙබ් ගොනුවක් සම්බන්ධ කිරීම සඳහා~0
~~~~~~~~~~~~~~~~වෙබ් පිටුවේ පසු බිමට වර්ණයක් යෙදීම සඳහා~0
~~~~~~~~~~~~~~~~පින්තූරයෙහි දිග හා පළල වෙනස් කිරීම සඳහා~1
~~~~~~~~~~~140~~~අනෙක් පේළියට ගමන් කිරීම සඳහා භාවිතා කරන html කේතය වනුයේ,~~<br>~1
~~~~~~~~~~~~~~~~<head>~0
~~~~~~~~~~~~~~~~</html>~0
~~~~~~~~~~~~~~~~</body>~0
29~2017~7~ict-07-t3-l07-ep09~9~3~7~තොරතුරු හා සන්නිවේදනය සඳහා අන්තර්ජාලය භාවිතය~සුරක්ෂිතව හා සදාචාරාත්මකව අන්තර්ජාලය භාවිතය.~අනවසර පිවිසුම් වලින් ආරක්ෂා වීම සඳහා , වෛරස ප්‍රහාර මඟින් ආරක්ෂා වීම සඳහා, සයිබර් හිරිහැර සිදුවිය හැකි ආකාර හා එයින් ආරක්ෂා වීම සඳහා ගතහැකි ක්‍රියා මාර්ගයන් පිළිබඳ කරුණු ආවරණය කිරීම.~1:00:00~141~~~පරිගණකයක හෝ පරිගණක ජාලයක ඇති දත්ත සහ තොරතුරු වෙත නිසි අවසරයකින් තොරව ප්‍රෙව්ශ වීම,~~පරිගණක වෛරස (Computer Virus) වේ.~0
~~~~~~~~~~~~~~~~අනවසර පිවිසුම් (Hacking) වේ.~1
~~~~~~~~~~~~~~~~සයිබර් හිරිහැර කිරීම (Cyberbullying) වේ.~0
~~~~~~~~~~~~~~~~මාර්ගගත සන්නිවේදනය වේ.~0
~~~~~~~~~~~142~~~පුද්ගලයකුගේ අනන්‍යතාව දැක්වෙන දත්ත සඳහා උදාහරණයක් නොවන්නේ,~~පැළඳ සිටින ඇඳුම~1
~~~~~~~~~~~~~~~~නම~0
~~~~~~~~~~~~~~~~උපන් දිනය~0
~~~~~~~~~~~~~~~~දුරකථන අංකය~0
~~~~~~~~~~~143~~~ප්‍රතිවෛරස මෘදුකාංගයක් නොවන්නේ,~~AVIRA~0
~~~~~~~~~~~~~~~~AVAST~0
~~~~~~~~~~~~~~~~MS Word~1
~~~~~~~~~~~~~~~~McAfee~0
~~~~~~~~~~~144~~~අනිශ්ට මෘදුකාංග වලින් පරිගණකයට සිදුවන හානියක් නොවන්නේ,~~පරිගණකයේ වේගය අඩු වීම.~0
~~~~~~~~~~~~~~~~දත්ත හා තොරතුරු මකා දැමීම.~0
~~~~~~~~~~~~~~~~මෘදුකාංග ක්‍රියා විරහිත කිරීම.~0
~~~~~~~~~~~~~~~~පරිගණකයේ වේගය වැඩි වීම.~1
~~~~~~~~~~~145~~~සයිබර් හිරිහැර කිරීම සිදුවිය හැකි ආකාරයක් නොවන්නේ,~~පොත් සහ පත්තර මඟින්~1
~~~~~~~~~~~~~~~~සමාජජාලා වෙබ් අඩවි මඟින්~0
~~~~~~~~~~~~~~~~E-mail මඟින්~0
~~~~~~~~~~~~~~~~SMS මඟින්~0
